TEAM,Y!,ESPN,CBS,FIRST_NAME,LAST_NAME,GP,MPG,FGM,FGA,FG%,3:00 PM,3PA,3P%,FTM,FTA,FT%,PPG,OREB,DREB,TREB,AST,TO,AST/TO,STL,BLK,PF,DD,TD,TOTMIN,TOTFGM,TOTFGA,FG%,TOT3PM,TOT3PA,3P%,TOTFTM,TOTFTA,FT%,TOTPTS,TOTOR,TOTDR,TOTREB,TOTAST,TOTTO,TOTSTL,TOTBLK,TOTPF,Comments,Name
OKC,SF,SF,SF,Kevin,Durant,76,38.5,9.6,19.6,49.00%,2.16,5.6,0.385,6.65,7.6,87.50%,28,0.5,7.2,7.7,3.5,3.6,0.97,1.3,1.1,2,22,1,2926,729.9,1489.6,49.00%,163.86,425.6,0.385,505.4,577.6,87.50%,2129.06,38,547.2,585.2,266,273.6,98.8,83.6,152,,Kevin Durant
MIA,SF/PF,SF,SF,LeBron,James,75,36,9.79,18.8,53.50%,1,2.4,0.375,6.24,8.1,77.00%,26.8,1.5,6.5,8,6.5,3.2,2.03,1.8,0.8,1.6,30,2,2700,734.25,1410,53.50%,75,180,0.375,467.78,607.5,77.00%,2011.28,112.5,487.5,600,487.5,240,135,60,120,,LeBron James
MIN,PF/C,PF/C,PF,Kevin,Love,67,38,8.51,19,44.80%,1.97,5.2,0.378,6.64,8.1,82.00%,25.6,4,9,13,2.2,2.2,1,0.8,0.4,2.7,62,0,2546,570.3,1273,45.00%,131.7,348.4,0.38,445.01,542.7,82.00%,1717.32,268,603,871,147.4,147.4,53.6,26.8,180.9,,Kevin Love
NYK,SF/PF,SF,SF,Carmelo,Anthony,75,36,8.95,19.8,45.20%,1.34,4,0.335,5.74,7,82.00%,25,1.8,4.8,6.6,3.4,2.8,1.21,1.2,0.4,2.8,12,1,2700,671.22,1485,45.20%,100.5,300,0.335,430.5,525,82.00%,1873.44,135,360,495,255,210,90,30,210,,Carmelo Anthony
LAL,SG,SG,SG,Kobe,Bryant,74,36,8.92,19.4,46.00%,1.5,4.4,0.34,5.46,6.5,84.00%,24.8,1.1,4.1,5.2,4,2.8,1.43,1.25,0.15,2,3,0,2664,660.38,1435.6,46.00%,110.7,325.6,0.34,404.04,481,84.00%,1835.5,81.4,303.4,384.8,296,207.2,92.5,11.1,148,ROTO/ B-CARE,Kobe Bryant
OKC,PG,PG,PG,Russell,Westbrook,78,35.5,8.97,19.3,46.50%,1.14,3.3,0.345,5.34,6.4,83.50%,24.4,1.5,3.1,4.6,5.6,3.3,1.7,1.7,0.3,2.2,10,1,2769,700.01,1505.4,46.50%,88.803,257.4,0.345,416.83,499.2,83.50%,1905.66,117,241.8,358.8,436.8,257.4,132.6,23.4,171.6,,Russell Westbrook
LAC,PF/C,PF,PF,Blake,Griffin,74,36,8.77,15.8,55.50%,0,0.2,0.3,4.24,7,60.50%,21.8,3.2,7.8,11,3.4,2.2,1.55,0.95,0.85,3.3,50,0,2664,648.91,1169.2,55.00%,0,14.8,0.3,313.39,518,60.00%,1611.2,236.8,577.2,814,251.6,162.8,70.3,62.9,244.2,H2H,Blake Griffin
CHI,PG,PG,PG,Derrick,Rose,32,34,7.57,17.2,44.00%,1.43,4.2,0.34,5.04,6,84.00%,21.6,0.7,2.7,3.4,7.4,2.9,2.55,0.9,0.5,1.3,5,0,1088,242.18,550.4,44.00%,45.696,134.4,0.34,161.28,192,84.00%,691.33,22.4,86.4,108.8,236.8,92.8,28.8,16,41.6,AVOID,Derrick Rose
NOR,SG,SG,SG,Eric,Gordon,68,36,7.13,16.2,44.00%,2.02,5.6,0.36,5.15,6.6,78.00%,21.4,0.5,2.5,3,4.4,2.8,1.57,1.3,0.3,2.3,5,0,2448,484.7,1101.6,44.00%,137.09,380.8,0.36,350.06,448.8,78.00%,1456.56,34,170,204,299.2,190.4,88.4,20.4,156.4,BBB,Eric Gordon
MIA,PG/SG,SG,SG,Dwyane,Wade,73,32,8.1,16.2,50.00%,0.28,1,0.285,4.7,6.1,77.00%,21.2,1.4,3.4,4.8,4.4,2.6,1.69,1.65,1.25,2.2,6,0,2336,591.3,1182.6,50.00%,20.805,73,0.285,342.88,445.3,77.00%,1546.29,102.2,248.2,350.4,321.2,189.8,120.45,91.25,160.6,B-CARE,Dwyane Wade
POR,PF/C,PF/C,PF,LaMarcus,Aldridge,76,36,8.53,16.8,50.80%,0.1,0.4,0.24,4,5,80.00%,21.2,2.7,5.9,8.6,2.6,1.8,1.44,0.9,0.9,2.8,22,0,2736,648.61,1276.8,51.50%,7.296,30.4,0.24,304,380,80.00%,1608.52,205.2,448.4,653.6,197.6,136.8,68.4,68.4,212.8,ROTO,LaMarcus Aldridge
DAL,PF,PF,PF,Dirk,Nowitzki,66,33,7.192,15.5,46.40%,1.4,3.6,0.388,4.795,5.4,88.80%,20.6,0.8,6.2,7,2.3,1.7,1.353,0.5,0.65,2.2,10,0,2178,474.67,1023,46.80%,92.189,237.6,0.388,316.48,356.4,89.80%,1358.02,52.8,409.2,462,151.8,112.2,33,42.9,145.2,ROTO,Dirk Nowitzki
LAL,C,C,C,Dwight,Howard,76,36,7.5,12.3,61.00%,0,0,0,5.22,9.5,55.00%,20.2,3.6,9.4,13,1.8,2.8,0.64,1.25,2.35,3.3,65,0,2736,570.23,934.8,60.00%,0,0,0,397.1,722,55.00%,1537.56,273.6,714.4,988,136.8,212.8,95,178.6,250.8,H2H,Dwight Howard
LAC,PG,PG,PG,Chris,Paul,75,36,7.2,15,48.00%,1.44,3.8,0.38,4.39,5.1,86.00%,20.2,0.7,2.7,3.4,9.6,2.2,4.36,2.5,0.1,2.3,30,0,2700,540,1125,48.00%,108.3,285,0.38,328.95,382.5,86.00%,1517.25,52.5,202.5,255,720,165,187.5,7.5,172.5,,Chris Paul
SAC,PF/C,PF/C,C,DeMarcus,Cousins,76,33,7.8,16.6,47.00%,0,0.1,0.25,4.6,6.3,73.00%,20.2,4.2,7,11.2,2.2,3,0.73,1.6,1.25,3.8,44,0,2508,592.95,1261.6,47.00%,0,7.6,0.25,349.52,478.8,73.00%,1535.43,319.2,532,851.2,167.2,228,121.6,95,288.8,SUPER,DeMarcus Cousins
CLE,PG,PG,PG,Kyrie,Irving,73,35,7.22,15.7,46.00%,1.8,4.5,0.4,3.78,4.3,88.00%,20,0.9,3.1,4,6.8,3.3,2.06,1.35,0.35,2.4,10,0,2555,527.21,1146.1,46.00%,131.4,328.5,0.4,276.23,313.9,88.00%,1462.04,65.7,226.3,292,496.4,240.9,98.55,25.55,175.2,SUPER/ ROTO,Kyrie Irving
BRK,PG,PG,PG,Deron,Williams,74,37,6.7,14.4,46.50%,1.75,4.8,0.365,4.81,5.8,83.00%,20,0.4,3.2,3.6,10.4,3.5,2.97,1.2,0.25,2.7,38,1,2738,495.5,1065.6,46.50%,129.65,355.2,0.365,356.24,429.2,83.00%,1476.89,29.6,236.8,266.4,769.6,259,88.8,18.5,199.8,,Deron Williams
MIL,PG,PG,PG,Brandon,Jennings,75,35,7.4,17.2,43.00%,2.03,5.8,0.35,3,3.7,81.00%,19.8,0.7,2.5,3.2,5.6,2.3,2.43,1.6,0.3,2.6,5,0,2625,554.7,1290,43.00%,152.25,435,0.35,224.78,277.5,81.00%,1486.42,52.5,187.5,240,420,172.5,120,22.5,195,H2H,Brandon Jennings
PHI,C,C,C,Andrew,Bynum,70,34,7.78,14.2,54.80%,0,0,0,4.06,5.8,70.00%,19.6,3.1,8.5,11.6,1.8,2.8,0.64,0.4,2,1.8,46,0,2380,544.71,994,55.00%,0,0,0,284.2,406,71.00%,1373.62,217,595,812,126,196,28,140,126,B-CARE,Andrew Bynum
ATL,SF/PF,SF/PF,PF,Josh,Smith,76,35,7.95,16.3,48.80%,0.28,1,0.28,3.26,4.9,66.60%,19.5,2.2,7.2,9.4,3.8,2.6,1.46,1.4,1.7,2.8,30,1,2660,604.53,1238.8,48.80%,21.28,76,0.28,248.02,372.4,66.60%,1478.37,167.2,547.2,714.4,288.8,197.6,106.4,129.2,212.8,H2H,Josh Smith
NYK,PF/C,PF/C,PF,Amare,Stoudemire,68,33,7.37,14.6,50.50%,0.09,0.3,0.295,4.57,5.9,77.50%,19.4,2.4,5.2,7.6,1.4,2.6,0.54,0.8,1.1,3,28,0,2244,501.36,992.8,50.50%,6.018,20.4,0.295,310.93,401.2,77.50%,1319.68,163.2,353.6,516.8,95.2,176.8,54.4,74.8,204,BBB/ ROTO,Amare Stoudemire
MIL,PG/SG,PG/SG,SG,Monta,Ellis,75,36,7.47,16.6,45.00%,0.91,2.6,0.35,3.56,4.5,79.00%,19.4,0.3,3.1,3.4,6.3,2.7,2.33,1.7,0.3,2.4,7,0,2700,560.25,1245,45.00%,68.25,195,0.35,266.62,337.5,79.00%,1455.38,22.5,232.5,255,472.5,202.5,127.5,22.5,180,,Monta Ellis
UTA,PF/C,PF/C,C,Al,Jefferson,76,33,8.4,16.8,50.00%,0,0,0,2.56,3.3,77.50%,19.4,2,7.2,9.2,2.4,1.2,2,0.8,1.8,2.6,34,0,2508,638.4,1276.8,50.00%,0,0,0,194.37,250.8,77.50%,1471.17,152,547.2,699.2,182.4,91.2,60.8,136.8,197.6,,Al Jefferson
TOR,PF/C,PF/C,PF,Andrea,Bargnani,71,34,6.97,15.7,44.40%,1.22,3.4,0.36,3.85,4.7,82.00%,19,0.9,4.3,5.2,1.8,2.2,0.82,0.5,0.7,2.3,3,0,2414,494.93,1114.7,45.00%,86.904,241.4,0.36,273.63,333.7,82.00%,1350.39,63.9,305.3,369.2,127.8,156.2,35.5,49.7,163.3,ROTO,Andrea Bargnani
MEM,SF/PF,SF,SF,Rudy,Gay,74,37,7.176,15.6,46.00%,0.97,2.7,0.36,3.16,4,79.00%,18.5,1.7,4.3,6,2.2,2.4,0.916666667,1.6,0.8,2.4,7,0,2738,531.02,1154.4,46.00%,71.928,199.8,0.36,233.84,296,79.00%,1367.82,125.8,318.2,444,162.8,177.6,118.4,59.2,177.6,ROTO,Rudy Gay
BRK,C,C,C,Brook,Lopez,75,35,7.04,13.8,51.00%,0,0,0,4.29,5.5,78.00%,18.4,2.5,4.7,7.2,2,2,1,0.5,1.6,2.8,14,0,2625,527.85,1035,50.50%,0,0,0,321.75,412.5,78.00%,1377.45,187.5,352.5,540,150,150,37.5,120,210,BBB/ ROTO,Brook Lopez
SAC,SG,SG,SG,Marcus,Thornton,74,33,6.78,15.4,44.00%,2.15,6,0.358,2.54,3,84.80%,18.2,1.5,2.1,3.6,1.8,1.4,1.29,1.3,0.2,2.2,0,0,2442,501.42,1139.6,44.40%,158.95,444,0.356,188.26,222,84.80%,1350.06,111,155.4,266.4,133.2,103.6,96.2,14.8,162.8,ROTO,Marcus Thornton
IND,SF/PF,SF,SF,Danny,Granger,73,32,6.2,14.6,42.50%,2,5.2,0.385,3.83,4.4,87.00%,18.2,1.1,4.1,5.2,1.8,1.8,1,1.05,0.55,2.5,0,0,2336,452.96,1065.8,43.00%,146.15,379.6,0.39,279.44,321.2,87.00%,1331.52,80.3,299.3,379.6,131.4,131.4,76.65,40.15,182.5,H2H,Danny Granger
MIA,PF/C,PF/C,PF,Chris,Bosh,75,35,6.93,14,49.50%,0.13,0.4,0.33,4.02,4.9,82.00%,18,1.9,6.7,8.6,1.8,2,0.9,0.9,0.9,2.2,18,0,2625,519.75,1050,49.50%,9.9,30,0.33,301.35,367.5,82.00%,1350.75,142.5,502.5,645,135,150,67.5,67.5,165,ROTO,Chris Bosh
SAS,PG,PG,PG,Tony,Parker,75,32,7.08,14.3,49.50%,0.28,1,0.28,3.56,4.5,79.00%,18,0.4,2.6,3,7.2,2.5,2.88,1.05,0.1,1.4,16,0,2400,530.89,1072.5,49.50%,21,75,0.28,266.62,337.5,79.00%,1349.4,30,195,225,540,187.5,78.75,7.5,105,,Tony Parker
HOU,SG,SG,SG,Kevin,Martin,74,31,5.72,13.3,43.00%,2.05,5.7,0.36,4.49,5.1,88.00%,18,0.4,2.4,2.8,2.2,1.7,1.29,0.85,0.05,1.8,0,0,2294,423.21,984.2,42.00%,151.85,421.8,0.35,332.11,377.4,88.00%,1330.37,29.6,177.6,207.2,162.8,125.8,62.9,3.7,133.2,ROTO/ B-CARE,Kevin Martin
BRK,SG/SF,SG/SF,SG,Joe,Johnson,75,34,6.62,14.4,46.00%,2.08,5.2,0.4,2.49,3,83.00%,17.8,0.8,2.8,3.6,3.4,2,1.7,0.8,0.2,1.6,0,0,2550,496.8,1080,46.00%,156,390,0.4,186.75,225,83.00%,1336.35,60,210,270,255,150,60,15,120,B-CARE,Joe Johnson
OKC,SG/SF,SG,SG,James,Harden,76,32.5,5.38,11.2,48.00%,1.95,5,0.39,5.07,6,84.50%,17.8,0.6,3.4,4,4,2.3,1.74,1.1,0.3,2.5,2,0,2470,408.58,851.2,48.50%,148.2,380,0.395,385.32,456,84.50%,1350.67,45.6,258.4,304,304,174.8,83.6,22.8,190,ROTO/ B-CARE,James Harden
BOS,SF,SF,SF,Paul,Pierce,74,31,5.98,13.3,45.00%,1.55,4.2,0.37,4.2,5,84.00%,17.7,0.4,4.4,4.8,3.6,2.3,1.57,1,0.35,2.5,4,0,2294,442.89,984.2,45.00%,115,310.8,0.37,310.8,370,84.00%,1311.58,29.6,325.6,355.2,266.4,170.2,74,25.9,185,ROTO/ B-CARE,Paul Pierce
DET,C,C,C,Greg,Monroe,76,34,7.08,13.4,52.80%,0,0,0,3.36,4.6,73.00%,17.5,3.9,6.3,10.2,2.6,2.6,1,1.4,0.7,2.6,38,0,2584,537.72,1018.4,52.80%,0,0,0,255.21,349.6,73.00%,1330.64,296.4,478.8,775.2,197.6,197.6,106.4,53.2,197.6,,Greg Monroe
DET,PG/SG,PG/SG,SG,Rodney,Stuckey,74,34,5.59,13,43.00%,0.96,3,0.32,5.04,6,84.00%,17.2,0.9,2.5,3.4,4.2,2.3,1.83,1.1,0.1,2.6,3,0,2516,413.66,962,42.80%,71.04,222,0.32,372.96,444,84.00%,1271.32,66.6,185,251.6,310.8,170.2,81.4,7.4,192.4,,Rodney Stuckey
GSW,PG,PG/SG,PG,Stephen,Curry,67,34,6.32,13.3,47.50%,2.24,5.1,0.44,2.11,2.4,88.00%,17,0.5,2.9,3.4,6.2,3,2.07,1.6,0.25,2.8,12,0,2278,423.27,891.1,47.50%,150.35,341.7,0.44,141.5,160.8,88.00%,1138.4,33.5,194.3,227.8,415.4,201,107.2,16.75,187.6,BBB,Stephen Curry
GSW,SG/SF,SG,SG,Klay,Thompson,75,34,6.32,14.2,44.50%,2.32,5.6,0.415,2.02,2.3,88.00%,17,0.4,2.8,3.2,2.8,2.2,1.27,1,0.3,3,1,0,2550,473.92,1065,44.50%,174.3,420,0.415,151.8,172.5,88.00%,1273.95,30,210,240,210,165,75,22.5,225,R-START/ ROTO,Klay Thompson
GSW,PF/C,PF,PF,David,Lee,75,34,6.9,13.4,51.50%,0.05,0.2,0.25,3.12,4,78.00%,17,3.1,6.7,9.8,2.8,2.1,1.33,0.9,0.35,2.8,36,0,2550,517.58,1005,51.50%,3.75,15,0.25,234,300,78.00%,1272.9,232.5,502.5,735,210,157.5,67.5,26.25,210,ROTO,David Lee
ATL,PG/SG,PG/SG,SG,Lou,Williams,75,30,5.54,13.5,41.00%,1.55,4.3,0.36,4.18,5.1,82.00%,16.8,0.6,2.6,3.2,3.6,1.7,2.12,0.95,0.25,1.8,1,0,2250,415.12,1012.5,41.00%,116.1,322.5,0.36,313.65,382.5,82.00%,1260,45,195,240,270,127.5,71.25,18.75,135,CYC/ H2H,Lou Williams
MEM,PF/C,PF,PF,Zach,Randolph,75,33,6.762,13.8,49.00%,0.12,0.5,0.24,3.116,4.1,76.00%,16.8,3.7,6.5,10.2,2.1,1.8,1.167,0.85,0.25,2.2,45,0,2475,507.15,1035,49.00%,9,37.5,0.24,233.7,307.5,76.00%,1257,277.5,487.5,765,157.5,135,63.75,18.75,165,BBB/ ROTO,Zach Randolph
CHI,PF/C,PF,PF,Carlos,Boozer,74,30,7.24,14.2,51.00%,0,0,0,2.07,3,69.00%,16.6,1.9,6.9,8.8,2.2,2.2,1,1.05,0.3,2.5,30,0,2220,535.91,1050.8,51.00%,0,0,0,153.18,222,69.00%,1225,140.6,510.6,651.2,162.8,162.8,77.7,22.2,185,,Carlos Boozer
CHI,SF,SF,SF,Luol,Deng,72,37,6.19,14.4,43.00%,1.63,4.4,0.37,2.46,3.2,77.00%,16.5,1.4,5,6.4,3,1.9,1.58,1,0.7,1.8,15,0,2664,445.82,1036.8,43.00%,117.22,316.8,0.37,177.41,230.4,77.00%,1186.27,100.8,360,460.8,216,136.8,72,50.4,129.6,B-CARE,Luol Deng
DEN,PG,PG/SG,PG,Ty,Lawson,76,34,5.98,12.2,49.00%,1.48,3.8,0.39,2.99,3.6,83.00%,16.4,0.8,2.8,3.6,6.2,2.5,2.48,1.4,0.1,1.5,18,0,2584,454.33,927.2,49.00%,112.63,288.8,0.39,227.09,273.6,83.00%,1248.38,60.8,212.8,273.6,471.2,190,106.4,7.6,114,,Ty Lawson
LAL,PF/C,PF/C,PF,Pau,Gasol,75,36,6.656,12.8,52.00%,0.13,0.4,0.32,2.964,3.8,78.00%,16.4,2.7,6.7,9.4,4,2.2,1.818,0.6,1.3,2,40,1,2700,499.2,960,52.00%,9.6,30,0.32,222.3,285,78.00%,1230.3,202.5,502.5,705,300,165,45,97.5,150,,Pau Gasol
WAS,PG,PG,PG,John,Wall,64,36,5.83,13.4,43.50%,0.19,0.8,0.235,4.53,5.7,79.50%,16.4,0.7,3.7,4.4,8.4,3.8,2.21,1.6,0.9,2,22,1,2304,373.06,857.6,43.50%,12.032,51.2,0.235,290.02,364.8,79.50%,1048.16,44.8,236.8,281.6,537.6,243.2,102.4,57.6,128,SUPER/ H2H,John Wall
DEN,SF,SF/PF,SF,Danilo,Gallinari,70,33,4.98,11.8,42.20%,1.9,5.2,0.366,4.39,5.1,86.00%,16.2,0.6,4.2,4.8,2.4,1.6,1.5,1.1,0.6,2,4,0,2310,348.57,826,42.20%,133.22,364,0.366,307.02,357,86.00%,1137.39,42,294,336,168,112,77,42,140,,Danilo Gallinari
ORL,SG,SG,SG,Arron,Afflalo,73,34,5.46,12.3,44.40%,1.6,4.2,0.38,3.73,4.6,81.00%,16.2,0.7,2.9,3.6,3.2,2,1.6,0.7,0.4,2.4,1,0,2482,398.67,897.9,45.00%,116.51,306.6,0.38,272,335.8,81.00%,1185.84,51.1,211.7,262.8,233.6,146,51.1,29.2,175.2,CYC/ ROTO,Arron Afflalo
UTA,PF,PF,PF,Paul,Millsap,76,32,6.37,13,49.00%,0.15,0.6,0.25,3.32,4.2,79.00%,16.2,2.7,5.7,8.4,2.6,1.8,1.44,1.8,0.8,3.5,24,0,2432,484.12,988,49.00%,11.4,45.6,0.25,252.17,319.2,79.00%,1231.81,205.2,433.2,638.4,197.6,136.8,136.8,60.8,266,,Paul Millsap
PHO,PG,PG,PG,Goran,Dragic,74,35,5.63,12.3,45.80%,1.62,4.4,0.368,3.27,4.1,79.80%,16.2,1.1,2.2,3.3,7.5,3.3,2.27,1.55,0.15,3.3,20,0,2590,416.87,910.2,45.80%,119.82,325.6,0.368,242.11,303.4,79.80%,1195.68,81.4,162.8,244.2,555,244.2,114.7,11.1,244.2,CYC,Goran Dragic
POR,PG,PG,PG,Damian,Lillard,74,32,5.026,12.2,41.20%,1.8,4.8,0.375,4.14,4.9,84.50%,16,0.4,2.8,3.2,6.6,3.6,1.833,1.1,0.1,2.4,18,0,2368,371.95,902.8,40.50%,133.2,355.2,0.375,306.4,362.6,85.50%,1183.5,29.6,207.2,236.8,488.4,266.4,81.4,7.4,177.6,H2H,Damian Lillard
POR,SG/SF,SG/SF,SF,Nicolas,Batum,74,34,5.64,12.4,45.50%,2,5.2,0.385,2.67,3.2,83.50%,16,1.5,3.5,5,2,1.6,1.25,1.1,1,2.2,3,0,2516,417.51,917.6,45.50%,148.15,384.8,0.385,197.73,236.8,83.50%,1180.89,111,259,370,148,118.4,81.4,74,162.8,SUPER/ ROTO,Nicolas Batum
PHO,SF/PF,SF/PF,SF,Michael,Beasley,74,31,6.05,13.6,44.50%,1.18,3.2,0.37,2.55,3.4,75.00%,15.8,1.3,4.3,5.6,1.8,2.4,0.75,0.75,0.5,2.7,8,0,2294,447.85,1006.4,44.80%,87.616,236.8,0.37,188.7,251.6,75.00%,1172.01,96.2,318.2,414.4,133.2,177.6,55.5,37,199.8,BBB,Michael Beasley
SAC,SG/SF,SG/SF,SF,Tyreke,Evans,75,33,6.58,14,47.00%,0.24,1.2,0.2,2.39,3.1,77.00%,15.8,0.9,3.3,4.2,3.8,2.4,1.58,1.35,0.55,2.2,6,0,2475,493.5,1050,47.00%,18,90,0.2,179.02,232.5,77.00%,1184.02,67.5,247.5,315,285,180,101.25,41.25,165,,Tyreke Evans
MIN,C,C,C,Nikola,Pekovic,76,31,6.1,11,55.50%,0,0,0,3.58,4.8,74.50%,15.8,3.9,4.5,8.4,0.8,1.8,0.44,0.6,0.9,2.2,26,0,2356,463.98,836,56.20%,0,0,0,271.78,364.8,75.00%,1199.74,296.4,342,638.4,60.8,136.8,45.6,68.4,167.2,CYC/ ROTO,Nikola Pekovic
DEN,SG/SF,SG/SF,SF,Andre,Iguodala,77,34,5.71,12.2,46.80%,1.22,3.4,0.36,2.96,4.3,68.80%,15.6,0.9,4.7,5.6,4.8,1.8,2.67,1.75,0.65,1.7,14,2,2618,439.64,939.4,46.80%,94.248,261.8,0.36,227.8,331.1,68.80%,1201.32,69.3,361.9,431.2,369.6,138.6,134.75,50.05,130.9,,Andre Iguodala
ATL,PF/C,PF/C,C,Al,Horford,73,35,6.65,12.2,54.50%,0.02,0.1,0.25,2.26,2.9,78.00%,15.6,2.6,7,9.6,3,1.6,1.88,0.8,1.15,2.6,34,0,2555,485.38,890.6,54.50%,1.825,7.3,0.25,165.13,211.7,78.00%,1137.7,189.8,511,700.8,219,116.8,58.4,83.95,189.8,BBB,Al Horford
PHO,PF/C,PF,PF,Luis,Scola,75,33,6.57,13.4,49.00%,0.02,0.1,0.2,2.43,3.2,76.00%,15.6,1.9,5.1,7,2.4,2.2,1.09,0.6,0.4,2.9,14,0,2475,492.45,1005,49.00%,1.5,7.5,0.2,182.4,240,76.00%,1168.8,142.5,382.5,525,180,165,45,30,217.5,ROTO,Luis Scola
PHO,C,C,C,Marcin,Gortat,76,34,6.42,12,53.50%,0,0,0,2.72,4,68.00%,15.6,2.9,7.3,10.2,1.2,1.6,0.75,0.6,1.5,2.3,36,0,2584,487.92,912,53.50%,0,0,0,206.72,304,68.00%,1182.56,220.4,554.8,775.2,91.2,121.6,45.6,114,174.8,B-CARE,Marcin Gortat
NOR,PF/C,PF,PF,Ryan,Anderson,75,33,5.38,13,41.40%,2.2,6,0.366,2.58,3,86.00%,15.5,3.5,5,8.5,1.6,1.7,0.94,0.85,0.45,2.8,25,0,2475,403.65,975,42.50%,164.7,450,0.375,193.5,225,86.00%,1165.5,262.5,375,637.5,120,127.5,63.75,33.75,210,H2H,Ryan Anderson
DAL,SG,SG,SG,OJ,Mayo,75,33,5.57,13.2,42.20%,1.95,5.2,0.375,2.38,3,79.50%,15.5,0.6,3,3.6,3,2.4,1.25,1.15,0.35,2.3,1,0,2475,417.78,990,42.50%,146.25,390,0.375,178.88,225,79.50%,1160.68,45,225,270,225,180,86.25,26.25,172.5,R-START/ ROTO,OJ Mayo
ORL,PF/C,PF/C,PF,Glen,Davis,75,30,5.92,13,45.50%,0.05,0.2,0.26,3.1,4.4,70.50%,15,2.9,5.3,8.2,1,1.7,0.59,1.2,0.45,2.6,18,0,2250,443.62,975,45.20%,3.9,15,0.26,232.65,330,70.00%,1123.8,217.5,397.5,615,75,127.5,90,33.75,195,CYC/ B-CARE,Glen Davis
BOS,PF/C,PF/C,PF,Kevin,Garnett,73,30,6.19,12.5,49.50%,0.1,0.2,0.28,2.37,2.8,84.50%,14.8,1,7.2,8.2,2.5,1.7,1.47,0.85,0.95,2.3,36,0,2190,451.69,912.5,49.50%,7.3,14.6,0.28,172.72,204.4,84.50%,1083.39,73,525.6,598.6,182.5,124.1,62.05,69.35,167.9,ROTO/ B-CARE,Kevin Garnett
SAS,PF/C,PF/C,PF,Tim,Duncan,73,28,5.94,12,49.50%,0,0,0,2.92,4.2,69.50%,14.8,1.9,6.9,8.8,2.2,1.5,1.47,0.6,1.5,1.7,26,0,2044,433.62,876,49.50%,0,0,0,213.09,306.6,69.50%,1080.33,138.7,503.7,642.4,160.6,109.5,43.8,109.5,124.1,B-CARE,Tim Duncan
TOR,SG/SF,SG/SF,SG,DeMar,DeRozan,75,30,5.4,12,45.00%,0.39,1.4,0.28,3.6,4.5,80.00%,14.8,0.7,2.5,3.2,1.8,1.8,1,0.8,0.3,2.2,0,0,2250,405,900,45.00%,29.4,105,0.28,270,337.5,80.00%,1109.4,52.5,187.5,240,135,135,60,22.5,165,AVOID,DeMar DeRozan
TOR,PG,PG,PG,Kyle,Lowry,74,32,4.84,11.4,42.50%,1.8,4.8,0.375,3.28,4,82.00%,14.8,0.8,3.2,4,6,2.6,2.31,1.35,0.25,2.6,13,0,2368,358.53,843.6,42.00%,133.2,355.2,0.37,242.72,296,82.00%,1092.98,59.2,236.8,296,444,192.4,99.9,18.5,192.4,B-CARE,Kyle Lowry
PHI,SG/SF,SG,SG,Nick,Young,74,28,5.38,12.7,42.40%,1.65,4.4,0.376,2.34,2.8,83.50%,14.8,0.5,1.9,2.4,1.2,1.4,0.86,0.75,0.25,2.2,0,0,2072,398.48,939.8,40.50%,122.43,325.6,0.375,173.01,207.2,83.50%,1092.39,37,140.6,177.6,88.8,103.6,55.5,18.5,162.8,B-CARE,Nick Young
UTA,PG/SG,PG/SG,PG,Mo,Williams,72,33,5.25,12.2,43.00%,1.87,4.8,0.39,2.2,2.5,88.00%,14.6,0.3,2.1,2.4,6.2,2.4,2.58,1,0.1,2.5,3,0,2376,377.71,878.4,43.00%,134.78,345.6,0.39,158.4,180,88.00%,1048.61,21.6,151.2,172.8,446.4,172.8,72,7.2,180,,Mo Williams
MEM,C,C,C,Marc,Gasol,77,36,5.5,11,50.00%,0,0,0,3.45,4.6,75.00%,14.4,2.2,6.8,9,3.2,2.1,1.52,1,1.8,3.2,27,0,2772,423.5,847,50.00%,0,0,0,265.65,354.2,75.00%,1112.65,169.4,523.6,693,246.4,161.7,77,138.6,246.4,,Marc Gasol
CHA,PF/C,PF/C,PF,Byron,Mullens,74,30,5.27,12.4,42.50%,2.15,5.8,0.37,1.74,2.2,79.00%,14.4,1.8,5,6.8,1.2,1.8,0.67,0.3,0.95,2.6,9,0,2220,389.98,917.6,43.00%,158.8,429.2,0.34,128.61,162.8,80.00%,1067.38,133.2,370,503.2,88.8,133.2,22.2,70.3,192.4,R-START,Byron Mullens
PHI,PG,PG,PG,Jrue,Holiday,76,36,5.72,13,44.00%,1.22,3.2,0.38,1.74,2.2,79.00%,14.4,1,2.6,3.6,6.4,2.6,2.46,1.65,0.35,2.3,8,0,2736,434.72,988,44.00%,92.416,243.2,0.38,132.09,167.2,79.00%,1093.94,76,197.6,273.6,486.4,197.6,125.4,26.6,174.8,,Jrue Holiday
WAS,PF/C,PF/C,C,Nene,Hilario,67,30,5.71,10.2,56.00%,0,0,0,2.81,4.2,67.00%,14.2,1.7,5.5,7.2,1.6,1.8,0.89,1.15,0.9,2.6,16,0,2010,382.7,683.4,57.00%,0,0,0,188.54,281.4,67.50%,953.95,113.9,368.5,482.4,107.2,120.6,77.05,60.3,174.2,B-CARE,Nene Hilario
SAS,SG/SF,SG,SG,Manu,Ginobili,69,26,4.5,10,45.00%,1.55,4.2,0.37,3.65,4.2,87.00%,14.2,0.5,2.9,3.4,4.4,2,2.2,1.3,0.3,2,1,0,1794,310.5,690,45.00%,107.23,289.8,0.37,252.13,289.8,87.00%,980.35,34.5,200.1,234.6,303.6,138,89.7,20.7,138,,Manu Ginobili
DAL,PF/C,C,C,Chris,Kaman,72,30,6.11,12.6,48.50%,0,0,0,1.82,2.4,76.00%,14,2.1,5.9,8,1.7,2.4,0.71,0.45,1.55,2.5,24,0,2160,439.99,907.2,48.00%,0,0,0,131.33,172.8,76.00%,1011.31,151.2,424.8,576,122.4,172.8,32.4,111.6,180,B-CARE,Chris Kaman
DET,PG/SG,PG/SG,PG,Brandon,Knight,75,35,5.19,12.5,41.50%,1.71,4.5,0.38,1.92,2.5,77.00%,14,0.6,2.6,3.2,5.2,2.8,1.86,0.95,0.15,2.5,6,0,2625,389.06,937.5,42.00%,128.25,337.5,0.385,144.38,187.5,77.00%,1050.75,45,195,240,390,210,71.25,11.25,187.5,R-START/ H2H,Brandon Knight
IND,C,C,C,Roy,Hibbert,77,32,5.56,11,50.50%,0,0,0,2.88,4,72.00%,14,3.4,5.8,9.2,2,2.2,0.91,0.55,2.05,3.1,28,0,2464,427.74,847,50.50%,0,0,0,221.76,308,72.00%,1077.23,261.8,446.6,708.4,154,169.4,42.35,157.85,238.7,,Roy Hibbert
POR,SG/SF,SG/SF,SG,Wesley,Matthews,76,34,5.02,11.4,44.00%,1.82,4.8,0.38,2.12,2.5,85.00%,14,0.6,2.6,3.2,2.3,1.3,1.77,1.35,0.15,2.4,0,0,2584,381.22,866.4,43.00%,138.62,364.8,0.38,161.5,190,85.00%,1062.56,45.6,197.6,243.2,174.8,98.8,102.6,11.4,182.4,,Wesley Matthews
MIL,PF,SF/PF,PF,Ersan,Ilyasova,75,30,5.1,10.7,47.70%,1.09,2.7,0.404,2.65,3.4,78.00%,14,3,5.6,8.6,1.4,1.4,1,0.8,0.6,2.5,28,0,2250,382.79,802.5,48.40%,81.81,202.5,0.414,198.9,255,78.00%,1046.3,225,420,645,105,105,60,45,187.5,B-CARE,Ersan Ilyasova
HOU,PG,PG,PG,Jeremy,Lin,70,30,4.59,11.2,41.00%,1.09,3.4,0.32,3.56,4.5,79.00%,13.8,0.5,2.5,3,6,3.3,1.82,1.7,0.2,2.4,12,0,2100,321.44,784,43.00%,76.16,238,0.34,248.85,315,79.00%,967.89,35,175,210,420,231,119,14,168,SUPER,Jeremy Lin
IND,SG/SF,SG/SF,SG,Paul,George,75,32,4.75,10.8,44.00%,1.52,4,0.38,2.8,3.5,80.00%,13.8,1,5,6,2.5,2,1.25,1.7,0.6,3.2,6,0,2400,356.4,810,44.50%,114,300,0.385,210,262.5,80.00%,1036.8,75,375,450,187.5,150,127.5,45,240,SUPER,Paul George
LAC,PG/SG,PG/SG,SG,Jamal,Crawford,74,27,4.89,11.5,42.50%,1.87,5.2,0.36,2.14,2.5,85.50%,13.8,0.3,1.7,2,2,1.4,1.43,0.8,0.1,1.4,0,0,1998,361.68,851,42.00%,138.53,384.8,0.36,158.18,185,85.50%,1020.05,22.2,125.8,148,148,103.6,59.2,7.4,103.6,BBB,Jamal Crawford
WAS,PG/SG,SG,SG,Jordan,Crawford,76,26,5.09,12.6,40.40%,1.33,4,0.333,2.26,2.9,78.00%,13.8,0.6,1.8,2.4,2.8,2.1,1.33,1,0.05,1.6,0,0,1976,386.87,957.6,40.40%,101.23,304,0.333,171.91,220.4,78.00%,1046.88,45.6,136.8,182.4,212.8,159.6,76,3.8,121.6,,Jordan Crawford
WAS,SG,SG,SG,Bradley,Beal,76,28,4.54,10.8,42.00%,1.7,4.6,0.37,2.77,3.6,77.00%,13.5,1.1,3.3,4.4,2.2,2.2,1,1,0.4,2,1,0,2128,344.74,820.8,41.00%,129.35,349.6,0.37,210.67,273.6,77.00%,1029.5,83.6,250.8,334.4,167.2,167.2,76,30.4,152,,Bradley Beal
CHA,SG/SF,SG/SF,SF,Gerald,Henderson,74,30,5.34,11.6,46.00%,0.29,1.2,0.24,2.46,3.2,77.00%,13.4,0.8,2.6,3.4,2.2,1.5,1.47,0.85,0.45,2.1,0,0,2220,394.86,858.4,46.00%,21.312,88.8,0.24,182.34,236.8,77.00%,993.38,59.2,192.4,251.6,162.8,111,62.9,33.3,155.4,,Gerald Henderson
PHI,SF/PF,SF/PF,SF,Thaddeus,Young,75,30,5.72,11,52.00%,0.05,0.2,0.26,1.9,2.5,76.00%,13.4,2.7,3.1,5.8,1.4,1,1.4,1.05,0.65,2.2,8,0,2250,429,825,51.00%,3.9,15,0.26,142.5,187.5,77.50%,1004.4,202.5,232.5,435,105,75,78.75,48.75,165,R-START/ ROTO,Thaddeus Young
CHI,SG,SG,SG,Richard,Hamilton,74,28,5.34,12,44.50%,0.74,2,0.37,1.97,2.4,82.00%,13.4,0.7,1.8,2.5,3.2,2,1.6,0.65,0.05,2,0,0,2072,395.16,888,44.00%,54.76,148,0.37,145.63,177.6,82.00%,990.71,51.8,133.2,185,236.8,148,48.1,3.7,148,B-CARE,Richard Hamilton
BOS,PG,PG,PG,Rajon,Rondo,74,36,5.36,11.5,46.60%,0.55,1.6,0.344,2.09,3.4,61.60%,13.4,1.2,3.6,4.8,11.8,3.5,3.37,2.15,0.1,2,33,5,2664,396.57,851,46.60%,40.73,118.4,0.26,154.99,251.6,60.60%,988.85,88.8,266.4,355.2,873.2,259,159.1,7.4,148,H2H,Rajon Rondo
ORL,PG,PG,PG,Jameer,Nelson,73,32,5,11.9,42.00%,1.37,3.8,0.36,1.94,2.4,81.00%,13.3,0.5,2.9,3.4,6,2.6,2.31,0.85,0.05,2.7,8,0,2336,364.85,868.7,42.00%,99.864,277.4,0.36,141.91,175.2,81.00%,971.48,36.5,211.7,248.2,438,189.8,62.05,3.65,197.1,,Jameer Nelson
IND,PF,PF,PF,David,West,75,32,5.47,11.4,48.00%,0.03,0.1,0.26,2.3,2.8,82.00%,13.3,2.1,4.9,7,2.2,1.4,1.57,0.8,0.7,2.5,14,0,2400,410.4,855,49.00%,1.95,7.5,0.26,172.2,210,82.00%,994.95,157.5,367.5,525,165,105,60,52.5,187.5,ROTO,David West
NYK,SG/SF,SG/SF,SG,JR,Smith,75,28,4.92,12,41.00%,2.09,5.8,0.36,1.3,1.8,72.00%,13.2,0.8,3,3.8,2.3,1.4,1.64,1.5,0.25,2.6,1,0,2100,369,900,41.00%,156.6,435,0.36,97.2,135,72.00%,991.8,60,225,285,172.5,105,112.5,18.75,195,H2H,JR Smith
BRK,SF/PF,SF/PF,SF,Gerald,Wallace,71,35,4.94,10.5,47.00%,0.68,2,0.34,2.62,3.4,77.00%,13.2,1.5,5.1,6.6,2.2,1.4,1.57,1.5,0.5,2.4,6,0,2485,350.38,745.5,47.00%,48.28,142,0.34,185.88,241.4,77.00%,934.93,106.5,362.1,468.6,156.2,99.4,106.5,35.5,170.4,,Gerald Wallace
UTA,SG/SF,SG/SF,SF,Gordon,Hayward,76,32,4.43,9.5,46.60%,0.92,2.5,0.366,3.24,3.9,83.00%,13,1,2.8,3.8,3.3,1.8,1.83,0.8,0.6,1.7,3,0,2432,336.45,722,46.60%,69.54,190,0.366,246.01,296.4,83.00%,988.46,76,212.8,288.8,250.8,136.8,60.8,45.6,129.2,ROTO,Gordon Hayward
DEN,PF,PF,PF,Kenneth,Faried,76,30,5.02,8.8,57.00%,0,0,0,2.95,4.4,67.00%,13,3.8,5.8,9.6,1.1,1.6,0.69,1,1.15,3.3,34,0,2280,381.22,668.8,57.00%,0,0,0,224.05,334.4,67.00%,986.48,288.8,440.8,729.6,83.6,121.6,76,87.4,250.8,R-START,Kenneth Faried
SAC,PG,PG,PG,Isaiah,Thomas,75,30,4.36,9.9,44.00%,1.48,3.8,0.39,2.77,3.3,84.00%,13,0.7,2.1,2.8,5.6,2.1,2.67,0.9,0.05,2.2,6,0,2250,326.7,742.5,44.00%,111.15,285,0.39,207.9,247.5,84.00%,972.45,52.5,157.5,210,420,157.5,67.5,3.75,165,,Isaiah Thomas
CLE,SG/SF,SG/SF,SF,CJ,Miles,73,28,4.59,11.2,41.00%,1.25,3.8,0.33,2.53,3.2,79.00%,13,0.7,2.3,3,1.8,1.3,1.38,1.05,0.45,3,0,0,2044,335.22,817.6,41.00%,91.542,277.4,0.33,184.54,233.6,79.00%,946.52,51.1,167.9,219,131.4,94.9,76.65,32.85,219,BBB/ H2H,CJ Miles
MEM,PG,PG,PG,Mike,Conley,75,35,4.93,11.2,44.00%,1.14,3,0.38,1.97,2.4,82.00%,13,0.4,2.1,2.5,6.4,2,3.2,2,0.15,2.2,9,0,2625,369.6,840,44.00%,85.5,225,0.38,147.6,180,82.00%,972.3,30,157.5,187.5,480,150,150,11.25,165,B-CARE,Mike Conley
BOS,PG/SG,SG,SG,Jason,Terry,76,29,4.928,11.2,44.00%,1.7,4.6,0.37,1.29,1.5,86.00%,12.8,0.2,1.6,1.8,2.6,1.6,1.625,1.05,0.15,2,0,0,2204,374.53,851.2,44.00%,129.35,349.6,0.37,98.04,114,86.00%,976.45,15.2,121.6,136.8,197.6,121.6,79.8,11.4,152,,Jason Terry
CHA,PG,PG/SG,PG,Kemba,Walker,76,28,4.48,11.8,38.00%,1.22,3.6,0.34,2.64,3.3,80.00%,12.8,0.3,3,3.3,4.8,2.4,2,1,0.25,1.4,8,0,2128,340.78,896.8,38.00%,93.024,273.6,0.34,200.64,250.8,80.00%,975.23,22.8,228,250.8,364.8,182.4,76,19,106.4,R-START/ H2H,Kemba Walker
NYK,PG/SG,PG,PG,Raymond,Felton,75,33,4.58,10.9,42.00%,1.16,3.5,0.33,2.16,2.7,80.00%,12.5,0.5,2.5,3,7,2.8,2.5,1.5,0.15,2.2,8,0,2475,343.35,817.5,42.00%,86.625,262.5,0.33,162,202.5,80.00%,935.32,37.5,187.5,225,525,210,112.5,11.25,165,BBB,Raymond Felton
NOR,PF,PF,PF,Anthony,Davis,74,32,4.7,9.6,49.00%,0.05,0.2,0.24,2.99,4.1,73.00%,12.4,3.2,7.4,10.6,1.4,2.2,0.64,1.1,2.3,3.2,30,0,2368,348.1,710.4,53.00%,3.552,14.8,0.24,221.48,303.4,72.00%,921.23,236.8,547.6,784.4,103.6,162.8,81.4,170.2,236.8,H2H,Anthony Davis
MIN,SG/SF,SG/SF,SG,Brandon,Roy,72,27,4.59,10.8,42.50%,1.04,2.8,0.37,2.16,2.7,80.00%,12.4,0.5,2.1,2.6,2.6,1.6,1.62,0.75,0.15,2,0,0,1944,330.48,777.6,42.00%,74.592,201.6,0.366,155.52,194.4,80.00%,891.07,36,151.2,187.2,187.2,115.2,54,10.8,144,BBB/ B-CARE,Brandon Roy
CHA,PG/SG,PG,PG,Ramon,Sessions,75,26,4.08,9.5,43.00%,0.72,2,0.36,3.48,4.4,79.00%,12.4,0.6,2.8,3.4,6.2,2.4,2.58,0.75,0.05,2,10,0,1950,306.38,712.5,42.00%,54,150,0.35,260.7,330,79.00%,927.45,45,210,255,465,180,56.25,3.75,150,B-CARE,Ramon Sessions
IND,PG/SG,PG/SG,PG,George,Hill,73,32,4.18,9.6,43.50%,1.33,3.6,0.37,2.57,3.3,78.00%,12.3,0.8,2.6,3.4,4.2,1.7,2.47,1.05,0.35,2.2,6,0,2336,304.85,700.8,43.50%,97.236,262.8,0.37,187.9,240.9,78.00%,894.83,58.4,189.8,248.2,306.6,124.1,76.65,25.55,160.6,B-CARE,George Hill
POR,PF/C,PF/C,PF,JJ,Hickson,74,28,4.98,9.4,53.00%,0,0,0,2.28,3.4,67.00%,12.2,2.7,5.1,7.8,1.3,1.5,0.87,0.7,0.8,2,16,0,2072,368.67,695.6,51.00%,0,0,0,168.57,251.6,67.00%,905.91,199.8,377.4,577.2,96.2,111,51.8,59.2,148,B-CARE,JJ Hickson
ATL,PG,PG,PG,Jeff,Teague,74,31,4.61,9.8,47.00%,0.77,2.2,0.35,2.07,2.7,76.50%,12,0.4,2.2,2.6,4.8,2.2,2.18,1.55,0.55,2.3,3,0,2294,340.84,725.2,47.00%,56.98,162.8,0.35,152.85,199.8,76.50%,891.52,29.6,162.8,192.4,355.2,162.8,114.7,40.7,170.2,B-CARE,Jeff Teague
CHA,SG,SG,SG,Ben,Gordon,72,26,4.39,10.2,43.00%,1.39,3.4,0.41,1.87,2.2,85.00%,12,0.3,1.9,2.2,2,1.6,1.25,0.75,0.15,2.2,0,0,1872,315.79,734.4,43.00%,100.37,244.8,0.41,134.64,158.4,86.00%,866.59,21.6,136.8,158.4,144,115.2,54,10.8,158.4,AVOID,Ben Gordon
CHA,SF,SF,SF,M,Kidd-Gilchrist,76,32,4.23,9.5,44.50%,0.38,1.4,0.275,3.17,4.2,75.50%,12,2.4,4.6,7,2.2,2.6,0.85,1.6,0.6,3.2,12,0,2432,321.29,722,46.00%,29.26,106.4,0.28,241,319.2,76.00%,912.84,182.4,349.6,532,167.2,197.6,121.6,45.6,243.2,ROTO,M Kidd-Gilchrist
DAL,PG,PG,PG,Darren,Collison,75,32,4.32,9.6,45.00%,1.14,3,0.38,2.21,2.6,85.00%,12,0.5,2.5,3,6.5,2.4,2.71,1.05,0.15,1.8,8,0,2400,324,720,44.50%,85.5,225,0.375,165.75,195,85.00%,899.25,37.5,187.5,225,487.5,180,78.75,11.25,135,,Darren Collison
DEN,C,C,C,JaVale,McGee,76,25,5.13,9,57.00%,0,0,0,1.71,3,57.00%,12,2.2,4.8,7,0.4,1.2,0.33,0.5,2,3,18,0,1900,389.88,684,58.00%,0,0,0,129.96,228,58.00%,909.72,167.2,364.8,532,30.4,91.2,38,152,228,R-START/ H2H,JaVale McGee
LAL,PG,PG,PG,Steve,Nash,73,30,4.34,8.5,51.00%,1.54,3.5,0.44,1.64,1.8,91.00%,11.8,0.2,2,2.2,8.4,3,2.8,0.65,0.05,1.2,20,0,2190,316.46,620.5,51.00%,112.42,255.5,0.44,119.57,131.4,91.00%,864.9,14.6,146,160.6,613.2,219,47.45,3.65,87.6,,Steve Nash
LAC,PG/SG,PG/SG,SG,Chauncey,Billups,60,24,3.43,8.8,39.00%,1.98,5.2,0.38,2.99,3.4,88.00%,11.8,0.2,1.8,2,3,1.6,1.88,0.65,0.1,1.6,0,0,1440,205.92,528,39.00%,118.56,312,0.38,179.52,204,88.00%,709.92,12,108,120,180,96,39,6,96,AVOID,Chauncey Billups
MIA,SG,SG,SG,Ray,Allen,71,28,4.09,8.7,47.00%,2.2,4.9,0.45,1.44,1.6,90.00%,11.8,0.2,2,2.2,2.4,1.2,2,0.75,0.05,1.5,0,0,1988,290.32,617.7,47.00%,156.56,347.9,0.45,102.24,113.6,90.00%,839.43,14.2,142,156.2,170.4,85.2,53.25,3.55,106.5,,Ray Allen
GSW,SF,SF,SF,Harrison,Barnes,74,26,4.214,9.8,0.43,1.42,3.8,0.375,1.95,2.6,0.75,11.803,1.3,2.7,4,1.4,1.8,0.777777778,0.8,0.2,2.2,2,0,1924,311.84,725.2,0.43,105.45,281.2,0.37,144.3,192.4,0.75,873.42,96.2,199.8,296,103.6,133.2,59.2,14.8,162.8,,Harrison Barnes
CHI,PF/C,C,C,Joakim,Noah,72,33,4.44,8.8,50.50%,0,0,0,2.91,3.9,74.50%,11.8,4,6.8,10.8,2.8,1.8,1.56,0.8,1.6,2.8,30,1,2376,319.97,633.6,50.50%,0,0,0,209.2,280.8,74.50%,849.13,288,489.6,777.6,201.6,129.6,57.6,115.2,201.6,,Joakim Noah
PHO,SG/SF,SG/SF,SF,Jared,Dudley,76,30,4.31,9.2,46.80%,1.44,3.8,0.38,1.73,2.4,72.00%,11.8,1.2,2.8,4,2,1.2,1.67,0.75,0.2,1.6,0,0,2280,327.23,699.2,46.60%,109.74,288.8,0.37,131.33,182.4,72.00%,895.52,91.2,212.8,304,152,91.2,57,15.2,121.6,B-CARE,Jared Dudley
OKC,PF/C,PF/C,PF,Serge,Ibaka,76,30,4.86,9,54.00%,0.26,1,0.26,1.78,2.5,71.00%,11.8,3.4,5,8.4,0.6,1.3,0.46,0.5,3.5,2.8,22,1,2280,369.36,684,55.00%,19.76,76,0,134.9,190,70.00%,893.38,258.4,380,638.4,45.6,98.8,38,266,212.8,H2H,Serge Ibaka
UTA,PF/C,PF/C,PF,Derrick,Favors,76,28,4.57,8.7,52.50%,0,0,0,2.51,3.8,66.00%,11.6,3,5.2,8.2,1,1.8,0.56,0.75,1.55,2.8,20,0,2128,347.13,661.2,52.50%,0,0,0,190.61,288.8,66.00%,884.87,228,395.2,623.2,76,136.8,57,117.8,212.8,R-START/ H2H,Derrick Favors
CLE,PF/C,PF/C,PF,Tristan,Thompson,76,30,4.59,9.4,48.80%,0,0,0,2.39,3.8,62.80%,11.6,3.6,4.4,8,0.8,1.6,0.5,0.65,1.3,2.2,18,0,2280,348.63,714.4,48.80%,0,0,0,181.37,288.8,62.80%,878.62,273.6,334.4,608,60.8,121.6,49.4,98.8,167.2,B-ROLE/ B-CARE,Tristan Thompson
NOR,PG/SG,PG,PG,Greivis,Vasquez,75,32,4.3,10,43.00%,0.82,2.4,0.34,2.1,2.5,84.00%,11.5,0.5,2.5,3,7,3,2.33,1.15,0.05,2.5,12,0,2400,322.5,750,43.50%,61.2,180,0.34,157.5,187.5,84.00%,863.7,37.5,187.5,225,525,225,86.25,3.75,187.5,CYC,Greivis Vasquez
PHI,SG/SF,SF,SG,Dorell,Wright,74,28,4.12,9.8,42.00%,1.8,4.8,0.375,1.44,1.8,80.00%,11.5,1,3.2,4.2,2,1.4,1.43,1.05,0.45,2.2,2,0,2072,304.58,725.2,42.00%,133.2,355.2,0.37,106.56,133.2,80.00%,848.93,74,236.8,310.8,148,103.6,77.7,33.3,162.8,,Dorell Wright
BRK,PF,PF,PF,Kris,Humphries,75,31,4.52,8.7,52.00%,0,0,0,2.38,3.3,72.00%,11.4,3.6,6.6,10.2,1,1.5,0.67,0.7,1.1,2.8,22,0,2325,339.3,652.5,52.00%,0,0,0,178.2,247.5,72.00%,856.8,270,495,765,75,112.5,52.5,82.5,210,,Kris Humphries
CLE,SG,SG,SG,Dion,Waiters,74,26,3.94,9.6,41.00%,1.4,4,0.35,2.14,2.8,76.60%,11.4,0.6,1.8,2.4,2.6,2.3,1.13,1.2,0.1,2.3,1,0,1924,291.26,710.4,42.00%,103.6,296,0.36,158.72,207.2,76.60%,844.84,44.4,133.2,177.6,192.4,170.2,88.8,7.4,170.2,,Dion Waiters
NOR,PG/SG,PG/SG,SG,Austin,Rivers,66,26,3.82,9.8,39.00%,1.44,4,0.36,2.19,3.1,70.50%,11.3,0.3,1.9,2.2,2.6,2.2,1.18,0.8,0.05,1.6,0,0,1716,252.25,646.8,39.50%,95.04,264,0.365,144.24,204.6,69.50%,743.79,19.8,125.4,145.2,171.6,145.2,52.8,3.3,105.6,B-CARE,Austin Rivers
DEN,SG/SF,SG/SF,SF,Wilson,Chandler,72,28,4.28,10.2,42.00%,1.3,3.6,0.36,1.38,1.7,81.00%,11.2,0.6,3.6,4.2,1.6,1.7,0.94,0.55,0.95,2.2,3,0,2016,308.45,734.4,42.00%,93.312,259.2,0.36,99.144,122.4,81.00%,809.35,43.2,259.2,302.4,115.2,122.4,39.6,68.4,158.4,BBB,Wilson Chandler
GSW,SF/PF,PF,PF,Carl,Landry,76,24,4.3,8.2,52.50%,0,0,0,2.62,3.3,79.50%,11.2,2,2.8,4.8,0.8,1.3,0.62,0.35,0.25,2.2,1,0,1824,327.18,623.2,52.50%,0,0,0,199.39,250.8,79.50%,853.75,152,212.8,364.8,60.8,98.8,26.6,19,167.2,,Carl Landry
BOS,SF/PF,SF/PF,SF,Jeff,Green,74,26,4.14,9,46.00%,0.8,2.3,0.35,2.13,2.7,79.00%,11.2,0.8,3.4,4.2,1,1.2,0.83,0.7,0.5,2.4,2,0,1924,306.36,666,46.00%,59.57,170.2,0.33,157.84,199.8,79.00%,830.13,59.2,251.6,310.8,74,88.8,51.8,37,177.6,BBB,Jeff Green
HOU,SF/PF,SF,SF,Chandler,Parsons,76,31,4.42,9.6,46.00%,1.33,3.6,0.37,0.99,1.5,66.00%,11.2,1.5,3.3,4.8,2.4,1.4,1.71,1.15,0.45,2.5,3,0,2356,335.62,729.6,46.60%,101.23,273.6,0.366,75.24,114,66.00%,847.7,114,250.8,364.8,182.4,106.4,87.4,34.2,190,ROTO,Chandler Parsons
GSW,PG/SG,PG,PG,Jarrett,Jack,76,26,4.18,9.4,44.50%,0.63,1.8,0.35,2.03,2.4,84.50%,11,0.4,2.4,2.8,4.8,2.1,2.29,0.7,0.1,1.7,4,0,1976,317.91,714.4,45.00%,47.88,136.8,0.35,154.13,182.4,85.00%,837.82,30.4,182.4,212.8,364.8,159.6,53.2,7.6,129.2,B-CARE,Jarrett Jack
GSW,C,C,C,Andrew,Bogut,67,30,4.74,9.3,51.00%,0,0,0,1.52,2.5,61.00%,11,2.3,6.5,8.8,2,1.8,1.11,0.5,1.85,3,18,0,2010,317.78,623.1,51.00%,0,0,0,102.18,167.5,61.00%,737.74,154.1,435.5,589.6,134,120.6,33.5,123.95,201,BBB/ H2H,Andrew Bogut
WAS,PF/C,PF/C,PF,Kevin,Seraphin,72,28,4.82,9.1,53.00%,0,0,0,1.33,1.9,70.00%,11,2.5,3.9,6.4,0.8,1.6,0.5,0.4,1.4,3,8,0,2016,347.26,655.2,53.50%,0,0,0,95.76,136.8,70.50%,790.27,180,280.8,460.8,57.6,115.2,28.8,100.8,216,R-START,Kevin Seraphin
ORL,PF/C,PF,PF,Al,Harrington,68,24,3.94,9.6,41.00%,1.56,4.6,0.34,1.4,2,70.00%,10.8,0.9,3.9,4.8,1.2,1.5,0.8,0.75,0.15,2.4,6,0,1632,267.65,652.8,42.00%,106.35,312.8,0.34,95.2,136,70.00%,736.85,61.2,265.2,326.4,81.6,102,51,10.2,163.2,AVOID,Al Harrington
MIN,SF/PF,SF/PF,SF,Andrei,Kirilenko,74,28,3.8,8,47.50%,0.57,1.6,0.355,2.64,3.5,75.50%,10.8,1.4,3.4,4.8,2.6,1.3,2,1.3,1,1.8,2,0,2072,281.2,592,47.50%,42.032,118.4,0.355,195.54,259,75.50%,799.98,103.6,251.6,355.2,192.4,96.2,96.2,74,133.2,ROTO,Andrei Kirilenko
LAL,PF,PF,PF,Antawn,Jamison,73,24,4.18,9,46.50%,0.86,2.4,0.36,1.55,2.1,74.00%,10.8,1.1,3.3,4.4,1.2,0.9,1.33,0.65,0.3,1.8,1,0,1752,305.5,657,46.50%,63.072,175.2,0.36,113.44,153.3,74.00%,787.52,80.3,240.9,321.2,87.6,65.7,47.45,21.9,131.4,,Antawn Jamison
PHO,PF,PF,PF,Markieff,Morris,74,26,3.87,9,43.00%,0.94,2.6,0.36,1.94,2.7,72.00%,10.6,1.5,4.3,5.8,1.4,1.6,0.88,0.8,0.8,3.5,6,0,1924,286.38,666,41.00%,69.264,192.4,0.36,143.86,199.8,72.00%,785.88,111,318.2,429.2,103.6,118.4,59.2,59.2,259,B-ROLE,Markieff Morris
MIL,SG/SF,SG/SF,SF,Mike,Dunleavy,72,25,3.73,8.4,44.40%,1.55,4,0.388,1.56,2,78.00%,10.6,0.5,2.9,3.4,2.4,1.3,1.85,0.5,0.15,1.7,1,0,1800,268.53,604.8,44.00%,111.74,288,0.38,112.32,144,78.00%,761.13,36,208.8,244.8,172.8,93.6,36,10.8,122.4,,Mike Dunleavy
DAL,PF/C,PF,PF,Elton,Brand,74,28,4.46,9,49.50%,0,0,0,1.65,2.2,75.00%,10.6,2.3,4.5,6.8,1.6,1.4,1.14,0.85,1.25,2.8,18,0,2072,329.67,666,50.00%,0,0,0,122.1,162.8,75.00%,781.44,170.2,333,503.2,118.4,103.6,62.9,92.5,207.2,,Elton Brand
UTA,SF,SF,SF,Marvin,Williams,75,29,3.74,8.5,44.00%,1.22,3.2,0.38,1.85,2.4,77.00%,10.5,1.1,3.4,4.5,1.5,1.3,1.15,0.95,0.25,2,1,0,2175,280.5,637.5,43.00%,91.2,240,0.37,138.6,180,77.00%,790.8,82.5,255,337.5,112.5,97.5,71.25,18.75,150,AVOID,Marvin Williams
IND,PG,PG/SG,PG,DJ,Augustin,75,26,3.65,8.8,41.50%,1.24,3.3,0.375,2,2.3,87.00%,10.5,0.4,1.6,2,5.5,2,2.75,0.7,0,1.6,6,0,1950,273.9,660,41.50%,92.812,247.5,0.375,150.08,172.5,87.00%,790.69,30,120,150,412.5,150,52.5,0,120,,DJ Augustin
ATL,PG,PG,PG,Devin,Harris,70,26,3.53,8.2,43.00%,1.05,3,0.35,2.4,3,80.00%,10.5,0.4,1.8,2.2,4.2,1.8,2.33,0.85,0.15,2,0,0,1820,246.82,574,43.00%,73.5,210,0.35,168,210,80.00%,735.14,28,126,154,294,126,59.5,10.5,140,AVOID,Devin Harris
MEM,PG/SG,PG/SG,PG,Jerryd,Bayless,74,23,3.53,8.2,43.00%,0.94,2.6,0.36,2.46,3,82.00%,10.4,0.3,1.9,2.2,3.3,1.8,1.83,0.75,0.15,2.3,0,0,1702,260.92,606.8,43.00%,69.264,192.4,0.36,182.04,222,82.00%,773.15,22.2,140.6,162.8,244.2,133.2,55.5,11.1,170.2,,Jerryd Bayless
NYK,C,C,C,Tyson,Chandler,72,33,3.7,5.6,66.00%,0,0,0,3.04,4.4,69.00%,10.4,3.4,6.4,9.8,0.8,1.4,0.57,0.85,1.45,3.2,24,0,2376,266.11,403.2,66.00%,0,0,0,218.59,316.8,69.00%,750.82,244.8,460.8,705.6,57.6,100.8,61.2,104.4,230.4,H2H,Tyson Chandler
IND,SG/SF,SG/SF,SF,Gerald,Green,75,22,3.86,8.4,46.00%,1.22,3.2,0.38,1.46,1.9,77.00%,10.4,0.6,2.4,3,0.8,1.4,0.57,0.65,0.45,2.4,0,0,1650,289.8,630,46.00%,91.2,240,0.36,109.72,142.5,77.00%,780.52,45,180,225,60,105,48.75,33.75,180,,Gerald Green
HOU,SG/SF,SG,SG,Jeremy,Lamb,74,17,3.7,8.6,43.00%,1.3,3.6,0.36,1.7,2.1,81.00%,10.4,0.5,2.3,2.8,1.2,1.3,0.92,0.65,0.25,1.5,1,0,1258,273.65,636.4,44.00%,95.904,266.4,0.36,125.87,155.4,81.00%,769.08,37,170.2,207.2,88.8,96.2,48.1,18.5,111,,Jeremy Lamb
LAC,C,C,C,DeAndre,Jordan,75,28,4.38,7,62.50%,0,0,0,1.62,3.4,47.50%,10.4,3.5,5.3,8.8,0.4,1.4,0.29,0.45,2.15,3,32,0,2100,328.12,525,62.50%,0,0,0,121.12,255,52.50%,777.38,262.5,397.5,660,30,105,33.75,161.25,225,H2H,DeAndre Jordan
MIN,PG,PG,PG,Ricky,Rubio,54,32,3.268,8.6,38.00%,0.94,2.6,0.36,2.88,3.6,80.00%,10.4,0.4,3.4,3.8,8,3,2.667,2.15,0.15,2.6,14,0,1728,176.47,464.4,38.00%,50.544,140.4,0.36,155.52,194.4,80.00%,559.01,21.6,183.6,205.2,432,162,116.1,8.1,140.4,H2H/ B-CARE,Ricky Rubio
SAS,SG/SF,SG/SF,SF,Kawhi,Leonard,75,28,3.65,7.6,48.00%,1.14,3,0.38,1.76,2.2,80.00%,10.2,1.8,4,5.8,1.4,1.2,1.17,1.45,0.45,1.5,9,0,2100,273.6,570,48.00%,85.5,225,0.38,132,165,80.00%,764.7,135,300,435,105,90,108.75,33.75,112.5,R-START/ H2H,Kawhi Leonard
CHI,PF,PF,PF,Taj,Gibson,75,28,4.21,8.5,49.50%,0,0,0,1.77,2.7,65.50%,10.2,2.9,4.7,7.6,1,1.4,0.71,0.65,1.75,3,9,0,2100,315.56,637.5,49.50%,0,0,0,132.64,202.5,65.50%,763.76,217.5,352.5,570,75,105,48.75,131.25,225,CYC,Taj Gibson
PHO,SG,SG,SG,Shannon,Brown,75,22,3.9,9.2,42.40%,0.99,2.8,0.355,1.36,1.7,80.00%,10.2,0.6,1.8,2.4,1.6,1.2,1.33,0.65,0.25,1.2,0,0,1650,292.56,690,42.40%,74.55,210,0.355,102,127.5,80.00%,761.67,45,135,180,120,90,48.75,18.75,90,,Shannon Brown
SAC,PF,PF,PF,Thomas,Robinson,76,26,3.825,8.5,45.00%,0.06,0.2,0.28,2.331,3.5,66.60%,10,2.3,6.1,8.4,1.3,2.2,0.590909091,0.85,0.75,3.6,12,0,1976,290.7,646,45.00%,4.256,15.2,0.28,177.16,266,67.00%,762.81,174.8,463.6,638.4,98.8,167.2,64.6,57,273.6,B-CARE,Thomas Robinson
MIN,SF/PF,PF,PF,Derrick,Williams,75,22,3.52,8,44.00%,0.82,2.4,0.34,2.15,2.9,74.00%,10,1.3,3.7,5,0.8,1.3,0.62,0.65,0.5,1.6,4,0,1650,264,600,44.00%,61.2,180,0.34,160.95,217.5,74.00%,750.15,97.5,277.5,375,60,97.5,48.75,37.5,120,AVOID,Derrick Williams
DET,SF/PF,SF,SF,Tayshaun,Prince,76,28,4.2,10,42.00%,0.5,1.4,0.36,1.06,1.4,76.00%,10,0.9,2.7,3.6,2,1,2,0.35,0.45,1,0,0,2128,319.2,760,42.00%,38.304,106.4,0.36,80.864,106.4,76.00%,757.57,68.4,205.2,273.6,152,76,26.6,34.2,76,AVOID,Tayshaun Prince
DAL,SF/PF,SF/PF,SF,Shawn,Marion,74,30,4.23,9.4,45.00%,0.26,1,0.26,1.25,1.6,78.00%,10,2.2,4.6,6.8,1.6,1.3,1.23,1.05,0.55,1.5,12,0,2220,313.02,695.6,45.00%,19.24,74,0.26,92.352,118.4,78.00%,737.63,162.8,340.4,503.2,118.4,96.2,77.7,40.7,111,B-CARE,Shawn Marion
MIN,SF,SF,SF,Chase,Budinger,76,22,3.61,8.2,44.00%,1.68,4.2,0.4,0.94,1.2,78.00%,9.8,0.6,2.6,3.2,0.8,1,0.8,0.3,0.2,1.3,0,0,1672,274.21,623.2,44.00%,127.68,319.2,0.4,71.136,91.2,78.00%,747.23,45.6,197.6,243.2,60.8,76,22.8,15.2,98.8,,Chase Budinger
HOU,PF/C,PF,PF,Patrick,Patterson,74,26,4.41,9,49.00%,0,0,0,1.01,1.4,72.00%,9.8,2,3.6,5.6,1.2,1.4,0.86,0.55,0.85,2.5,6,0,1924,326.34,666,49.00%,0,0,0,74.592,103.6,72.00%,727.27,148,266.4,414.4,88.8,103.6,40.7,62.9,185,,Patrick Patterson
CLE,SG/SF,SG/SF,SF,Alonzo,Gee,74,26,3.44,8.4,41.00%,0.73,2.2,0.33,2.18,2.8,78.00%,9.8,1.4,3.2,4.6,1.6,1.4,1.14,1.15,0.25,2.2,2,0,1924,254.86,621.6,41.00%,53.724,162.8,0.33,161.62,207.2,78.00%,725.05,103.6,236.8,340.4,118.4,103.6,85.1,18.5,162.8,,Alonzo Gee
BRK,SG/SF,SG/SF,SF,Marshon,Brooks,73,22,3.69,8.3,44.50%,0.72,2.1,0.345,1.53,2,76.60%,9.6,0.8,2,2.8,1.8,1.5,1.2,0.75,0.2,1.6,1,0,1606,269.63,605.9,45.00%,52.888,153.3,0.344,111.84,146,76.60%,703.98,58.4,146,204.4,131.4,109.5,54.75,14.6,116.8,,Marshon Brooks
BOS,PF/C,PF/C,PF,Brandon,Bass,74,26,3.94,8.2,48.00%,0,0,0,1.76,2.2,80.00%,9.6,1.3,4.3,5.6,0.8,1,0.8,0.45,0.65,2.3,4,0,1924,291.26,606.8,48.50%,0,0,0,130.24,162.8,80.00%,712.77,96.2,318.2,414.4,59.2,74,33.3,48.1,170.2,ROTO,Brandon Bass
GSW,SG,SG/SF,SF,Brandon,Rush,75,26,3.5,7.5,46.60%,1.53,3.7,0.414,1.09,1.4,78.00%,9.6,0.5,3.1,3.6,1.2,1,1.2,0.55,0.75,1.5,1,0,1950,262.12,562.5,46.00%,114.88,277.5,0.41,81.9,105,78.00%,721.04,37.5,232.5,270,90,75,41.25,56.25,112.5,,Brandon Rush
UTA,SG,SG,SG,Alec,Burks,75,20,3.34,7.6,44.00%,0.27,0.8,0.34,2.57,3.3,78.00%,9.5,0.9,1.8,2.7,1.5,1.1,1.36,0.7,0.1,2,0,0,1500,250.8,570,44.00%,20.4,60,0.34,193.05,247.5,78.00%,715.05,67.5,135,202.5,112.5,82.5,52.5,7.5,150,B-ROLE,Alec Burks
ORL,SF/PF,SF,SF,Hedo,Turkoglu,73,28,3.43,8.8,39.00%,1.5,4.4,0.34,1.15,1.6,72.00%,9.5,0.3,3.3,3.6,3.6,2.3,1.57,0.7,0.25,2.5,1,0,2044,250.54,642.4,39.00%,109.21,321.2,0.34,84.096,116.8,72.00%,694.38,21.9,240.9,262.8,262.8,167.9,51.1,18.25,182.5,B-CARE,Hedo Turkoglu
NYK,SF/PF,SF/PF,SF,Steve,Novak,75,22,3.13,6.8,46.00%,2.67,5.8,0.46,0.59,0.7,84.00%,9.5,0.4,2,2.4,0.5,0.6,0.83,0.35,0.2,1.6,0,0,1650,234.6,510,46.00%,200.1,435,0.45,44.1,52.5,84.00%,713.4,30,150,180,37.5,45,26.25,15,120,D-SLEEP/ H2H,Steve Novak
ORL,SG,SG,SG,JJ,Redick,75,22,3.12,7.6,41.00%,1.33,3.6,0.37,1.94,2.2,88.00%,9.5,0.1,1.7,1.8,2.2,1,2.2,0.4,0,1.4,0,0,1650,233.7,570,41.00%,99.9,270,0.37,145.2,165,88.00%,712.5,7.5,127.5,135,165,75,30,0,105,AVOID,JJ Redick
TOR,SG,SG,SG,Terrence,Ross,74,22,3.36,8.2,41.00%,1.44,4,0.36,1.29,1.7,76.00%,9.5,0.8,2.5,3.3,1.2,1.4,0.86,0.9,0.45,2.5,1,0,1628,248.79,606.8,42.00%,106.56,296,0.36,95.608,125.8,76.00%,699.74,59.2,185,244.2,88.8,103.6,66.6,33.3,185,,Terrence Ross
DET,SF/PF,SF/PF,PF,Jonas,Jerebko,74,26,3.76,8,47.00%,0.53,1.6,0.33,1.4,1.8,78.00%,9.5,1.7,3.5,5.2,0.6,1,0.6,0.65,0.25,2.6,1,0,1924,278.24,592,47.00%,39.072,118.4,0.33,103.9,133.2,78.00%,699.45,125.8,259,384.8,44.4,74,48.1,18.5,192.4,B-CARE,Jonas Jerebko
PHI,SG/SF,SG/SF,SG,Evan,Turner,76,27,4.02,9.8,41.00%,0.23,1,0.23,1.16,1.6,72.50%,9.4,0.5,5.3,5.8,3.6,2.3,1.57,0.85,0.35,2.6,6,0,2052,305.37,744.8,45.00%,17.48,76,0.25,88.16,121.6,72.50%,716.38,38,402.8,440.8,273.6,174.8,64.6,26.6,197.6,R-START,Evan Turner
CLE,PF/C,PF/C,C,Anderson,Varejao,72,31,3.9,7.5,52.00%,0,0,0,1.61,2.4,67.00%,9.4,3,6.4,9.4,1.6,1.6,1,1,0.85,2.8,16,0,2232,280.8,540,52.00%,0,0,0,115.78,172.8,67.00%,677.38,216,460.8,676.8,115.2,115.2,72,61.2,201.6,H2H,Anderson Varejao
MIN,PG,PG/SG,PG,JJ,Barea,75,20,3.23,7.7,42.00%,1.22,3.2,0.38,1.72,2.2,78.00%,9.4,0.4,1.6,2,4,1.8,2.22,0.55,0,1.5,1,0,1500,242.55,577.5,42.00%,91.2,240,0.37,128.7,165,78.00%,705,30,120,150,300,135,41.25,0,112.5,,JJ Barea
BOS,SG/SF,SG,SG,Courtney,Lee,75,27,3.52,8,44.00%,1.2,3,0.4,1.148,1.4,82.00%,9.4,0.4,2.2,2.6,1.3,1,1.3,1.1,0.3,2,0,0,2025,264,600,44.00%,90,225,0.4,86.1,105,82.00%,704.1,30,165,195,97.5,75,82.5,22.5,150,,Courtney Lee
SAC,PF/C,PF,PF,Jason,Thompson,75,28,3.83,7.3,52.50%,0,0,0,1.69,2.6,65.00%,9.4,2.7,4.5,7.2,1.1,1.1,1,0.7,0.7,2.5,12,0,2100,287.44,547.5,52.50%,0,0,0,126.75,195,65.00%,701.62,202.5,337.5,540,82.5,82.5,52.5,52.5,187.5,,Jason Thompson
SAS,SG/SF,SG,SG,Danny,Green,74,24,3.25,7.6,42.80%,1.52,3.8,0.4,1.2,1.5,80.00%,9.2,0.7,2.7,3.4,1.2,1,1.2,0.9,0.6,1.7,0,0,1776,240.71,562.4,42.80%,112.48,281.2,0.4,88.8,111,80.00%,682.69,51.8,199.8,251.6,88.8,74,66.6,44.4,125.8,ROTO,Danny Green
LAL,SF/PF,SF,SF,Metta,World Peace,74,30,3.36,8,42.00%,1.26,3.5,0.36,1.24,2,62.00%,9.2,1.3,2.7,4,1.8,1.3,1.38,1.4,0.4,2.4,1,0,2220,248.64,592,41.00%,93.24,259,0.35,91.76,148,62.00%,682.28,96.2,199.8,296,133.2,96.2,103.6,29.6,177.6,,Metta World Peace
MIL,SF/PF,SF,SF,Tobias,Harris,75,20,3.45,7.5,46.00%,0.39,1.3,0.3,1.92,2.4,80.00%,9.2,1.4,2.8,4.2,1.2,1.8,0.67,0.65,0.35,2.2,1,0,1500,258.75,562.5,48.00%,29.25,97.5,0.3,144,180,80.00%,690.75,105,210,315,90,135,48.75,26.25,165,B-ROLE,Tobias Harris
MIN,PG/SG,PG/SG,PG,Luke,Ridnour,74,25,3.48,8,43.50%,0.83,2.3,0.36,1.41,1.6,88.00%,9.2,0.2,1.6,1.8,3.2,1.4,2.29,0.85,0.15,2,2,0,1850,257.52,592,44.00%,61.272,170.2,0.36,104.19,118.4,88.00%,680.5,14.8,118.4,133.2,236.8,103.6,62.9,11.1,148,,Luke Ridnour
CHI,PG/SG,PG/SG,PG,Nate,Robinson,74,20,3.28,8,41.00%,1.26,3.4,0.37,1.36,1.7,80.00%,9.2,0.4,1.4,1.8,3.8,1.4,2.71,0.75,0.05,2,0,0,1480,242.72,592,41.00%,93.092,251.6,0.37,100.64,125.8,80.00%,679.17,29.6,103.6,133.2,281.2,103.6,55.5,3.7,148,B-CARE,Nate Robinson
BOS,PF,PF,PF,Jared,Sullinger,75,24,3.32,7,47.50%,0.21,0.7,0.295,2.3,2.6,76.50%,9.2,2.4,3.6,6,0.8,1.3,0.62,0.6,0.3,2.2,4,0,1800,249.38,525,47.00%,15.488,52.5,0.27,172.5,195,76.00%,686.74,180,270,450,60,97.5,45,22.5,165,,Jared Sullinger
CHI,SG,SG,SG,Marco,Belinelli,75,22,3.28,8,41.00%,1.37,3.6,0.38,1.11,1.4,79.00%,9,0.2,1.6,1.8,1.4,0.8,1.75,0.6,0.05,1.8,0,0,1650,246,600,41.00%,102.6,270,0.38,82.95,105,79.00%,677.55,15,120,135,105,60,45,3.75,135,,Marco Belinelli
NOR,C,C,C,Robin,Lopez,72,26,3.63,7.4,49.00%,0,0,0,1.78,2.5,71.00%,9,2.5,3.5,6,0.4,1,0.4,0.3,1.3,3,8,0,1872,261.07,532.8,50.00%,0,0,0,127.8,180,72.00%,649.94,180,252,432,28.8,72,21.6,93.6,216,AVOID,Robin Lopez
LAC,SF,SF,SF,Matt,Barnes,72,26,3.22,7,46.00%,0.94,2.6,0.36,1.65,2.2,75.00%,9,1.4,2.8,4.2,1.6,1.4,1.14,0.75,0.55,2,2,0,1872,231.84,504,46.00%,67.392,187.2,0.34,118.8,158.4,76.00%,649.87,100.8,201.6,302.4,115.2,100.8,54,39.6,144,AVOID,Matt Barnes
HOU,SF,PF,PF,Terrence,Jones,74,24,3.39,7.7,44.00%,0.41,1.2,0.34,1.84,2.7,68.00%,9,1.7,3.7,5.4,1.2,1.5,0.8,0.7,1,2.2,2,0,1776,250.71,569.8,44.00%,30.192,88.8,0.34,135.86,199.8,68.00%,667.48,125.8,273.8,399.6,88.8,111,51.8,74,162.8,D-SLEEP,Terrence Jones
CLE,PF/C,C,C,Tyler,Zeller,75,23,3.46,6.6,52.50%,0,0,0,2.03,2.6,78.00%,9,1.7,3.3,5,0.8,1.4,0.57,0.5,0.85,2.5,6,0,1725,259.88,495,52.00%,0,0,0,152.1,195,78.00%,671.85,127.5,247.5,375,60,105,37.5,63.75,187.5,D-SLEEP,Tyler Zeller
SAS,C,PF/C,C,Tiago,Splitter,72,20,3.42,5.9,58.00%,0,0,0,2.11,3.3,64.00%,9,1.7,3.6,5.3,1.1,1.4,0.79,0.45,0.75,2.3,3,0,1440,246.38,424.8,59.00%,0,0,0,152.06,237.6,64.00%,644.83,122.4,259.2,381.6,79.2,100.8,32.4,54,165.6,,Tiago Splitter
PHI,C,C,C,Spencer,Hawes,72,24,3.69,8.2,45.00%,0.63,1.8,0.35,0.94,1.3,72.50%,9,1.8,4.6,6.4,2.6,1.5,1.73,0.35,1.15,2.6,10,0,1728,265.68,590.4,46.00%,45.36,129.6,0.35,67.86,93.6,72.50%,644.58,129.6,331.2,460.8,187.2,108,25.2,82.8,187.2,,Spencer Hawes
PHI,SG/SF,SG/SF,SG,Jason,Richardson,72,20,3.28,8,41.00%,1.71,4.5,0.38,0.68,1,68.00%,9,0.4,2.2,2.6,1.4,1,1.4,0.8,0.2,1.8,0,0,1440,236.16,576,41.00%,123.12,324,0.38,48.96,72,68.00%,644.4,28.8,158.4,187.2,100.8,72,57.6,14.4,129.6,B-CARE,Jason Richardson
DET,SF/PF,SF,SF,Corey,Maggette,58,15,2.77,6.3,44.00%,0.34,1,0.34,2.94,3.5,84.00%,8.8,0.5,1.9,2.4,1,1.1,0.91,0.4,0.05,1.8,0,0,870,160.78,365.4,44.00%,19.72,58,0.34,170.52,203,84.00%,511.79,29,110.2,139.2,58,63.8,23.2,2.9,104.4,AVOID,Corey Maggette
MEM,SG/SF,SG,SG,Tony,Allen,73,27,3.36,7.3,46.00%,0.1,0.4,0.24,2,2.7,74.00%,8.8,1.5,2.3,3.8,1.4,1.5,0.93,1.8,0.5,2.6,1,0,1971,245.13,532.9,46.00%,7.008,29.2,0.24,145.85,197.1,74.00%,643.13,109.5,167.9,277.4,102.2,109.5,131.4,36.5,189.8,H2H,Tony Allen
WAS,C,C,C,Emeka,Okafor,72,26,3.71,7,0.53,0,0,0,1.375,2.5,0.55,8.795,2.2,5,7.2,0.6,1.1,0.545454545,0.45,1.15,2.5,3,0,1872,267.12,504,0.53,0,0,0,99,180,0.55,633.24,158.4,360,518.4,43.2,79.2,32.4,82.8,180,B-CARE,Emeka Okafor
CHI,PG/SG,PG/SG,PG,Kirk,Hinrich,75,28,3.32,7.8,42.50%,1.11,3,0.37,1.04,1.3,80.00%,8.8,0.3,1.9,2.2,4.4,1.8,2.44,1,0.25,2.2,0,0,2100,248.62,585,42.00%,83.25,225,0.37,78,97.5,80.00%,658.5,22.5,142.5,165,330,135,75,18.75,165,B-CARE,Kirk Hinrich
MIA,PG,PG,PG,Mario,Chalmers,70,28,3.06,7.2,42.50%,1.52,4,0.38,1.13,1.4,80.50%,8.8,0.3,2.5,2.8,3.2,2,1.6,1.35,0.15,2.6,0,0,1960,214.2,504,43.50%,106.4,280,0.38,78.89,98,80.50%,613.69,21,175,196,224,140,94.5,10.5,182,H2H,Mario Chalmers
UTA,PG/SG,PG/SG,SG,Randy,Foye,74,20,3.12,8,39.00%,1.41,3.8,0.37,0.95,1.1,86.00%,8.6,0.3,1.5,1.8,2.2,1.2,1.83,0.65,0.15,2,0,0,1480,230.88,592,39.50%,104.04,281.2,0.375,70.004,81.4,86.00%,635.81,22.2,111,133.2,162.8,88.8,48.1,11.1,148,B-CARE,Randy Foye
HOU,C,C,C,Omer,Asik,76,29,3.37,6.3,53.50%,0,0,0,1.77,3.3,53.50%,8.5,3.5,6.5,10,1.5,2.2,0.68,0.65,1.65,3.5,20,0,2204,256.16,478.8,52.50%,0,0,0,134.18,250.8,50.00%,646.49,266,494,760,114,167.2,49.4,125.4,266,CYC/ H2H,Omer Asik
TOR,C,C,C,Jonas,Valanciunas,75,25,3.36,6,56.00%,0,0,0,1.76,2.2,80.00%,8.5,2.5,5,7.5,1,1.8,0.56,0.4,1.1,3.3,18,0,1875,252,450,58.00%,0,0,0,132,165,80.00%,636,187.5,375,562.5,75,135,30,82.5,247.5,,Jonas Valanciunas
SAC,PG,PG,PG,Aaron,Brooks,73,18,2.92,7.3,40.00%,1.15,3.1,0.37,1.46,1.7,86.00%,8.4,0.2,1,1.2,2.6,1.3,2,0.45,0.05,1.5,1,0,1314,213.16,532.9,40.00%,83.731,226.3,0.37,106.73,124.1,86.00%,616.78,14.6,73,87.6,189.8,94.9,32.85,3.65,109.5,B-CARE,Aaron Brooks
DEN,PG/SG,PG,PG,Andre,Miller,80,24,3.18,7.3,43.50%,0.16,0.8,0.2,1.89,2.3,82.00%,8.4,0.7,2.1,2.8,6.2,2.4,2.58,0.85,0.05,1.8,8,0,1920,254.04,584,43.50%,12.8,64,0.2,150.88,184,82.00%,671.76,56,168,224,496,192,68,4,144,B-CARE,Andre Miller
SAS,PF/C,PF/C,PF,DeJuan,Blair,75,18,3.6,6.8,53.00%,0,0,0,1.13,1.8,63.00%,8.3,2.1,3.2,5.3,1,1.3,0.77,0.75,0.25,2.2,8,0,1350,270.3,510,52.00%,0,0,0,85.05,135,62.00%,625.65,157.5,240,397.5,75,97.5,56.25,18.75,165,AVOID,DeJuan Blair
PHO,SG,SG,SG,Leandro,Barbosa,72,18,3.08,7.5,41.00%,0.87,2.3,0.38,1.22,1.5,81.00%,8.2,0.4,1.2,1.6,1.4,1,1.4,0.7,0.05,1.5,0,0,1296,221.4,540,41.00%,62.928,165.6,0.38,87.48,108,81.00%,593.21,28.8,86.4,115.2,100.8,72,50.4,3.6,108,,Leandro Barbosa
BOS,PG/SG,PG/SG,PG,Avery,Bradley,50,22,3.3,6.8,48.50%,0.54,1.4,0.385,1.09,1.4,78.00%,8.2,0.6,1.4,2,1.6,1.2,1.33,0.95,0.25,2.2,0,0,1100,164.9,340,49.00%,26.95,70,0.39,54.6,70,78.00%,411.35,30,70,100,80,60,47.5,12.5,110,AVOID,Avery Bradley
TOR,SG/SF,SG,SF,Landry,Fields,75,28,3.22,7,46.00%,0.66,2,0.33,1.12,1.6,70.00%,8.2,0.8,3.6,4.4,2.2,1.4,1.57,1.05,0.15,1.5,1,0,2100,241.5,525,46.60%,49.5,150,0.33,84,120,70.00%,616.5,60,270,330,165,105,78.75,11.25,112.5,B-CARE,Landry Fields
WAS,SG/SF,SG/SF,SF,Trevor,Ariza,70,24,3,7.7,39.00%,0.8,2.5,0.32,1.4,2,70.00%,8.2,0.6,3.4,4,1.4,1.4,1,1.25,0.25,1.6,0,0,1680,210.21,539,41.00%,56,175,0.33,98,140,71.00%,574.42,42,238,280,98,98,87.5,17.5,112,,Trevor Ariza
ATL,SG/SF,SG/SF,SG,Anthony,Morrow,74,18,2.94,6.6,44.50%,1.36,3.2,0.425,0.97,1.1,88.00%,8.2,0.4,1.4,1.8,1,0.7,1.43,0.45,0.05,1.3,0,0,1332,217.34,488.4,45.00%,100.64,236.8,0.43,71.632,81.4,88.00%,606.95,29.6,103.6,133.2,74,51.8,33.3,3.7,96.2,,Anthony Morrow
ORL,PF/C,PF,PF,Gustavo,Ayon,70,24,3.54,6.8,52.00%,0,0,0,1.12,1.8,62.00%,8.2,2.3,4.3,6.6,1.4,1.3,1.08,0.85,0.95,3.1,6,0,1680,247.52,476,52.00%,0,0,0,78.12,126,62.00%,573.16,161,301,462,98,91,59.5,66.5,217,,Gustavo Ayon
SAS,PG/SG,PG/SG,SG,Gary,Neal,74,16,2.99,6.8,44.00%,1.34,3.2,0.42,0.72,0.9,80.00%,8,0.1,1.7,1.8,1.4,0.8,1.75,0.35,0.05,1.1,0,0,1184,221.41,503.2,44.00%,99.456,236.8,0.42,53.28,66.6,80.00%,595.55,7.4,125.8,133.2,103.6,59.2,25.9,3.7,81.4,AVOID,Gary Neal
TOR,SF,SF/PF,SF,Linas,Kleiza,68,18,2.94,7,42.00%,0.95,2.8,0.34,1.22,1.6,76.00%,8,0.7,2.5,3.2,0.8,1.1,0.73,0.35,0.1,2,0,0,1224,199.92,476,42.00%,64.736,190.4,0.34,82.688,108.8,76.00%,547.26,47.6,170,217.6,54.4,74.8,23.8,6.8,136,,Linas Kleiza
ATL,SG/SF,SG/SF,SF,Kyle,Korver,75,22,2.82,6.4,44.00%,1.56,3.8,0.41,0.84,1,84.00%,8,0.3,1.9,2.2,1.6,0.8,2,0.5,0.2,1.7,0,0,1650,211.2,480,44.00%,116.85,285,0.41,63,75,84.00%,602.25,22.5,142.5,165,120,60,37.5,15,127.5,D-SLEEP,Kyle Korver
SAS,SG/SF,SG/SF,SF,Stephen,Jackson,71,22,2.64,6.6,40.00%,0.86,2.6,0.33,1.89,2.3,82.00%,8,0.3,2.9,3.2,2,1.6,1.25,0.95,0.15,1.6,0,0,1562,187.44,468.6,40.00%,60.918,184.6,0.33,133.91,163.3,82.00%,569.7,21.3,205.9,227.2,142,113.6,67.45,10.65,113.6,AVOID,Stephen Jackson
LAC,SF,SF,SF,Caron,Butler,72,20,3.12,7.6,41.00%,0.84,2.3,0.366,0.95,1.2,79.00%,8,0.4,2.2,2.6,1.1,1,1.1,0.7,0.2,1.6,0,0,1440,224.35,547.2,41.00%,60.61,165.6,0.366,68.256,86.4,79.00%,577.57,28.8,158.4,187.2,79.2,72,50.4,14.4,115.2,AVOID,Caron Butler
SAC,SF/PF,SF/PF,SF,James,Johnson,74,26,3.22,7,46.00%,0.38,1.2,0.32,1.19,1.7,70.00%,8,1.2,3.2,4.4,2,1.7,1.18,0.95,1.2,3,2,0,1924,238.28,518,46.00%,28.416,88.8,0.3,88.06,125.8,70.00%,593.04,88.8,236.8,325.6,148,125.8,70.3,88.8,222,,James Johnson
ORL,PF/C,PF/C,C,Nikola,Vucevic,76,22,3.35,7.2,46.50%,0.35,1,0.35,0.94,1.3,72.00%,8,2,4,6,0.6,1,0.6,0.45,0.9,2.5,6,0,1672,254.45,547.2,46.50%,26.6,76,0.35,71.136,98.8,72.00%,606.63,152,304,456,45.6,76,34.2,68.4,190,D-SLEEP,Nikola Vucevic
SAC,PG,PG/SG,PG,Jimmer,Fredette,72,18,2.88,7.2,40.00%,1.37,3.6,0.38,0.83,1,83.00%,8,0.2,1,1.2,1.8,1.2,1.5,0.5,0,1.2,0,0,1296,207.36,518.4,40.00%,98.496,259.2,0.38,59.76,72,82.00%,572.98,14.4,72,86.4,129.6,86.4,36,0,86.4,AVOID,Jimmer Fredette
NOR,SF,SF,SF,Al-Farouq,Aminu,75,28,2.9,7,41.50%,0.42,1.2,0.35,1.58,2.1,75.00%,7.8,1.7,3.9,5.6,1.2,1.8,0.67,1.15,0.55,2.5,1,0,2100,217.88,525,42.00%,31.5,90,0.35,118.12,157.5,75.00%,585.38,127.5,292.5,420,90,135,86.25,41.25,187.5,B-ROLE,Al-Farouq Aminu
BRK,SF/PF,SF/PF,PF,Mirza,Teletovic,74,16,2.6,6.5,40.00%,1.66,4.5,0.37,0.91,1.3,70.00%,7.8,0.5,2.5,3,0.6,1.1,0.55,0.3,0.3,1.5,0,0,1184,192.4,481,42.00%,123.21,333,0.37,67.34,96.2,70.00%,575.35,37,185,222,44.4,81.4,22.2,22.2,111,D-SLEEP,Mirza Teletovic
ORL,PF,PF,PF,Andrew,Nicholson,75,16,3,6,50.00%,0.21,0.8,0.26,1.56,2,78.00%,7.8,1.5,2.3,3.8,0.4,1.4,0.29,0.25,0.65,1.8,4,0,1200,225,450,50.00%,15.6,60,0.26,117,150,78.00%,582.6,112.5,172.5,285,30,105,18.75,48.75,135,D-SLEEP,Andrew Nicholson
BRK,PF/C,PF/C,PF,Andray,Blatche,58,18,3.22,7,46.00%,0.13,0.5,0.26,1.152,1.6,72.00%,7.7,1.5,2.9,4.4,0.6,1,0.6,0.65,0.55,1.6,1,0,1296,231.84,504,46.00%,9.36,36,0.26,82.944,115.2,72.00%,555.98,108,208.8,316.8,43.2,72,46.8,39.6,115.2,AVOID,Andray Blatche
SAS,PG,PG,PG,Patrick,Mills,66,14,2.87,6.6,43.50%,1.15,2.8,0.41,0.8,1,80.00%,7.7,0.2,1.2,1.4,2.2,1.4,1.57,0.55,0,1.1,0,0,924,189.49,435.6,43.50%,75.768,184.8,0.41,52.8,66,80.00%,507.54,13.2,79.2,92.4,145.2,92.4,36.3,0,72.6,B-ROLE,Patrick Mills
MIL,PF,PF,PF,John,Henson,72,18,3.2,6.4,50.00%,0,0,0,1.23,2.2,56.00%,7.6,1.5,3.7,5.2,1,1.3,0.77,0.35,1.55,2.2,3,0,1296,230.4,460.8,50.00%,0,0,0,88.704,158.4,56.00%,549.5,108,266.4,374.4,72,93.6,25.2,111.6,158.4,,John Henson
IND,PF/C,PF,PF,Tyler,Hansbrough,75,18,2.55,6,42.50%,0,0,0,2.53,3.2,79.00%,7.6,1.6,2.4,4,0.4,0.8,0.5,0.6,0.15,2,0,0,1350,191.25,450,42.50%,0,0,0,189.6,240,79.00%,572.1,120,180,300,30,60,45,11.25,150,AVOID,Tyler Hansbrough
MIL,C,C,C,Samuel,Dalembert,75,25,3.21,6.3,51.00%,0,0,0,1.17,1.6,73.00%,7.6,2.5,5.3,7.8,0.6,1.2,0.5,0.5,1.6,2.8,13,0,1875,240.98,472.5,51.00%,0,0,0,87.6,120,73.00%,569.55,187.5,397.5,585,45,90,37.5,120,210,,Samuel Dalembert
DAL,SF/PF,SF,SF,Jae,Crowder,75,18,2.7,6,45.00%,0.9,2.5,0.36,1.28,1.7,75.00%,7.6,0.7,2.7,3.4,1,1,1,1.15,0.25,1.8,2,0,1350,202.5,450,44.00%,67.5,187.5,0.36,95.625,127.5,74.00%,568.12,52.5,202.5,255,75,75,86.25,18.75,135,D-SLEEP,Jae Crowder
DEN,SF,SG,SF,Jordan,Hamilton,74,15,2.77,6.6,42.00%,1.22,3.2,0.38,0.81,1.1,74.00%,7.6,0.4,2,2.4,1,0.8,1.25,0.5,0.15,1.4,0,0,1110,205.13,488.4,42.00%,89.984,236.8,0.38,60.236,81.4,74.00%,560.48,29.6,148,177.6,74,59.2,37,11.1,103.6,B-ROLE,Jordan Hamilton
POR,C,C,C,Meyers,Leonard,72,24,2.88,5.6,51.50%,0,0,0,1.76,2.4,73.50%,7.5,1.8,4.4,6.2,0.8,1.5,0.53,0.25,1.15,3.4,5,0,1728,207.65,403.2,51.50%,0,0,0,127.01,172.8,73.50%,542.3,129.6,316.8,446.4,57.6,108,18,82.8,244.8,B-CARE,Meyers Leonard
CLE,PG/SG,PG/SG,SG,Daniel,Gibson,74,22,2.5,6.4,39.00%,1.48,3.8,0.39,0.95,1.2,79.00%,7.4,0.3,1.9,2.2,2,1.2,1.67,0.7,0.3,2,0,0,1628,184.7,473.6,38.00%,109.67,281.2,0.39,70.152,88.8,79.00%,549.23,22.2,140.6,162.8,148,88.8,51.8,22.2,148,AVOID,Daniel Gibson
TOR,PG,PG,PG,Jose,Calderon,72,24,2.79,6.2,45.00%,0.87,2.3,0.38,0.95,1.1,86.00%,7.4,0.2,1.6,1.8,5.8,1.5,3.87,0.65,0.05,1.6,8,0,1728,200.88,446.4,45.00%,62.928,165.6,0.38,68.112,79.2,86.00%,532.8,14.4,115.2,129.6,417.6,108,46.8,3.6,115.2,B-CARE,Jose Calderon
HOU,SG/SF,SG/SF,SF,Carlos,Delfino,72,21,2.72,6.8,40.00%,1.41,3.8,0.37,0.55,0.7,78.00%,7.4,0.3,2.7,3,1.5,1,1.5,1,0.15,1.5,0,0,1512,195.84,489.6,40.00%,101.23,273.6,0.37,39.312,50.4,78.00%,532.22,21.6,194.4,216,108,72,72,10.8,108,AVOID,Carlos Delfino
DEN,PF/C,PF/C,C,Kosta,Koufos,76,20,3.25,5.8,56.00%,0,0,0,0.88,1.4,63.00%,7.4,2.6,3.6,6.2,0.5,1,0.5,0.45,1.05,2.4,8,0,1520,246.85,440.8,56.00%,0,0,0,67.032,106.4,60.00%,560.73,197.6,273.6,471.2,38,76,34.2,79.8,182.4,,Kosta Koufos
MEM,PF/C,PF,PF,Darrell,Arthur,66,16,3.14,6.4,49.00%,0,0,0,1.11,1.4,79.00%,7.4,1.2,2.4,3.6,0.5,0.8,0.62,0.55,0.65,2.3,1,0,1056,206.98,422.4,49.00%,0,0,0,72.996,92.4,79.00%,486.95,79.2,158.4,237.6,33,52.8,36.3,42.9,151.8,AVOID,Darrell Arthur
LAL,SG,SG,SG,Jodie,Meeks,76,18,2.52,6,42.00%,1.6,3.8,0.42,0.72,0.8,90.00%,7.4,0.2,1.4,1.6,0.8,0.5,1.6,0.55,0.05,1,0,0,1368,191.52,456,42.00%,121.3,288.8,0.42,54.72,60.8,90.00%,559.06,15.2,106.4,121.6,60.8,38,41.8,3.8,76,,Jodie Meeks
DET,PF,PF,C,Andre,Drummond,75,22,3.24,6,54.00%,0,0,0,0.77,2.4,32.00%,7.2,2.8,3.6,6.4,0.6,1.2,0.5,0.75,2.15,3.6,6,0,1650,243,450,50.00%,0,0,0,57.6,180,30.00%,543.6,210,270,480,45,90,56.25,161.25,270,H2H,Andre Drummond
HOU,SF/PF,PF,C,Donatas,Motiejunas,74,18,2.58,6,43.00%,0.75,2.2,0.34,1.3,1.8,72.00%,7.2,1.2,3,4.2,0.4,1.4,0.29,0.5,0.5,2.5,1,0,1332,190.92,444,43.00%,55.352,162.8,0.34,95.904,133.2,72.00%,533.1,88.8,222,310.8,29.6,103.6,37,37,185,D-SLEEP,Donatas Motiejunas
NOR,PF/C,PF,PF,Jason,Smith,74,18,3.1,6.2,50.00%,0.06,0.2,0.29,0.94,1.3,72.00%,7.2,1.2,2.2,3.4,0.6,0.8,0.75,0.35,0.85,2.3,0,0,1332,229.4,458.8,50.00%,4.292,14.8,0.29,69.264,96.2,72.00%,532.36,88.8,162.8,251.6,44.4,59.2,25.9,62.9,170.2,,Jason Smith
HOU,SF,PF,PF,Royce,White,75,18,2.8,5.6,50.00%,0.07,0.2,0.33,1.48,2.8,53.00%,7.2,1.4,3.8,5.2,2.8,2.2,1.27,0.65,0.4,1.8,5,0,1350,210,420,50.00%,4.95,15,0.33,111.3,210,53.00%,536.25,105,285,390,210,165,48.75,30,135,D-SLEEP,Royce White
WAS,PF,PF,PF,Trevor,Booker,72,22,2.97,5.5,54.00%,0,0,0,1.09,1.7,64.00%,7,2,3,5,0.6,0.9,0.67,0.75,0.65,2.4,1,0,1584,213.84,396,54.00%,0,0,0,78.336,122.4,64.00%,506.02,144,216,360,43.2,64.8,54,46.8,172.8,,Trevor Booker
TOR,PF/C,PF/C,PF,Ed,Davis,75,25,2.91,5.6,52.00%,0,0,0,1.19,1.8,66.00%,7,2.2,4.5,6.7,1,1.1,0.91,0.65,1.05,2,10,0,1875,218.4,420,53.80%,0,0,0,89.1,135,66.00%,525.9,165,337.5,502.5,75,82.5,48.75,78.75,150,,Ed Davis
BRK,PG,PG,PG,CJ,Watson,72,18,2.5,6.4,39.00%,0.85,2.2,0.385,1.17,1.5,78.00%,7,0.3,1.3,1.6,2.6,1.3,2,0.75,0.15,1.6,0,0,1296,179.71,460.8,38.00%,60.984,158.4,0.38,84.24,108,78.00%,504.65,21.6,93.6,115.2,187.2,93.6,54,10.8,115.2,,CJ Watson
DAL,PG/SG,PG/SG,PG,Delonte,West,66,15,2.58,6,43.00%,0.81,2.2,0.37,1.03,1.2,86.00%,7,0.2,1.6,1.8,2.2,1.3,1.69,1,0.15,1.3,0,0,990,170.28,396,43.00%,53.724,145.2,0.37,68.112,79.2,86.00%,462.4,13.2,105.6,118.8,145.2,85.8,66,9.9,85.8,AVOID,Delonte West
MEM,PG,PG,SG,Josh,Selby,70,15,2.26,5.8,39.00%,1.35,3.6,0.375,1.13,1.4,80.50%,7,0.3,1.1,1.4,1.6,1.8,0.89,0.7,0.05,1.5,0,0,1050,158.34,406,39.00%,94.5,252,0.375,78.89,98,80.50%,490.07,21,77,98,112,126,49,3.5,105,B-ROLE,Josh Selby
CLE,PF/C,PF,PF,Jon,Leuer,74,18,2.98,6.2,48.00%,0.29,0.8,0.36,0.76,1,76.00%,7,1.3,2.5,3.8,1,0.8,1.25,0.45,0.45,2,0,0,1332,220.22,458.8,48.00%,21.312,59.2,0.36,56.24,74,76.00%,518,96.2,185,281.2,74,59.2,33.3,33.3,148,D-SLEEP,Jon Leuer
DEN,SG/SF,SF,SF,Corey,Brewer,72,18,2.688,6.4,42.00%,0.56,1.8,0.31,1.05,1.5,70.00%,7,0.6,1.4,2,1.2,0.9,1.333,0.95,0.25,1.6,0,0,1296,193.54,460.8,42.00%,40.176,129.6,0.3,75.6,108,70.00%,502.85,43.2,100.8,144,86.4,64.8,68.4,18,115.2,AVOID,Corey Brewer
DAL,SG,SG/SF,SF,Vince,Carter,70,18,2.54,6.2,41.00%,0.94,2.6,0.36,0.96,1.2,80.00%,7,0.4,2,2.4,1.5,1,1.5,0.6,0.2,1.6,0,0,1260,177.94,434,41.00%,65.52,182,0.36,67.2,84,80.00%,488.6,28,140,168,105,70,42,14,112,AVOID,Vince Carter
DAL,PG/SG,PG/SG,PG,Rodrigue,Beaubois,72,16,2.7,6.2,43.50%,0.68,2,0.34,0.9,1.1,82.00%,7,0.4,1.4,1.8,2.3,1.1,2.09,0.75,0.35,1.5,0,0,1152,194.18,446.4,43.50%,48.96,144,0.34,64.944,79.2,82.00%,502.27,28.8,100.8,129.6,165.6,79.2,54,25.2,108,,Rodrigue Beaubois
MEM,PF/C,PF/C,PF,Marreese,Speights,74,16,2.88,6,48.00%,0.02,0.1,0.17,1.06,1.4,76.00%,6.8,1.5,2.7,4.2,0.5,0.8,0.62,0.25,0.45,2.2,1,0,1184,213.12,444,47.00%,1.258,7.4,0.17,78.736,103.6,76.00%,506.23,111,199.8,310.8,37,59.2,18.5,33.3,162.8,AVOID,Marreese Speights
CHA,SF/PF,SG,SF,Jeff,Taylor,70,16,2.36,5.5,43.00%,0.81,2.2,0.37,1.28,1.7,75.00%,6.8,1,1.8,2.8,1,1.2,0.83,0.55,0.2,1.5,0,0,1120,165.55,385,44.00%,56.98,154,0.37,89.25,119,75.00%,477.33,70,126,196,70,84,38.5,14,105,D-SLEEP,Jeff Taylor
SAS,PF/C,PF/C,PF,Boris,Diaw,73,26,2.84,5.4,52.50%,0.46,1.3,0.35,0.64,0.9,71.00%,6.8,1.8,3.6,5.4,2.4,1.2,2,0.7,0.35,2.2,4,0,1898,206.96,394.2,53.00%,33.215,94.9,0.35,46.647,65.7,71.00%,493.77,131.4,262.8,394.2,175.2,87.6,51.1,25.55,160.6,,Boris Diaw
LAC,SF/PF,PF,PF,Lamar,Odom,72,18,2.552,5.8,44.00%,0.53,1.6,0.33,1.056,1.6,66.00%,6.7,1,3.4,4.4,1.4,1,1.4,0.4,0.4,2,1,0,1296,183.74,417.6,45.00%,38.016,115.2,0.34,76.032,115.2,68.00%,481.54,72,244.8,316.8,100.8,72,28.8,28.8,144,B-CARE,Lamar Odom
ORL,PG/SG,SG,PG,E'Twaun,Moore,75,20,2.52,6,42.00%,0.91,2.4,0.38,0.68,0.9,76.00%,6.6,0.4,1.6,2,3,1.8,1.67,0.7,0.05,1.6,0,0,1500,189,450,40.00%,68.4,180,0.38,51.3,67.5,76.00%,497.7,30,120,150,225,135,52.5,3.75,120,D-SLEEP,E'Twaun Moore
NYK,PG/SG,PG/SG,SG,Iman,Shumpert,30,20,2.54,6.2,41.00%,0.58,1.8,0.32,0.96,1.2,80.00%,6.6,0.5,1.7,2.2,1.6,1.3,1.23,0.7,0.05,1.2,0,0,600,76.26,186,41.00%,17.28,54,0.32,28.8,36,80.00%,198.6,15,51,66,48,39,21,1.5,36,AVOID,Iman Shumpert
UTA,C,C,C,Enes,Kanter,75,16,2.53,4.6,55.00%,0,0,0,1.54,2.3,67.00%,6.6,1.9,3.1,5,0.4,1,0.4,0.35,0.65,1.8,0,0,1200,189.75,345,53.00%,0,0,0,115.58,172.5,67.00%,495.08,142.5,232.5,375,30,75,26.25,48.75,135,D-SLEEP/ B-CARE,Enes Kanter
TOR,PG,PG,PG,John,Lucas,70,12,2.4,6,40.00%,1.22,3.2,0.38,0.57,0.7,82.00%,6.6,0.3,0.9,1.2,1.6,0.8,2,0.4,0,1,0,0,840,168,420,40.00%,85.12,224,0.37,40.18,49,82.00%,461.3,21,63,84,112,56,28,0,70,,John Lucas
DET,PG/SG,SG,SG,Kim,English,74,18,2.2,5.5,40.00%,1.14,3,0.38,1.04,1.4,74.00%,6.6,0.4,1.8,2.2,1,1.4,0.71,0.6,0.1,1.5,0,0,1332,162.8,407,40.00%,84.36,222,0.38,76.664,103.6,74.00%,486.62,29.6,133.2,162.8,74,103.6,44.4,7.4,111,D-SLEEP,Kim English
MIL,PF/C,PF/C,PF,Drew,Gooden,70,15,2.42,5.5,44.00%,0.16,0.5,0.32,1.56,2,78.00%,6.6,1.3,2.5,3.8,1,1,1,0.4,0.3,1.5,0,0,1050,169.4,385,44.00%,11.2,35,0.32,109.2,140,78.00%,459.2,91,175,266,70,70,28,21,105,AVOID,Drew Gooden
CHA,PF/C,PF/C,C,Bismack,Biyombo,77,26,2.57,5.3,48.50%,0,0,0,1.404,2.6,54.00%,6.5,2.1,4.9,7,0.5,1.2,0.416666667,0.3,1.95,3,10,0,2002,197.93,408.1,50.00%,0,0,0,108.11,200.2,54.00%,503.96,161.7,377.3,539,38.5,92.4,23.1,150.15,231,B-ROLE/ H2H,Bismack Biyombo
NOR,PF,PF,PF,Hakim,Warrick,66,14,2.29,5.2,44.00%,0.04,0.2,0.2,1.92,2.6,74.00%,6.5,0.9,1.7,2.6,0.8,1,0.8,0.25,0.1,1.2,0,0,924,151.01,343.2,44.00%,2.64,13.2,0.2,126.98,171.6,74.00%,431.64,59.4,112.2,171.6,52.8,66,16.5,6.6,79.2,AVOID,Hakim Warrick
LAC,SF/PF,SF,SF,Grant,Hill,69,18,2.58,5.6,46.00%,0.29,0.8,0.36,1.01,1.3,78.00%,6.5,0.4,2,2.4,1.2,0.7,1.71,0.45,0.25,1.3,0,0,1242,177.74,386.4,46.00%,19.872,55.2,0.36,69.966,89.7,78.00%,445.33,27.6,138,165.6,82.8,48.3,31.05,17.25,89.7,AVOID,Grant Hill
NOR,SG,SG,SG,Roger,Mason,72,16,2.34,6,39.00%,1.52,4,0.38,0.24,0.3,80.00%,6.4,0.2,1,1.2,2,1.2,1.67,0.4,0.05,1.2,0,0,1152,168.48,432,39.00%,109.44,288,0.38,17.28,21.6,80.00%,463.68,14.4,72,86.4,144,86.4,28.8,3.6,86.4,,Roger Mason
MIA,PG,PG,PG,Norris,Cole,75,18,2.6,6.5,40.00%,0.3,1,0.3,0.94,1.2,78.00%,6.4,0.3,0.9,1.2,2,1.4,1.43,0.65,0.05,1.8,0,0,1350,195,487.5,40.00%,22.5,75,0.3,70.2,90,78.00%,482.7,22.5,67.5,90,150,105,48.75,3.75,135,,Norris Cole
MIN,PG/SG,SG,SG,Alexey,Shved,73,14,2.13,5.2,41.00%,1.22,3.2,0.38,0.94,1.2,78.00%,6.4,0.2,1.6,1.8,2.8,1.7,1.65,0.55,0.05,1.6,0,0,1022,155.64,379.6,41.00%,88.768,233.6,0.38,68.328,87.6,78.00%,468.37,14.6,116.8,131.4,204.4,124.1,40.15,3.65,116.8,D-SLEEP,Alexey Shved
PHO,SG/SF,SG/SF,SF,Wes,Johnson,76,22,2.54,6.2,41.00%,0.88,2.6,0.34,0.43,0.6,72.00%,6.4,0.4,2.4,2.8,1,0.8,1.25,0.6,0.6,1.8,0,0,1672,193.19,471.2,41.00%,67.184,197.6,0.34,32.832,45.6,72.00%,486.4,30.4,182.4,212.8,76,60.8,45.6,45.6,136.8,AVOID,Wes Johnson
DET,PG,PG,PG,Will,Bynum,70,15,2.35,5.6,42.00%,0.19,0.8,0.24,1.48,1.9,78.00%,6.4,0.3,1.1,1.4,1.8,1.4,1.29,0.65,0.05,1.6,0,0,1050,164.64,392,42.00%,13.44,56,0.24,103.74,133,78.00%,446.46,21,77,98,126,98,45.5,3.5,112,,Will Bynum
TOR,PF/C,PF/C,PF,Amir,Johnson,75,20,2.736,4.8,57.00%,0,0,0,0.897,1.3,69.00%,6.4,1.8,3.2,5,0.8,1.2,0.666666667,0.5,0.9,3,5,0,1500,205.2,360,56.00%,0,0,0,67.275,97.5,69.00%,477.68,135,240,375,60,90,37.5,67.5,225,AVOID,Amir Johnson
SAS,PF,PF/C,PF,Matt,Bonner,75,20,2.24,5.2,43.00%,1.6,3.8,0.42,0.3,0.4,75.00%,6.4,0.5,2.7,3.2,0.8,0.3,2.67,0.25,0.25,1.1,0,0,1500,167.7,390,43.00%,119.7,285,0.42,22.5,30,75.00%,477.6,37.5,202.5,240,60,22.5,18.75,18.75,82.5,,Matt Bonner
ATL,PF,PF,PF,Ivan,Johnson,76,16,2.5,4.8,52.00%,0.03,0.1,0.3,1.3,1.8,72.00%,6.3,1.2,3,4.2,0.5,1,0.5,0.7,0.25,2,1,0,1216,189.7,364.8,52.00%,2.28,7.6,0.3,98.496,136.8,72.00%,480.17,91.2,228,319.2,38,76,53.2,19,152,,Ivan Johnson
MIL,SF/PF,SF/PF,SF,Luc,Mbah a Moute,70,24,2.48,5.4,46.00%,0.03,0.1,0.255,1.22,1.8,68.00%,6.2,1.4,3,4.4,0.8,0.7,1.14,0.9,0.45,2.2,0,0,1680,173.88,378,46.00%,1.785,7,0.255,85.68,126,68.00%,435.22,98,210,308,56,49,63,31.5,154,AVOID,Luc Mbah a Moute
CHA,PF/C,PF,PF,Tyrus,Thomas,70,16,2.43,5.4,45.00%,0.02,0.1,0.2,1.33,1.8,74.00%,6.2,1.1,2.7,3.8,0.6,1,0.6,0.6,1,2.6,1,0,1120,170.1,378,45.00%,1.4,7,0.2,93.24,126,74.00%,434.84,77,189,266,42,70,42,70,182,AVOID,Tyrus Thomas
DAL,PF,PF,PF,Brandan,Wright,72,16,2.6,4.4,59.00%,0,0,0,0.85,1.4,61.00%,6,1.2,2.3,3.5,0.3,0.4,0.75,0.25,1.05,1.1,0,0,1152,186.91,316.8,60.00%,0,0,0,61.488,100.8,62.00%,435.31,86.4,165.6,252,21.6,28.8,18,75.6,79.2,,Brandan Wright
NYK,SG/SF,SG,SG,Ronnie,Brewer,72,22,2.51,5.4,46.50%,0.11,0.4,0.27,0.9,1.4,64.00%,6,0.8,2.2,3,1.8,0.8,2.25,1.15,0.25,1.1,0,0,1584,180.79,388.8,46.50%,7.776,28.8,0.27,64.512,100.8,64.00%,433.87,57.6,158.4,216,129.6,57.6,82.8,18,79.2,B-CARE,Ronnie Brewer
WAS,PG,PG,PG,AJ,Price,72,18,2.16,6,36.00%,0.86,2.6,0.33,0.84,1.1,76.00%,6,0.3,1.1,1.4,2.8,1.2,2.33,0.65,0,1.2,0,0,1296,155.52,432,36.00%,61.776,187.2,0.33,60.192,79.2,76.00%,433.01,21.6,79.2,100.8,201.6,86.4,46.8,0,86.4,,AJ Price
PHI,PF/C,PF/C,PF,Lavoy,Allen,76,20,2.52,5.2,48.50%,0,0,0,0.97,1.3,74.50%,6,1.6,3.6,5.2,1.3,0.8,1.62,0.35,0.55,2.2,3,0,1520,191.67,395.2,48.50%,0,0,0,73.606,98.8,74.50%,456.95,121.6,273.6,395.2,98.8,60.8,26.6,41.8,167.2,B-ROLE,Lavoy Allen
NYK,SF,SF,SF,Chris,Copeland,66,12,2.25,5,45.00%,0.44,1.2,0.37,1.07,1.3,82.00%,6,0.4,1.6,2,0.4,1,0.4,0.4,0.4,1.6,0,0,792,148.5,330,0.00%,29.304,79.2,0,70.356,85.8,0.00%,396.66,26.4,105.6,132,26.4,66,26.4,26.4,105.6,,Chris Copeland
CHI,SG/SF,SG,SF,Jimmy,Butler,75,18,1.78,4.2,42.50%,0.19,0.7,0.275,2.24,2.8,80.00%,6,1.2,1.8,3,1,0.8,1.25,0.65,0.25,1.2,0,0,1350,133.88,315,42.50%,14.438,52.5,0.285,168,210,80.50%,450.19,90,135,225,75,60,48.75,18.75,90,B-ROLE,Jimmy Butler
MIA,SF/PF,SF/PF,PF,Rashard,Lewis,66,18,2.18,5.2,42.00%,0.96,2.6,0.37,0.66,0.8,82.00%,6,0.7,2.1,2.8,0.4,0.8,0.5,0.5,0.25,1.4,0,0,1188,144.14,343.2,42.00%,63.492,171.6,0.37,43.296,52.8,82.00%,395.08,46.2,138.6,184.8,26.4,52.8,33,16.5,92.4,AVOID,Rashard Lewis
DET,PF,SF/PF,PF,Charlie,Villanueva,60,14,2.26,5.8,39.00%,0.98,2.8,0.35,0.48,0.6,80.00%,6,0.6,2.2,2.8,0.4,0.6,0.67,0.35,0.4,1.8,0,0,840,135.72,348,39.00%,58.8,168,0.35,28.8,36,80.00%,359.04,36,132,168,24,36,21,24,108,AVOID,Charlie Villanueva
DET,SF/PF,SF/PF,SF,Austin,Daye,66,16,2.18,5.2,42.00%,0.74,2,0.37,0.87,1.1,79.00%,6,0.5,2.3,2.8,0.8,1,0.8,0.45,0.55,1.8,0,0,1056,144.14,343.2,42.00%,48.84,132,0.37,57.354,72.6,79.00%,394.48,33,151.8,184.8,52.8,66,29.7,36.3,118.8,D-SLEEP/ B-CARE,Austin Daye
WAS,SG/SF,SG/SF,SF,Cartier,Martin,68,14,2.11,4.8,44.00%,1.04,2.6,0.4,0.58,0.8,72.00%,5.8,0.5,1.5,2,0.4,0.4,1,0.4,0.15,1.2,0,0,952,143.62,326.4,44.00%,70.72,176.8,0.4,39.168,54.4,72.00%,397.12,34,102,136,27.2,27.2,27.2,10.2,81.6,,Cartier Martin
NOR,PG,PG,PG,Brian,Roberts,70,12,2.064,4.8,43.00%,0.67,1.8,0.37,1.04,1.3,80.00%,5.8,0.1,0.9,1,2.2,1.2,1.833,0.45,0,1.7,0,0,840,144.48,336,43.00%,46.62,126,0.35,72.8,91,78.00%,408.38,7,63,70,154,84,31.5,0,119,,Brian Roberts
IND,C,C,C,Ian,Mahinmi,74,18,2.09,3.8,55.00%,0,0,0,1.63,2.4,68.00%,5.8,1.7,2.9,4.6,0.3,0.9,0.33,0.55,0.55,2.8,1,0,1332,154.66,281.2,55.00%,0,0,0,120.77,177.6,68.00%,430.09,125.8,214.6,340.4,22.2,66.6,40.7,40.7,207.2,AVOID,Ian Mahinmi
DEN,PF/C,PF,PF,Anthony,Randolph,70,12,2.18,4.6,47.50%,0,0,0,1.39,1.9,73.00%,5.8,1,2.2,3.2,0.6,0.9,0.67,0.35,0.75,1.4,0,0,840,152.95,322,47.50%,0,0,0,97.09,133,73.00%,402.99,70,154,224,42,63,24.5,52.5,98,B-CARE,Anthony Randolph
WAS,SG/SF,SG/SF,SF,Martell,Webster,66,16,2.02,4.8,42.00%,0.81,2.2,0.37,0.77,1,77.00%,5.6,0.3,1.7,2,0.6,0.7,0.86,0.35,0.15,1.5,0,0,1056,133.06,316.8,0.00%,53.724,145.2,0,50.82,66,0.00%,370.66,19.8,112.2,132,39.6,46.2,23.1,9.9,99,,Martell Webster
CLE,PF,PF,PF,Samardo,Samuels,70,14,2.024,4.4,46.00%,0,0,0,1.564,2.3,68.00%,5.6,1.2,2.2,3.4,0.4,1,0.4,0.35,0.45,2.4,0,0,980,141.68,308,46.00%,0,0,0,109.48,161,68.00%,392.84,84,154,238,28,70,24.5,31.5,168,D-SLEEP,Samardo Samuels
HOU,PG,PG,PG,Scott,Machado,74,18,2,5,40.00%,0.28,1,0.28,1.33,1.8,74.00%,5.6,0.3,1.1,1.4,4.2,2.5,1.68,0.95,0.05,2,1,0,1332,148,370,43.00%,20.72,74,0.23,98.568,133.2,60.00%,415.29,22.2,81.4,103.6,310.8,185,70.3,3.7,148,D-SLEEP,Scott Machado
CHA,C,C,C,Brendan,Haywood,70,22,2.24,4.3,52.00%,0,0,0,1.08,2,54.00%,5.6,2.3,3.7,6,0.2,0.8,0.25,0.2,1.2,2.3,3,0,1540,156.52,301,53.00%,0,0,0,75.6,140,54.00%,388.64,161,259,420,14,56,14,84,161,AVOID,Brendan Haywood
PHI,SG,PG,PG,Maalik,Wayns,74,14,1.79,4.6,39.00%,0.5,1.6,0.31,1.46,1.8,81.00%,5.5,0.2,1.1,1.3,2.5,1.4,1.79,0.4,0,1.5,0,0,1036,132.76,340.4,37.00%,36.704,118.4,0.34,107.89,133.2,70.00%,410.11,14.8,81.4,96.2,185,103.6,29.6,0,111,,Maalik Wayns
MIA,PF,PF,PF,Udonis,Haslem,72,22,2.29,5.2,44.00%,0,0,0,0.95,1.2,79.00%,5.5,1.7,5,6.7,0.5,0.9,0.56,0.5,0.3,2,1,0,1584,164.74,374.4,44.00%,0,0,0,68.256,86.4,79.00%,397.73,122.4,360,482.4,36,64.8,36,21.6,144,AVOID,Udonis Haslem
LAC,PG/SG,PG,PG,Eric,Bledsoe,76,16,2.04,4.8,42.50%,0.37,1.3,0.285,1.07,1.5,71.50%,5.5,0.8,1.7,2.5,2.5,1.5,1.67,1.15,0.35,1.8,1,0,1216,155.04,364.8,41.50%,28.158,98.8,0.25,81.51,114,71.50%,419.75,60.8,129.2,190,190,114,87.4,26.6,136.8,B-ROLE,Eric Bledsoe
OKC,SG,SG,SG,Daequan,Cook,75,16,1.9,5,38.00%,1.44,4,0.36,0.22,0.3,72.00%,5.5,0.2,1.8,2,0.3,0.3,1,0.3,0.1,1,0,0,1200,142.5,375,38.00%,108,300,0.36,16.2,22.5,72.00%,409.2,15,135,150,22.5,22.5,22.5,7.5,75,,Daequan Cook
OKC,C,C,C,Kendrick,Perkins,72,26,2.2,4.4,50.00%,0,0,0,1.01,1.6,63.00%,5.4,1.9,4.7,6.6,1.2,1.6,0.75,0.35,1.15,3,3,0,1872,158.4,316.8,50.00%,0,0,0,72.576,115.2,63.00%,389.38,136.8,338.4,475.2,86.4,115.2,25.2,82.8,216,,Kendrick Perkins
POR,PG,SG,PG,Nolan,Smith,72,16,2.08,5.2,40.00%,0.42,1.4,0.3,0.8,1,80.00%,5.4,0.6,1.2,1.8,2.4,1.3,1.85,0.6,0.15,1.6,0,0,1152,149.76,374.4,40.00%,30.24,100.8,0.3,57.6,72,80.00%,387.36,43.2,86.4,129.6,172.8,93.6,43.2,10.8,115.2,,Nolan Smith
MIL,PG,PG/SG,PG,Beno,Udrih,74,16,2.28,5,45.50%,0.24,0.8,0.3,0.58,0.8,72.00%,5.4,0.3,1.1,1.4,3,1.2,2.5,0.5,0,1.3,0,0,1184,168.35,370,45.50%,17.76,59.2,0.3,42.624,59.2,72.00%,397.08,22.2,81.4,103.6,222,88.8,37,0,96.2,,Beno Udrih
OKC,C,C,C,Cole,Aldrich,74,16,2.12,4,53.00%,0,0,0,0.98,1.3,75.00%,5.2,1,2.6,3.6,0.4,0.8,0.5,0.45,0.85,2.5,0,0,1184,156.88,296,53.00%,0,0,0,72.15,96.2,73.00%,385.91,74,192.4,266.4,29.6,59.2,33.3,62.9,185,,Cole Aldrich
GSW,C,C,C,Festus,Ezeli,74,18,2.12,4,53.00%,0,0,0,0.96,1.5,64.00%,5.2,1.3,2.5,3.8,0.2,1,0.2,0.25,1.15,2.2,0,0,1332,156.88,296,50.00%,0,0,0,71.04,111,64.00%,384.8,96.2,185,281.2,14.8,74,18.5,85.1,162.8,D-SLEEP,Festus Ezeli
WAS,PF,SF,PF,Jan,Vesely,72,18,2.14,4,53.50%,0.07,0.2,0.33,0.83,1.4,59.50%,5.2,1.6,2.4,4,0.9,1.1,0.82,0.65,0.55,2.6,0,0,1296,154.08,288,53.00%,4.752,14.4,0,59.976,100.8,54.00%,372.89,115.2,172.8,288,64.8,79.2,46.8,39.6,187.2,AVOID,Jan Vesely
MIL,PG,SG,SG,Doron,Lamb,70,12,1.71,3.8,45.00%,0.8,2,0.4,0.82,1,82.00%,5,0.1,0.7,0.8,0.8,0.7,1.14,0.25,0.05,1.5,0,0,840,119.7,266,45.00%,56,140,0.4,57.4,70,82.00%,352.8,7,49,56,56,49,17.5,3.5,105,D-SLEEP,Doron Lamb
ORL,SF,SF,SF,Maurice,Harkless,60,14,1.93,4.6,42.00%,0.21,0.8,0.26,0.95,1.4,68.00%,5,0.9,2.1,3,0.6,1,0.6,0.55,0.35,1.2,0,0,840,115.92,276,42.00%,12.48,48,0.26,57.12,84,68.00%,301.44,54,126,180,36,60,33,21,72,AVOID,Maurice Harkless
CHA,SG/SF,SG/SF,SG,Reggie,Williams,66,12,1.85,4.2,44.00%,0.65,1.8,0.36,0.67,0.9,74.00%,5,0.3,1.1,1.4,1,0.5,2,0.3,0,0.8,0,0,792,121.97,277.2,44.00%,42.768,118.8,0.36,43.956,59.4,74.00%,330.66,19.8,72.6,92.4,66,33,19.8,0,52.8,AVOID,Reggie Williams
CLE,SG/SF,SF,SF,Kelenna,Azubuike,20,12,1.89,4.2,45.00%,0.44,1.2,0.37,0.78,1,78.00%,5,0.6,1.4,2,0.6,0.5,1.2,0.3,0.2,1,0,0,240,37.8,84,45.00%,8.88,24,0.37,15.6,20,78.00%,100.08,12,28,40,12,10,6,4,20,,Kelenna Azubuike
DET,SF,SF,SF,Kyle,Singler,60,14,1.76,4,44.00%,0.53,1.4,0.38,0.91,1.2,76.00%,5,0.7,1.5,2.2,0.8,1,0.8,0.35,0.15,1.4,0,0,840,105.6,240,44.00%,31.92,84,0.38,54.72,72,76.00%,297.84,42,90,132,48,60,21,9,84,D-SLEEP,Kyle Singler
POR,SF/PF,PF,PF,Joel,Freeland,66,12,2.016,4.2,48.00%,0.18,0.6,0.3,0.74,1,74.00%,5,0.8,2.2,3,0.4,0.6,0.666666667,0.3,0.2,1.5,0,0,792,133.06,277.2,48.00%,11.88,39.6,0.3,48.84,66,74.00%,326.83,52.8,145.2,198,26.4,39.6,19.8,13.2,99,D-SLEEP,Joel Freeland
LAL,SG/SF,SF,SF,Devin,Ebanks,72,18,1.76,4.2,42.00%,0.08,0.4,0.2,1.22,1.7,72.00%,4.8,1.3,1.3,2.6,0.5,0.7,0.71,0.55,0.35,1.2,0,0,1296,127.01,302.4,42.00%,5.76,28.8,0.2,88.128,122.4,72.00%,347.9,93.6,93.6,187.2,36,50.4,39.6,25.2,86.4,,Devin Ebanks
HOU,PG/SG,PG/SG,PG,Toney,Douglas,62,12,1.79,4.6,39.00%,0.75,2.2,0.34,0.49,0.6,82.00%,4.8,0.3,1.1,1.4,1.4,0.8,1.75,0.55,0.05,1.3,0,0,744,111.23,285.2,39.00%,46.376,136.4,0.35,30.504,37.2,82.00%,299.34,18.6,68.2,86.8,86.8,49.6,34.1,3.1,80.6,AVOID,Toney Douglas
LAC,SG,SG,SG,Willie,Green,72,12,1.89,4.2,45.00%,0.46,1.3,0.35,0.56,0.7,80.00%,4.8,0.2,0.8,1,0.5,0.4,1.25,0.35,0.05,1,0,0,864,136.08,302.4,45.00%,32.76,93.6,0.35,40.32,50.4,80.00%,345.24,14.4,57.6,72,36,28.8,25.2,3.6,72,,Willie Green
NOR,SF/PF,SF,SF,Darius,Miller,70,16,1.64,4,41.00%,0.86,2.4,0.36,0.64,0.8,80.00%,4.8,0.6,1.4,2,1.2,0.8,1.5,0.5,0.25,1.6,0,0,1120,114.8,280,41.00%,60.48,168,0.36,44.8,56,80.00%,334.88,42,98,140,84,56,35,17.5,112,D-SLEEP,Darius Miller
POR,SF,SF,SF,Adam,Morrison,20,12,1.84,4.6,40.00%,0.58,1.6,0.36,0.38,0.5,76.00%,4.6,0.4,1,1.4,0.8,0.6,1.33,0.15,0.05,1.2,0,0,240,36.8,92,40.00%,11.52,32,0.36,7.6,10,76.00%,92.72,8,20,28,16,12,3,1,24,,Adam Morrison
POR,SF,SF,SF,Luke,Babbit,72,12,1.64,4.2,39.00%,0.94,2.4,0.39,0.4,0.5,79.00%,4.6,0.3,1.7,2,0.5,0.5,1,0.2,0.1,1,0,0,864,117.94,302.4,39.00%,67.392,172.8,0.39,28.44,36,79.00%,331.7,21.6,122.4,144,36,36,14.4,7.2,72,D-SLEEP,Luke Babbit
ATL,C,C,C,Zaza,Pachulia,74,18,1.71,3.6,47.50%,0,0,0,1.18,1.6,73.50%,4.6,1.8,3.2,5,0.8,0.9,0.89,0.5,0.3,2,3,0,1332,126.54,266.4,47.50%,0,0,0,87.024,118.4,73.50%,340.1,133.2,236.8,370,59.2,66.6,37,22.2,148,AVOID,Zaza Pachulia
CLE,SF,SG/SF,SF,Omri,Casspi,74,14,1.72,4.2,41.00%,0.59,1.8,0.33,0.55,0.8,69.00%,4.6,0.6,1.8,2.4,0.7,0.6,1.17,0.4,0.1,1.2,0,0,1036,127.43,310.8,41.00%,43.956,133.2,0.33,40.848,59.2,69.00%,339.66,44.4,133.2,177.6,51.8,44.4,29.6,7.4,88.8,AVOID,Omri Casspi
OKC,SG/SF,SG/SF,SF,Thabo,Sefolosha,70,21,1.51,3.6,42.00%,0.62,1.6,0.39,0.77,0.9,86.00%,4.4,0.5,2.5,3,1,0.8,1.25,0.8,0.4,1.8,0,0,1470,105.84,252,42.00%,43.68,112,0.39,54.18,63,86.00%,309.54,35,175,210,70,56,56,28,126,AVOID,Thabo Sefolosha
WAS,SF,SF,SF,Chris,Singleton,70,18,1.64,4.2,39.00%,0.72,2,0.36,0.42,0.6,70.00%,4.4,0.5,2.3,2.8,0.6,0.5,1.2,0.8,0.3,2.2,0,0,1260,114.66,294,39.00%,50.4,140,0.36,29.4,42,70.00%,309.12,35,161,196,42,35,56,21,154,AVOID,Chris Singleton
LAL,PF/C,PF/C,C,Jordan,Hill,66,12,1.8,3.6,50.00%,0,0,0,0.82,1.2,68.00%,4.4,1.4,2.8,4.2,0.3,0.6,0.5,0.25,0.65,1.6,1,0,792,118.8,237.6,50.00%,0,0,0,53.856,79.2,68.00%,291.46,92.4,184.8,277.2,19.8,39.6,16.5,42.9,105.6,,Jordan Hill
NYK,PG,PG,PG,Jason,Kidd,74,20,1.52,4,38.00%,1.14,3,0.38,0.23,0.3,78.00%,4.4,0.2,2.4,2.6,3.6,1.2,3,1,0.15,1.2,1,0,1480,112.48,296,38.00%,84.36,222,0.38,17.316,22.2,78.00%,326.64,14.8,177.6,192.4,266.4,88.8,74,11.1,88.8,AVOID,Jason Kidd
POR,SG,SG,SG,Will,Barton,72,12,1.6,3.8,42.00%,0.41,1.2,0.34,0.81,1.1,74.00%,4.4,0.5,1.3,1.8,0.6,0.8,0.75,0.4,0.15,1,0,0,864,114.91,273.6,42.00%,29.376,86.4,0.34,58.608,79.2,74.00%,317.81,36,93.6,129.6,43.2,57.6,28.8,10.8,72,D-SLEEP,Will Barton
MIA,SG/SF,SF,SF,Shane,Battier,75,22,1.6,4.2,38.00%,0.84,2.4,0.35,0.2,0.3,66.00%,4.2,0.9,1.7,2.6,1.2,0.5,2.4,0.9,0.5,1.6,0,0,1650,119.7,315,38.00%,63,180,0.35,14.85,22.5,66.00%,317.25,67.5,127.5,195,90,37.5,67.5,37.5,120,AVOID,Shane Battier
DEN,C,C,C,Timofey,Mozgov,70,12,1.75,3.3,53.00%,0,0,0,0.71,1,71.00%,4.2,0.9,2.1,3,0.3,0.7,0.43,0.25,0.65,1.7,1,0,840,122.43,231,54.00%,0,0,0,49.7,70,71.00%,294.56,63,147,210,21,49,17.5,45.5,119,D-SLEEP,Timofey Mozgov
SAC,SG/SF,SG/SF,SF,Francisco,Garcia,60,14,1.52,4,38.00%,0.77,2.4,0.32,0.4,0.5,80.00%,4.2,0.2,1.6,1.8,0.6,0.4,1.5,0.5,0.5,1.3,0,0,840,91.2,240,38.00%,46.08,144,0.32,24,30,80.00%,252.48,12,96,108,36,24,30,30,78,AVOID,Francisco Garcia
GSW,SF,SF,SF,Richard,Jefferson,72,12,1.435,3.5,41.00%,0.8,2.1,0.38,0.518,0.7,74.00%,4.2,0.2,1.4,1.6,0.6,0.4,1.5,0.25,0.1,1.1,0,0,864,103.32,252,40.00%,57.456,151.2,0.38,37.296,50.4,74.00%,301.39,14.4,100.8,115.2,43.2,28.8,18,7.2,79.2,AVOID,Richard Jefferson
NYK,SG/SF,SG,SF,James,White,66,10,1.56,3.4,46.00%,0.27,0.8,0.34,0.78,1,78.00%,4.2,0.2,1.2,1.4,0.4,0.7,0.57,0.3,0.15,0.7,0,0,660,103.22,224.4,46.00%,17.952,52.8,0.34,51.48,66,78.00%,275.88,13.2,79.2,92.4,26.4,46.2,19.8,9.9,46.2,,James White
OKC,PG,PG,PG,Eric,Maynor,72,14.5,1.6,4,40.00%,0.52,1.4,0.37,0.44,0.6,73.00%,4.2,0.3,1.1,1.4,2.8,1.1,2.55,0.5,0.05,1.5,0,0,1044,115.2,288,40.00%,37.296,100.8,0.37,31.536,43.2,73.00%,299.23,21.6,79.2,100.8,201.6,79.2,36,3.6,108,,Eric Maynor
OKC,PF/C,PF/C,PF,Nick,Collison,75,20,1.72,3,57.50%,0,0,0,0.58,0.8,72.50%,4,1.7,2.5,4.2,1.1,1,1.1,0.5,0.35,2.4,0,0,1500,129.38,225,57.50%,0,0,0,43.5,60,72.50%,302.25,127.5,187.5,315,82.5,75,37.5,26.25,180,AVOID,Nick Collison
DAL,PF/C,C,C,Bernard,James,66,10,1.59,3,53.00%,0,0,0,0.81,1.4,58.00%,4,1.6,2.2,3.8,0.1,0.3,0.33,0.3,1.2,2,0,0,660,104.94,198,52.00%,0,0,0.38,53.592,92.4,68.00%,263.47,105.6,145.2,250.8,6.6,19.8,19.8,79.2,132,,Bernard James
OKC,SF/PF,SF,SF,Perry,Jones,70,12,1.504,3.2,47.00%,0.13,0.4,0.32,0.84,1.2,70.00%,4,0.9,1.5,2.4,0.8,1.2,0.666666667,0.35,0.25,1.4,0,0,840,105.28,224,47.00%,8.96,28,0.32,58.8,84,70.00%,278.32,63,105,168,56,84,24.5,17.5,98,,Perry Jones
MEM,SG,SG,SG,Wayne,Ellington,60,12,1.56,3.8,41.00%,0.44,1.2,0.37,0.41,0.5,82.00%,4,0.2,1,1.2,0.4,0.5,0.8,0.3,0.05,0.8,0,0,720,93.48,228,41.00%,26.64,72,0.37,24.6,30,82.00%,238.2,12,60,72,24,30,18,3,48,,Wayne Ellington
PHO,C,C,C,Jermaine,O'Neal,70,16,1.61,3.5,46.00%,0,0,0,0.75,1.1,68.00%,4,0.9,2.7,3.6,0.4,0.7,0.57,0.25,1.05,2.2,1,0,1120,112.7,245,46.00%,0,0,0,52.36,77,68.00%,277.76,63,189,252,28,49,17.5,73.5,154,,Jermaine O'Neal
ATL,SG/SF,SG/SF,SF,DeShawn,Stevenson,72,18,1.32,4,33.00%,0.99,3,0.33,0.33,0.5,66.00%,4,0.3,1.7,2,0.8,0.5,1.6,0.35,0.05,1.1,0,0,1296,95.04,288,33.00%,71.28,216,0.33,23.76,36,66.00%,285.12,21.6,122.4,144,57.6,36,25.2,3.6,79.2,AVOID,DeShawn Stevenson
POR,SF/PF,SF,SF,Victor,Claver,60,10,1.43,3.4,42.00%,0.43,1.2,0.36,0.54,0.8,67.00%,3.8,0.4,1.1,1.5,0.5,0.8,0.62,0.5,0.15,1,0,0,600,85.68,204,42.00%,25.92,72,0.36,32.16,48,67.00%,229.44,24,66,90,30,48,30,9,60,,Victor Claver
DET,PF,PF/C,C,Jason,Maxiell,72,14,1.6,3.2,50.00%,0,0,0,0.6,1.1,55.00%,3.8,1.3,1.7,3,0.4,0.7,0.57,0.3,0.4,1.6,1,0,1008,115.2,230.4,50.00%,0,0,0,43.56,79.2,55.00%,273.96,93.6,122.4,216,28.8,50.4,21.6,28.8,115.2,AVOID,Jason Maxiell
MEM,PG,PG,PG,Tony,Wroten,40,10,1.39,3.4,41.00%,0.1,0.4,0.24,0.92,1.5,61.00%,3.8,0.5,0.7,1.2,0.9,1.1,0.82,0.55,0.1,1.2,0,0,400,55.76,136,41.00%,3.84,16,0.24,36.6,60,61.00%,151.96,20,28,48,36,44,22,4,48,,Tony Wroten
DAL,PG/SG,PG/SG,SG,Dominique,Jones,60,10,1.26,3,42.00%,0.06,0.3,0.2,1.2,1.5,80.00%,3.8,0.3,1.3,1.6,1.4,1,1.4,0.45,0.15,0.8,0,0,600,75.6,180,42.00%,3.6,18,0.2,72,90,80.00%,226.8,18,78,96,84,60,27,9,48,D-SLEEP,Dominique Jones
WAS,PG,PG,PG,Shelvin,Mack,70,12,1.36,3.4,40.00%,0.26,0.8,0.32,0.79,1.1,72.00%,3.8,0.2,1.2,1.4,2,0.8,2.5,0.45,0.05,1,0,0,840,95.2,238,40.00%,17.92,56,0.32,55.44,77,72.00%,263.76,14,84,98,140,56,31.5,3.5,70,,Shelvin Mack
MEM,SG/SF,SF,SF,Quincy,Pondexter,74,13,1.45,3.3,44.00%,0.32,1,0.32,0.4,0.6,66.00%,3.6,0.6,1,1.6,0.3,0.4,0.75,0.3,0.1,1.2,0,0,962,107.45,244.2,44.00%,23.68,74,0.32,29.304,44.4,66.00%,267.88,44.4,74,118.4,22.2,29.6,22.2,7.4,88.8,,Quincy Pondexter
MIA,SG/SF,SG/SF,SG,Mike,Miller,60,12,1.32,3,44.00%,0.84,2,0.42,0.14,0.2,70.00%,3.6,0.4,1.6,2,0.6,0.4,1.5,0.25,0.05,1,0,0,720,79.2,180,44.00%,50.4,120,0.42,8.4,12,70.00%,217.2,24,96,120,36,24,15,3,60,AVOID,Mike Miller
IND,SF,SG,SG,Orlando,Johnson,50,8,1.26,3,42.00%,0.44,1.2,0.37,0.64,0.8,80.00%,3.6,0.3,0.9,1.2,0.4,0.7,0.57,0.25,0.1,0.8,0,0,400,63,150,42.00%,22.2,60,0.37,32,40,80.00%,180.2,15,45,60,20,35,12.5,5,40,,Orlando Johnson
ATL,SG,SG,SG,John,Jenkins,50,8,1.12,2.6,43.00%,0.68,1.8,0.38,0.67,0.8,84.00%,3.6,0.1,0.5,0.6,0.4,0.4,1,0.2,0.05,1,0,0,400,55.9,130,43.00%,34.2,90,0.38,33.6,40,84.00%,179.6,5,25,30,20,20,10,2.5,50,,John Jenkins
PHO,PG,PG,PG,Sebastian,Telfair,50,10,1.32,3.3,40.00%,0.41,1.2,0.34,0.53,0.7,76.00%,3.6,0.2,0.6,0.8,1.6,0.8,2,0.35,0.05,1.1,0,0,500,66,165,40.00%,20.4,60,0.34,26.6,35,76.00%,179,10,30,40,80,40,17.5,2.5,55,,Sebastian Telfair
LAL,PG,PG,PG,Steve,Blake,72,16,1.26,3.4,37.00%,0.81,2.2,0.37,0.23,0.3,78.00%,3.6,0.1,0.9,1,1.6,0.9,1.78,0.4,0,0.8,0,0,1152,90.576,244.8,37.00%,58.608,158.4,0.37,16.848,21.6,78.00%,256.61,7.2,64.8,72,115.2,64.8,28.8,0,57.6,AVOID,Steve Blake
BOS,PG/SG,SG,PG,Dionte,Christmas,20,8,1.18,2.8,42.00%,0.43,1.2,0.36,0.78,1,78.00%,3.6,0.2,0.8,1,0.8,0.5,1.6,0.35,0.05,1,0,0,160,23.52,56,42.00%,8.64,24,0.36,15.6,20,78.00%,71.28,4,16,20,16,10,7,1,20,D-SLEEP,Dionte Christmas
POR,PG/SG,PG,PG,Ronnie,Price,60,12,1.29,3.4,38.00%,0.38,1.2,0.32,0.59,0.8,74.00%,3.6,0.4,1,1.4,1.8,1.1,1.64,0.65,0.05,2,0,0,720,77.52,204,38.00%,23.04,72,0.32,35.52,48,74.00%,213.6,24,60,84,108,66,39,3,120,,Ronnie Price
CHI,PG,PG,PG,Marquis,Teague,62,10,1.17,3,39.00%,0.23,0.7,0.33,0.98,1.3,75.00%,3.5,0.2,0.8,1,2,1.3,1.54,0.45,0.05,1,0,0,620,72.54,186,39.00%,14.322,43.4,0.33,60.45,80.6,75.00%,219.85,12.4,49.6,62,124,80.6,27.9,3.1,62,D-SLEEP/ B-CARE,Marquis Teague
SAS,PG/SG,SG,PG,Nando,De Colo,70,8,1.26,3,42.00%,0.5,1.4,0.36,0.52,0.6,86.00%,3.5,0.1,0.5,0.6,1,0.7,1.43,0.4,0,2,0,0,560,88.2,210,0.00%,35.28,98,0,36.12,42,0.00%,247.8,7,35,42,70,49,28,0,140,,Nando De Colo
MIN,PF,PF,PF,Dante,Cunningham,70,12,1.5,3,50.00%,0.04,0.2,0.2,0.48,0.7,68.00%,3.5,0.8,2.2,3,0.3,0.3,1,0.4,0.3,1.3,0,0,840,105,210,50.00%,2.8,14,0.2,33.32,49,68.00%,246.12,56,154,210,21,21,28,21,91,,Dante Cunningham
BOS,PF/C,PF,C,Chris,Wilcox,66,10,1.43,2.6,55.00%,0,0,0,0.64,1,64.00%,3.5,1,2.5,3.5,0.2,0.6,0.333333333,0.2,0.25,1.8,0,0,660,94.38,171.6,55.00%,0,0,0,42.24,66,64.00%,231,66,165,231,13.2,39.6,13.2,16.5,118.8,,Chris Wilcox
BRK,SF/PF,PF,SF,Tornike,Shengelia,40,8,1.35,3,45.00%,0.16,0.6,0.27,0.63,0.9,70.00%,3.5,0.4,1.4,1.8,0.3,0.8,0.38,0.3,0.2,1.6,0,0,320,54,120,45.00%,6.48,24,0.27,25.2,36,70.00%,139.68,16,56,72,12,32,12,8,64,,Tornike Shengelia
BOS,C,C,C,Darko,Milicic,70,12,1.52,3.3,46.00%,0,0,0,0.45,0.8,56.00%,3.5,0.9,1.6,2.5,0.5,0.8,0.62,0.2,0.7,2,0,0,840,106.26,231,46.00%,0,0,0,31.36,56,56.00%,243.88,63,112,175,35,56,14,49,140,AVOID,Darko Milicic
HOU,PG/SG,PG/SG,SG,Shaun,Livingston,70,12,1.41,3,47.00%,0.02,0.1,0.24,0.62,0.8,78.00%,3.5,0.3,0.9,1.2,1.6,0.8,2,0.35,0.2,1,0,0,840,98.7,210,47.00%,1.68,7,0.24,43.68,56,78.00%,242.76,21,63,84,112,56,24.5,14,70,,Shaun Livingston
LAL,C,C,C,Robert,Sacre,66,10,1.2,2.4,50.00%,0,0,0,1.036,1.4,74.00%,3.4,0.7,1.5,2.2,0.2,0.6,0.333333333,0.15,0.45,1.3,0,0,660,79.2,158.4,46.50%,0,0,0.38,68.376,92.4,79.00%,226.78,46.2,99,145.2,13.2,39.6,9.9,29.7,85.8,,Robert Sacre
DAL,SG/SF,SG/SF,SG,Dahntay,Jones,66,12,1.148,2.8,41.00%,0.36,1,0.36,0.76,1,76.00%,3.4,0.3,1.1,1.4,0.7,0.5,1.4,0.25,0.15,1.4,0,0,792,75.768,184.8,41.00%,23.76,66,0.36,50.16,66,76.00%,225.46,19.8,72.6,92.4,46.2,33,16.5,9.9,92.4,,Dahntay Jones
GSW,SF,SF,PF,Draymond,Green,50,8,1.2,2.6,46.00%,0.25,0.7,0.36,0.74,1,74.00%,3.4,0.4,1.6,2,0.8,0.6,1.33,0.35,0.2,1.2,0,0,400,59.8,130,46.00%,12.6,35,0.36,37,50,74.00%,169.2,20,80,100,40,30,17.5,10,60,,Draymond Green
PHI,C,C,C,Kwame,Brown,50,12,1.28,2.5,51.00%,0,0,0,0.82,1.7,48.00%,3.4,1,2.2,3.2,0.3,0.7,0.43,0.35,0.15,1.5,0,0,600,63.75,125,51.00%,0,0,0,40.8,85,48.00%,168.3,50,110,160,15,35,17.5,7.5,75,,Kwame Brown
IND,SG,SG,SG,Lance,Stephenson,72,12,1.37,3.6,38.00%,0.12,0.6,0.2,0.5,0.8,62.00%,3.4,0.3,1.5,1.8,1.6,1.3,1.23,0.55,0.1,1,0,0,864,98.496,259.2,38.00%,8.64,43.2,0.2,35.712,57.6,62.00%,241.34,21.6,108,129.6,115.2,93.6,39.6,7.2,72,,Lance Stephenson
UTA,PG,PG,PG,Jamaal,Tinsley,62,12,1.32,3.3,40.00%,0.25,0.9,0.28,0.46,0.6,76.00%,3.3,0.2,1,1.2,2.6,1.2,2.17,0.4,0.1,1.1,0,0,744,81.84,204.6,38.00%,15.624,55.8,0.3,28.272,37.2,74.00%,207.58,12.4,62,74.4,161.2,74.4,24.8,6.2,68.2,,Jamaal Tinsley
CHI,SF/PF,SF,SF,Vlad,Radmanovic,62,10,1.14,3,38.00%,0.74,2,0.37,0.228,0.3,76.00%,3.2,0.5,1.5,2,0.6,0.4,1.5,0.3,0.15,1.3,0,0,620,70.68,186,38.00%,45.88,124,0.37,14.136,18.6,76.00%,201.38,31,93,124,37.2,24.8,18.6,9.3,80.6,,Vlad Radmanovic
NYK,C,C,C,Marcus,Camby,68,15,1.36,3.1,44.00%,0,0,0,0.48,0.8,60.00%,3.2,1.8,4.4,6.2,1,0.7,1.43,0.5,1,1.8,1,0,1020,92.752,210.8,44.00%,0,0,0,32.64,54.4,60.00%,218.14,122.4,299.2,421.6,68,47.6,34,68,122.4,AVOID,Marcus Camby
ATL,PF/C,PF/C,PF,Anthony,Tolliver,70,12,1.07,2.6,41.00%,0.46,1.3,0.35,0.62,0.8,77.00%,3.2,0.7,1.3,2,0.5,0.4,1.25,0.25,0.25,1,0,0,840,74.62,182,41.00%,31.85,91,0.35,43.12,56,77.00%,224.21,49,91,140,35,28,17.5,17.5,70,,Anthony Tolliver
MIL,PF/C,PF/C,PF,Ekpe,Udoh,70,12,1.22,2.7,45.00%,0,0,0,0.77,1.1,70.00%,3.2,1,1.5,2.5,0.5,0.5,1,0.35,1,1.7,0,0,840,85.05,189,45.00%,0,0,0,53.9,77,70.00%,224,70,105,175,35,35,24.5,70,119,,Epke Udoh
MIA,C,C,C,Dexter,Pittman,50,10,1.34,2.8,48.00%,0,0,0,0.51,0.8,64.00%,3.2,0.9,1.5,2.4,0.3,0.5,0.6,0.2,0.3,2.2,0,0,500,67.2,140,48.00%,0,0,0,25.6,40,64.00%,160,45,75,120,15,25,10,15,110,,Dexter Pittman
CHI,C,C,C,Nazr,Mohammed,70,12,1.44,3,48.00%,0,0,0,0.3,0.5,60.00%,3.2,1.1,1.9,3,0.2,0.5,0.4,0.3,0.5,1.8,0,0,840,100.8,210,48.00%,0,0,0,21,35,60.00%,222.6,77,133,210,14,35,21,35,126,,Nazr Mohammed
MIN,C,C,C,Greg,Stiemsma,72,15,1.3,2.4,54.00%,0,0,0,0.56,0.8,70.00%,3.2,1,2.4,3.4,0.3,0.6,0.5,0.5,1.6,2.8,0,0,1080,93.312,172.8,54.00%,0,0,0,40.32,57.6,70.00%,226.94,72,172.8,244.8,21.6,43.2,36,115.2,201.6,,Greg Stiemsma
BOS,SF/PF,SF,SF,Kris,Joseph,20,8,1.01,2.4,42.00%,0.27,0.8,0.34,0.76,1,76.00%,3,0.2,0.8,1,0.4,0.6,0.67,0.35,0.1,1.5,0,0,160,20.16,48,42.00%,5.44,16,0.34,15.2,20,76.00%,60.96,4,16,20,8,12,7,2,30,,Kris Joseph
SAC,SG/SF,SG/SF,SG,John,Salmons,50,10,1.2,3,40.00%,0.32,0.9,0.36,0.3,0.4,76.00%,3,0.1,0.9,1,0.7,0.4,1.75,0.3,0.05,0.6,0,0,500,60,150,40.00%,16.2,45,0.36,15.2,20,76.00%,151.4,5,45,50,35,20,15,2.5,30,AVOID,John Salmons
LAC,C,C,C,Ryan,Hollins,50,10,1.14,1.9,60.00%,0,0,0,0.72,1.2,60.00%,3,0.6,1,1.6,0.2,0.6,0.33,0.1,0.3,1.5,0,0,500,57,95,60.00%,0,0,0,36,60,60.00%,150,30,50,80,10,30,5,15,75,,Ryan Hollins
ORL,C,PF,PF,Kyle,O'Quinn,60,8,1.14,2.2,52.00%,0,0,0,0.56,0.8,70.00%,2.8,0.7,1.5,2.2,0.2,0.5,0.4,0.15,0.45,1.2,0,0,480,68.64,132,52.00%,0,0,0,33.6,48,70.00%,170.88,42,90,132,12,30,9,27,72,,Kyle O'Quinn
BRK,SG,SG,SF,Keith,Bogans,66,12,1.01,2.6,39.00%,0.56,1.6,0.35,0.22,0.3,75.00%,2.8,0.2,0.8,1,0.6,0.4,1.5,0.3,0.05,2,0,0,792,66.924,171.6,39.00%,36.96,105.6,0.35,14.85,19.8,75.00%,185.66,13.2,52.8,66,39.6,26.4,19.8,3.3,132,,Keith Bogans
MIA,PF/C,C,C,Joel,Anthony,72,18,1.08,2,54.00%,0,0,0,0.59,0.9,66.00%,2.8,1.4,2,3.4,0.2,0.5,0.4,0.35,1.15,2,0,0,1296,77.76,144,54.00%,0,0,0,42.768,64.8,66.00%,198.29,100.8,144,244.8,14.4,36,25.2,82.8,144,AVOID,Joel Anthony
UTA,SF/PF,SF,PF,Jeremy,Evans,66,8,1.15,1.8,64.00%,0,0,0,0.45,0.7,64.00%,2.8,0.9,1.1,2,0.4,0.2,2,0.25,0.85,1,0,0,528,76.032,118.8,64.00%,0,0,0,29.568,46.2,64.00%,181.63,59.4,72.6,132,26.4,13.2,16.5,56.1,66,,Jeremy Evans
LAC,PF/C,PF/C,C,Ronny,Turiaf,60,14,0.97,1.8,54.00%,0,0,0,0.74,1.2,62.00%,2.7,1,2.4,3.4,0.4,0.6,0.67,0.45,0.85,2,0,0,840,58.32,108,54.00%,0,0,0,44.64,72,62.00%,161.28,60,144,204,24,36,27,51,120,,Ronny Turiaf
TOR,PF,SF,PF,Quincy,Acy,50,8,0.97,1.8,54.00%,0,0,0,0.7,1,70.00%,2.6,0.6,1.2,1.8,0.2,0.4,0.5,0.2,0.35,1,0,0,400,48.6,90,54.00%,0,0,0,35,50,70.00%,132.2,30,60,90,10,20,10,17.5,50,,Quincy Acy
TOR,C,C,C,Aaron,Gray,72,12,1.144,2.2,52.00%,0,0,0,0.336,0.6,56.00%,2.6,1,2.2,3.2,0.3,0.5,0.6,0.25,0.35,2,0,0,864,82.368,158.4,51.00%,0,0,0,24.192,43.2,56.00%,188.93,72,158.4,230.4,21.6,36,18,25.2,144,,Aaron Gray
DET,C,C,C,Slava,Kravtsov,40,10,0.99,1.8,55.00%,0,0,0,0.6,1,60.00%,2.6,0.6,1.2,1.8,0.2,0.8,0.25,0.2,0.75,1.2,0,0,400,39.6,72,55.00%,0,0,0,24,40,60.00%,103.2,24,48,72,8,32,8,30,48,,Slava Kravtsov
POR,PF/C,SF/PF,PF,Jared,Jeffries,70,14,0.96,2.4,40.00%,0,0.2,0.24,0.6,1,60.00%,2.5,1,1.5,2.5,0.6,0.4,1.5,0.6,0.4,1.8,0,0,980,67.2,168,40.00%,0,14,0.24,42,70,60.00%,176.4,70,105,175,42,28,42,28,126,AVOID,Jared Jeffries
ORL,SG/SF,SG/SF,SF,Quentin,Richardson,60,10,0.86,2.4,36.00%,0.56,1.6,0.35,0.22,0.3,74.00%,2.5,0.2,1.2,1.4,0.4,0.3,1.33,0.3,0.05,1,0,0,600,51.84,144,36.00%,33.6,96,0.35,13.32,18,74.00%,150.6,12,72,84,24,18,18,3,60,,Quentin Richardson
ORL,PG,PG,PG,Ish,Smith,40,10,0.99,2.6,38.00%,0.05,0.2,0.24,0.44,0.6,74.00%,2.5,0.3,1.1,1.4,1.4,0.7,2,0.5,0,0.8,0,0,400,39.52,104,38.00%,1.92,8,0.24,17.76,24,74.00%,98.72,12,44,56,56,28,20,0,32,,Ish Smith
BRK,PG,PG,PG,Tyshawn,Taylor,40,8,0.88,2,44.00%,0.18,0.5,0.37,0.5,0.7,72.00%,2.4,0.1,0.5,0.6,1.2,0.7,1.71,0.3,0.05,0.7,0,0,320,35.2,80,44.00%,7.4,20,0.37,20.16,28,72.00%,97.96,4,20,24,48,28,12,2,28,,Tyshawn Taylor
OKC,C,C,C,Hasheem,Thabeet,62,10,0.84,1.5,56.00%,0,0,0,0.72,1.2,60.00%,2.4,1.1,1.7,2.8,0.1,0.5,0.2,0.1,0.9,1.8,0,0,620,52.08,93,56.00%,0,0,0,44.64,74.4,60.00%,148.8,68.2,105.4,173.6,6.2,31,6.2,55.8,111.6,,Hasheem Thabeet
LAL,PG,PG,PG,Chris,Duhon,60,8,0.99,2.2,45.00%,0,0,0,0.42,0.6,70.00%,2.4,0.5,1.3,1.8,0.2,0.3,0.67,0.3,0.1,1,0,0,480,59.4,132,45.00%,0,0,0,25.2,36,70.00%,144,30,78,108,12,18,18,6,60,AVOID,Chris Duhon
DEN,SG,SG,SG,Evan,Fournier,30,6,0.88,2.2,40.00%,0.33,1,0.33,0.3,0.4,76.00%,2.4,0.1,0.4,0.5,0.3,0.5,0.6,0.25,0.05,1.2,0,0,180,26.4,66,40.00%,9.9,30,0.33,9.12,12,76.00%,71.82,3,12,15,9,15,7.5,1.5,36,,Evan Fournier
PHO,PG,PG,PG,Kendall,Marshall,66,10,0.78,2,39.00%,0.16,0.5,0.33,0.5,0.7,71.00%,2.2,0.1,0.7,0.8,2.8,1.3,2.15,0.35,0.05,0.8,0,0,660,51.48,132,39.00%,10.89,33,0.33,32.802,46.2,71.00%,146.65,6.6,46.2,52.8,184.8,85.8,23.1,3.3,52.8,AVOID,Kendall Marshall
ATL,C,C,C,Johan,Petro,30,8,0.97,2.2,44.00%,0,0,0,0.27,0.4,68.00%,2.2,0.5,1.3,1.8,0.3,0.4,0.75,0.15,0.25,1.5,0,0,240,29.04,66,44.00%,0,0,0,8.16,12,68.00%,66.24,15,39,54,9,12,4.5,7.5,45,,Johan Petro
UTA,PG,PG,PG,Earl,Watson,66,12,0.8,2.3,35.00%,0.12,0.6,0.2,0.46,0.7,65.00%,2.2,0.2,1.2,1.4,2.4,1,2.4,0.55,0.15,1.8,0,0,792,53.13,151.8,35.00%,7.92,39.6,0.2,30.03,46.2,65.00%,144.21,13.2,79.2,92.4,158.4,66,36.3,9.9,118.8,,Earl Watson
IND,PF,PF,PF,Miles,Plumlee,50,8,0.88,1.6,55.00%,0,0,0,0.4,0.6,66.00%,2.2,0.8,1.2,2,0.1,0.5,0.2,0.2,0.3,2,0,0,400,44,80,55.00%,0,0,0,19.8,30,66.00%,107.8,40,60,100,5,25,10,15,100,,Miles Plumlee
SAC,PF/C,PF/C,C,Chuck,Hayes,66,12,0.92,2,46.00%,0,0,0,0.31,0.5,62.00%,2.2,0.9,1.7,2.6,0.8,0.5,1.6,0.4,0.2,1.3,0,0,792,60.72,132,46.00%,0,0,0,20.46,33,62.00%,141.9,59.4,112.2,171.6,52.8,33,26.4,13.2,85.8,,Chuck Hayes
NYK,PG/SG,SG,PG,Pablo,Prigioni,72,8,0.624,1.6,39.00%,0.36,1,0.36,0.42,0.5,84.00%,2,0.1,0.5,0.6,1.6,0.6,2.667,0.4,0,0.8,0,0,576,44.928,115.2,39.00%,25.92,72,0.36,30.24,36,84.00%,146.02,7.2,36,43.2,115.2,43.2,28.8,0,57.6,,Pablo Prigioni
BRK,PF,PF,PF,Reggie,Evans,72,12,0.7,1.5,46.60%,0,0,0,0.62,1.2,52.00%,2,1.5,2.5,4,0.2,0.6,0.33,0.45,0.1,2.3,0,0,864,50.328,108,46.60%,0,0,0,44.928,86.4,52.00%,145.58,108,180,288,14.4,43.2,32.4,7.2,165.6,AVOID,Reggie Evans
MEM,C,C,C,Hamed,Haddadi,40,6,0.74,1.4,53.00%,0,0,0,0.54,0.8,67.00%,2,0.8,1.4,2.2,0.2,0.5,0.4,0.05,0.55,1.2,0,0,240,29.68,56,53.00%,0,0,0,21.44,32,67.00%,80.8,32,56,88,8,20,2,22,48,,Hamed Haddadi
NYK,PF/C,PF/C,C,Kurt,Thomas,60,8,0.74,1.6,46.00%,0,0,0,0.14,0.2,68.00%,1.6,0.4,1.4,1.8,0.3,0.3,1,0.25,0.25,1.6,0,0,480,44.16,96,52.00%,0,0,0.2,8.16,12,56.00%,96.48,24,84,108,18,18,15,15,96,,Kurt Thomas
GSW,C,C,C,Andris,Biedrins,50,8,0.66,1.2,55.00%,0,0,0,0.07,0.2,35.00%,1.4,0.6,1.4,2,0.2,0.3,0.67,0.2,0.4,1.2,0,0,400,33,60,55.00%,0,0,0,3.5,10,35.00%,69.5,30,70,100,10,15,10,20,60,AVOID,Andris Biedrins
BOS,C,C,C,Jason,Collins,30,10,0.57,1.4,41.00%,0,0,0.00%,0.24,0.4,60.00%,1.4,0.4,1.1,1.5,0.2,0.2,1,0.1,0.2,1,0,0,300,17.2,42,0.41,0,0,0,7.2,12,0.6,41.6,12,33,45,6,6,3,6,30,,Jason Collins
MIL,C,C,C,Joel,Przybilla,50,10,0.45,1,45.00%,0,0,0.00%,0.13,0.2,65.00%,1,0.5,1.5,2,0.1,0.4,0.25,0.05,0.25,1.2,0,0,500,22.5,50,0.45,0,0,0,6.5,10,0.65,51.5,25,75,100,5,20,2.5,12.5,60,,Joel Przybilla