TEAM,Y!,ESPN,CBS,FIRST_NAME,LAST_NAME,GP,MPG,FGM,FGA,FG%  ,3PM,3PA,3P%  ,FTM,FTA,FT%  ,PPG,OREB,DREB,TREB,AST,TO,AST/TO,STL,BLK,PF,DD,TD,TOTMIN,TOTFGM,TOTFGA,FG%  ,TOT3PM,TOT3PA,3P%  ,TOTFTM,TOTFTA,FT%  ,TOTPTS,TOTOR,TOTDR,TOTREB,TOTAST,TOTTO,TOTSTL,TOTBLK,TOTPF,Comments,Name
OKC,"SF,PF",SF,SF,Kevin,Durant,52,38.0,10.1,20.2,50.0%,2.4,6.0,39.5%,8.4,9.6,87.8%,31.00,0.7,6.4,7.1,5.4,3.5,1.54,1.35,0.85,2.0,16,2,1976,525,1050,50.0%,123,312,39.5%,438,499,87.8%,1612,36,333,369,281,182,70,44,104,,Kevin Durant
NYK,"SF,PF","SF,PF",SF,Carmelo,Anthony,74,38.0,9.8,21.4,46.0%,2.2,5.6,39.0%,5.6,6.8,82.5%,27.48,1.9,6.1,8.0,3.6,2.7,1.33,1.15,0.50,3.0,22,1,2812,728,1584,46.0%,162,414,39.0%,415,503,82.5%,2034,141,451,592,266,200,85,37,222,,Carmelo Anthony
HOU,"SG,SF",SG,SG,James,Harden,75,38.0,7.6,16.8,45.0%,2.4,6.6,37.0%,8.1,9.5,85.0%,25.64,0.6,3.6,4.2,6.4,3.7,1.73,1.65,0.45,2.4,15,2,2850,567,1260,45.0%,183,495,37.0%,606,713,85.0%,1923,45,270,315,480,278,124,34,180,,James Harden
CLE,"SF,PF","SF,PF",SF,LeBron,James,75,36.0,9.3,16.2,57.5%,1.3,3.2,40.5%,5.5,7.2,76.0%,25.40,1.2,5.4,6.6,6.6,3.0,2.20,1.65,0.65,1.8,15,3,2700,699,1215,57.5%,97,240,40.5%,410,540,76.0%,1905,90,405,495,495,225,124,49,135,,LeBron James
GSW,"PG,SG","PG,SG",PG,Stephen,Curry,76,36.0,8.4,17.8,47.4%,3.6,8.2,44.0%,4.0,4.5,89.0%,24.49,0.6,3.4,4.0,8.0,3.4,2.35,1.60,0.15,2.5,24,2,2736,641,1353,47.4%,274,623,44.0%,304,342,89.0%,1861,46,258,304,608,258,122,11,190,,Stephen Curry
LAC,"PF,C",PF,PF,Blake,Griffin,78,35.0,8.8,16.6,53.0%,0.5,1.4,33.0%,6.1,8.4,73.0%,24.19,2.5,6.7,9.2,3.8,2.7,1.41,1.20,0.65,3.2,42,1,2730,686,1295,53.0%,36,109,33.0%,478,655,73.0%,1887,195,523,718,296,211,94,51,250,,Blake Griffin
POR,"PF,C","PF,C",PF,LaMarcus,Aldridge,76,37.0,9.7,20.3,47.7%,0.1,0.3,23.5%,4.3,5.3,81.6%,23.76,2.4,8.4,10.8,2.8,1.9,1.47,0.90,1.10,2.3,42,0,2812,736,1543,47.7%,5,23,23.5%,329,403,81.6%,1806,182,638,821,213,144,68,84,175,,LaMarcus Aldridge
OKC,PG,PG,PG,Russell,Westbrook,74,33.0,8.1,18.5,44.0%,1.5,4.5,33.0%,6.0,7.3,82.0%,23.75,1.3,4.2,5.5,8.0,4.3,1.86,1.75,0.25,2.5,26,3,2442,602,1369,44.0%,110,333,33.0%,443,540,82.0%,1758,96,311,407,592,318,130,19,185,BBB,Russell Westbrook
SAC,"PF,C","PF,C",C,DeMarcus,Cousins,74,33.0,8.7,17.2,50.5%,0.0,0.2,20.0%,6.2,8.4,73.5%,23.59,3.2,8.6,11.8,3.2,3.6,0.89,1.50,1.30,3.8,58,1,2442,643,1273,50.5%,3,15,20.0%,457,622,73.5%,1745,237,636,873,237,266,111,96,281,,DeMarcus Cousins
TOR,"SG,SF","SG,SF",SG,DeMar,DeRozan,78,38.0,7.8,17.5,44.4%,0.9,2.7,32.4%,6.3,7.7,82.4%,22.76,0.7,3.7,4.4,3.8,2.3,1.65,1.10,0.35,2.6,2,0,2964,606,1365,44.4%,68,211,32.4%,495,601,82.4%,1775,55,289,343,296,179,86,27,203,,DeMar DeRozan
NOR,"PF,C","PF,C",PF,Anthony,Davis,73,36.0,8.2,15.5,52.8%,0.1,0.2,26.0%,5.6,7.0,79.5%,21.99,3.2,6.8,10.0,1.8,1.9,0.95,1.45,2.95,3.0,43,0,2628,597,1132,52.8%,4,15,26.0%,406,511,79.5%,1605,234,496,730,131,139,106,215,219,,Anthony Davis
CHI,PG,PG,PG,Derrick,Rose,73,34.0,7.6,16.8,45.0%,1.6,4.5,36.0%,4.8,5.8,83.0%,21.55,0.8,3.0,3.8,6.4,3.0,2.13,0.95,0.55,1.6,11,0,2482,552,1226,45.0%,118,329,36.0%,351,423,83.0%,1573,58,219,277,467,219,69,40,117,BBB,Derrick Rose
CHA,"PF,C",C,C,Al,Jefferson,74,35.0,9.3,18.5,50.5%,0.0,0.1,20.0%,2.7,3.8,71.5%,21.42,2.1,8.5,10.6,2.2,1.7,1.29,0.90,1.25,2.5,39,0,2590,691,1369,50.5%,1,7,20.0%,201,281,71.5%,1585,155,629,784,163,126,67,93,185,,Al Jefferson
POR,PG,PG,PG,Damian,Lillard,78,37.0,7.0,16.2,43.4%,2.7,6.8,39.0%,4.6,5.4,85.5%,21.33,0.5,3.0,3.5,6.0,2.6,2.31,0.90,0.30,2.5,8,0,2886,548,1264,43.4%,207,530,39.0%,360,421,85.5%,1664,39,234,273,468,203,70,23,195,,Damian Lillard
LAL,"PG,SG","SG,SF",SG,Kobe,Bryant,72,31.0,7.0,16.2,43.0%,1.2,3.6,33.5%,6.1,7.3,83.8%,21.26,0.5,3.3,3.8,4.8,3.2,1.50,1.25,0.15,2.4,8,1,2232,502,1166,43.0%,87,259,33.5%,440,526,83.8%,1530,36,238,274,346,230,90,11,173,,Kobe Bryant
CLE,"PF,C","PF,C",PF,Kevin,Love,74,35.0,6.9,14.6,47.0%,2.6,6.3,41.0%,4.9,6.0,82.0%,21.23,3.7,8.1,11.8,3.8,2.4,1.58,0.80,0.40,2.2,58,1,2590,508,1080,47.0%,191,466,41.0%,364,444,82.0%,1571,274,599,873,281,178,59,30,163,,Kevin Love
DAL,"PF,C",PF,PF,Dirk,Nowitzki,75,32.0,7.7,15.4,50.0%,1.7,4.2,40.5%,3.7,4.2,88.5%,20.82,0.8,5.8,6.6,2.6,1.4,1.86,0.85,0.45,2.0,6,0,2400,578,1155,50.0%,128,315,40.5%,279,315,88.5%,1561,60,435,495,195,105,64,34,150,,Dirk Nowitzki
SAC,"SF,PF",SF,SF,Rudy,Gay,74,36.0,7.5,16.3,46.0%,1.1,3.2,34.0%,4.5,5.5,81.0%,20.54,1.6,4.2,5.8,3.0,3.0,1.00,1.25,0.65,2.4,12,0,2664,555,1206,46.0%,81,237,34.0%,330,407,81.0%,1520,118,311,429,222,222,93,48,178,,Rudy Gay
CLE,"PG,SG",PG,PG,Kyrie,Irving,71,36.0,7.4,16.2,45.8%,2.0,5.0,39.8%,3.6,4.2,85.8%,20.43,0.5,2.7,3.2,5.4,2.6,2.08,1.65,0.35,2.6,6,1,2556,527,1150,45.8%,141,355,39.8%,256,298,85.8%,1451,36,192,227,383,185,117,25,185,,Kyrie Irving
GSW,"SG,SF","SG,SF",SG,Klay,Thompson,77,36.0,7.2,16.0,44.8%,3.0,7.0,42.8%,2.5,3.0,82.8%,19.82,0.5,2.9,3.4,2.4,2.4,1.00,1.10,0.55,2.8,2,0,2772,552,1232,44.8%,231,539,42.8%,191,231,82.8%,1526,39,223,262,185,185,85,42,216,SS,Klay Thompson
MIA,"PF,C","PF,C",C,Chris,Bosh,76,36.0,7.3,14.8,49.5%,0.8,2.6,31.0%,4.3,5.4,80.0%,19.78,1.7,6.3,8.0,2.0,2.2,0.91,1.00,1.15,2.6,32,0,2736,557,1125,49.5%,61,198,31.0%,328,410,80.0%,1503,129,479,608,152,167,76,87,198,,Chris Bosh
BKN,C,C,C,Brook,Lopez,69,31.0,7.7,14.2,54.5%,0.0,0.0,0.0%,4.2,5.4,77.0%,19.64,2.7,4.5,7.2,1.2,1.8,0.67,0.45,1.70,2.5,21,0,2139,534,980,54.5%,0,0,#DIV/0!,287,373,77.0%,1355,186,311,497,83,124,31,117,173,BBB,Brook Lopez
WAS,PG,PG,PG,John,Wall,76,37.0,7.0,16.0,44.0%,1.3,3.8,35.0%,4.0,5.0,80.5%,19.44,0.6,3.4,4.0,9.0,3.6,2.50,1.65,0.65,2.7,32,2,2812,535,1216,44.0%,101,289,35.0%,306,380,80.5%,1477,46,258,304,684,274,125,49,205,,John Wall
HOU,"PF,C","PF,C",C,Dwight,Howard,75,34.0,7.1,11.8,60.0%,0.0,0.0,0.0%,5.3,9.5,55.5%,19.43,3.3,8.7,12.0,1.8,3.2,0.56,0.95,2.05,3.4,53,0,2550,531,885,60.0%,0,0,#DIV/0!,395,713,55.5%,1457,248,653,900,135,240,71,154,255,,Dwight Howard
DAL,"PG,SG","PG,SG",SG,Monta,Ellis,77,36.0,7.1,15.4,46.0%,0.9,2.7,34.0%,3.9,5.0,78.6%,19.02,0.5,3.0,3.5,5.5,3.0,1.83,1.75,0.25,2.3,6,0,2772,545,1186,46.0%,71,208,34.0%,303,385,78.6%,1464,39,231,270,424,231,135,19,177,,Monta Ellis
MIA,"PG,SG",SG,SG,Dwyane,Wade,70,32.0,7.4,14.5,51.0%,0.5,1.8,29.0%,3.7,5.0,73.0%,18.96,1.0,3.2,4.2,5.0,3.0,1.67,1.55,0.55,2.2,7,1,2240,518,1015,51.0%,37,126,29.0%,256,350,73.0%,1327,70,224,294,350,210,109,39,154,,Dwyane Wade
WAS,SG,SG,SG,Bradley,Beal,64,36.0,7.0,16.2,43.4%,2.1,5.2,41.0%,2.6,3.3,79.8%,18.83,0.8,3.2,4.0,3.4,2.0,1.70,1.15,0.40,2.3,2,0,2304,450,1037,43.4%,136,333,41.0%,169,211,79.8%,1205,51,205,256,218,128,74,26,147,,Bradley Beal
PHO,"PG,SG","PG,SG",PG,Goran,Dragic,75,33.0,6.7,13.6,49.0%,1.5,3.8,39.0%,3.8,5.0,76.6%,18.64,0.7,2.3,3.0,5.6,2.6,2.15,1.45,0.25,2.7,5,0,2475,500,1020,49.0%,111,285,39.0%,287,375,76.6%,1398,53,173,225,420,195,109,19,203,,Goran Dragic
CHA,PG,PG,PG,Kemba,Walker,76,36.0,6.4,15.4,41.5%,1.6,4.7,34.5%,3.8,4.7,81.5%,18.23,0.5,3.3,3.8,6.2,2.4,2.58,1.40,0.40,1.9,8,1,2736,486,1170,41.5%,123,357,34.5%,291,357,81.5%,1386,38,251,289,471,182,106,30,144,,Kemba Walker
SAS,PG,PG,PG,Tony,Parker,72,30.0,7.2,14.2,50.5%,0.4,1.0,36.5%,3.5,4.3,81.5%,18.21,0.2,2.3,2.5,6.3,2.4,2.63,0.75,0.05,1.3,6,0,2160,516,1022,50.5%,26,72,36.5%,252,310,81.5%,1311,14,166,180,454,173,54,4,94,,Tony Parker
MIL,SF,SF,PF,Jabari,Parker,78,35.0,6.6,14.8,44.5%,0.6,2.0,29.5%,4.2,5.6,75.5%,17.99,1.8,5.4,7.2,2.0,2.8,0.71,1.20,0.40,3.4,16,0,2730,514,1154,44.5%,46,156,29.5%,330,437,75.5%,1403,140,421,562,156,218,94,31,265,TR,Jabari Parker
TOR,PG,PG,PG,Kyle,Lowry,76,36.0,5.8,13.6,42.5%,2.4,6.3,37.5%,4.1,5.0,81.0%,17.97,1.1,3.7,4.8,7.0,2.6,2.69,1.45,0.25,3.3,16,1,2736,439,1034,42.5%,180,479,37.5%,308,380,81.0%,1366,84,281,365,532,198,110,19,251,,Kyle Lowry
LAC,PG,PG,PG,Chris,Paul,72,34.0,6.1,13.0,47.0%,1.1,3.0,38.0%,4.6,5.4,85.0%,17.95,0.6,3.4,4.0,10.6,2.4,4.42,2.40,0.10,2.4,42,0,2448,440,936,47.0%,82,216,38.0%,330,389,85.0%,1292,43,245,288,763,173,173,7,173,,Chris Paul
DAL,"SF,PF",SF,SF,Chandler,Parsons,75,36.0,6.6,14.0,47.0%,2.2,5.7,38.0%,2.4,3.2,74.5%,17.71,1.1,4.7,5.8,3.5,1.9,1.84,1.20,0.40,2.3,9,1,2700,494,1050,47.0%,162,428,38.0%,179,240,74.5%,1328,83,353,435,263,143,90,30,173,CYC,Chandler Parsons
PHI,PG,PG,PG,Michael,Carter-Williams,69,34.0,6.4,15.5,41.0%,1.0,3.5,28.0%,4.0,5.5,72.0%,17.65,1.3,4.7,6.0,7.0,3.6,1.94,2.10,0.55,3.0,20,3,2346,438,1070,41.0%,68,242,28.0%,273,380,72.0%,1218,90,324,414,483,248,145,38,207,,Michael Carter-Williams
ATL,"PF,C",PF,PF,Paul,Millsap,76,33.0,6.4,13.8,46.6%,1.0,2.8,36.6%,3.7,5.0,74.4%,17.61,2.2,6.2,8.4,2.8,2.3,1.22,1.55,1.05,2.8,26,0,2508,489,1049,46.6%,78,213,36.6%,283,380,74.4%,1338,167,471,638,213,175,118,80,213,,Paul Millsap
GSW,"PF,C","PF,C",PF,David,Lee,74,33.0,7.2,13.5,53.0%,0.0,0.0,0.0%,3.3,4.2,78.0%,17.59,2.7,6.7,9.4,3.2,2.4,1.33,0.70,0.30,3.0,36,1,2442,529,999,53.0%,0,0,#DIV/0!,242,311,78.0%,1301,200,496,696,237,178,52,22,222,,David Lee
UTA,"SG,SF","SG,SF",SF,Gordon,Hayward,76,37.0,5.9,13.2,44.8%,1.5,3.8,38.8%,4.1,5.0,82.5%,17.43,0.8,4.0,4.8,5.0,3.0,1.67,1.45,0.55,2.0,10,1,2812,449,1003,44.8%,112,289,38.8%,314,380,82.5%,1324,61,304,365,380,228,110,42,152,SS,Gordon Hayward
PHO,"PG,SG","PG,SG",SG,Eric,Bledsoe,73,32.0,6.0,12.4,48.5%,1.3,3.4,37.5%,4.1,5.3,77.0%,17.38,0.6,3.8,4.4,4.8,3.0,1.60,1.65,0.65,2.4,8,1,2336,439,905,48.5%,93,248,37.5%,298,387,77.0%,1269,44,277,321,350,219,120,47,175,,Eric Bledsoe
LAC,"PG,SG","PG,SG",SG,Jamal,Crawford,72,28.0,5.7,13.3,42.5%,2.2,5.9,37.0%,3.7,4.3,86.0%,17.19,0.4,1.6,2.0,3.0,1.7,1.76,0.75,0.15,1.6,0,0,2016,407,958,42.5%,157,425,37.0%,266,310,86.0%,1237,29,115,144,216,122,54,11,115,,Jamal Crawford
MEM,"PF,C",PF,PF,Zach,Randolph,76,34.0,7.0,14.8,47.0%,0.0,0.2,20.0%,3.1,4.1,74.4%,17.00,3.4,6.6,10.0,2.5,2.1,1.19,0.75,0.25,2.6,44,0,2584,529,1125,47.0%,3,15,20.0%,232,312,74.4%,1292,258,502,760,190,160,57,19,198,,Zach Randolph
ATL,"PF,C","PF,C",C,Al,Horford,71,33.0,7.4,13.6,54.5%,0.1,0.2,25.0%,2.0,2.8,70.0%,16.83,2.4,6.4,8.8,2.8,2.1,1.33,0.85,1.30,2.2,28,0,2343,526,966,54.5%,4,14,25.0%,139,199,70.0%,1195,170,454,625,199,149,60,92,156,,Al Horford
MEM,PG,PG,PG,Mike,Conley,76,34.0,6.1,13.7,44.5%,1.5,4.1,36.5%,3.1,3.8,82.0%,16.81,0.6,2.6,3.2,6.0,2.2,2.73,1.65,0.15,2.0,4,0,2584,463,1041,44.5%,114,312,36.5%,237,289,82.0%,1277,46,198,243,456,167,125,11,152,,Mike Conley
BOS,"SG,SF","SF,PF",SF,Jeff,Green,77,34.0,5.9,13.7,43.0%,1.6,4.6,35.0%,3.4,4.2,80.0%,16.75,0.7,3.9,4.6,1.6,2.0,0.80,0.70,0.55,2.3,1,0,2618,454,1055,43.0%,124,354,35.0%,259,323,80.0%,1290,54,300,354,123,154,54,42,177,,Jeff Green
DET,"PF,C","PF,C",C,Andre,Drummond,78,33.0,7.0,11.5,61.0%,0.0,0.0,0.0%,2.5,5.7,43.0%,16.48,5.5,7.8,13.3,1.0,2.0,0.50,1.25,2.40,4.0,66,0,2574,547,897,61.0%,0,0,#DIV/0!,191,445,43.0%,1286,429,608,1037,78,156,98,187,312,SS,Andre Drummond
ATL,PG,PG,PG,Jeff,Teague,77,33.0,5.8,12.8,45.0%,1.0,3.0,34.4%,3.9,4.6,85.0%,16.46,0.4,2.2,2.6,7.2,3.0,2.40,1.40,0.35,2.1,16,0,2541,444,986,45.0%,79,231,34.4%,301,354,85.0%,1268,31,169,200,554,231,108,27,162,,Jeff Teague
UTA,"PG,SG","PG,SG",SG,Alec,Burks,76,35.0,5.5,12.0,45.5%,0.9,2.5,35.5%,4.6,6.1,75.5%,16.41,0.9,2.7,3.6,2.8,2.5,1.12,1.15,0.20,3.0,1,0,2660,415,912,45.5%,67,190,35.5%,350,464,75.5%,1247,68,205,274,213,190,87,15,228,RS,Alec Burks
IND,PF,PF,PF,David,West,75,33.0,6.4,13.7,47.0%,0.1,0.3,24.0%,3.3,4.2,78.5%,16.25,1.9,5.9,7.8,2.8,2.2,1.27,0.90,0.90,2.5,15,0,2475,483,1028,47.0%,5,23,24.0%,247,315,78.5%,1219,143,443,585,210,165,68,68,188,,David West
OKC,"PF,C","PF,C",PF,Serge,Ibaka,77,34.0,6.6,12.5,53.0%,0.5,1.3,38.0%,2.4,3.1,78.0%,16.16,3.0,6.2,9.2,1.2,1.7,0.71,0.45,2.85,3.0,31,0,2618,510,963,53.0%,38,100,38.0%,186,239,78.0%,1244,231,477,708,92,131,35,219,231,,Serge Ibaka
DEN,PG,PG,PG,Ty,Lawson,72,35.0,5.1,11.6,44.0%,1.2,3.3,36.0%,4.8,6.1,78.0%,16.15,0.4,2.6,3.0,9.0,3.2,2.81,1.55,0.15,2.0,18,0,2520,367,835,44.0%,86,238,36.0%,343,439,78.0%,1163,29,187,216,648,230,112,11,144,,Ty Lawson
ORL,"PG,SG","PG,SG",SG,Victor,Oladipo,64,34.0,5.6,13.0,43.0%,1.2,3.5,35.0%,3.6,4.7,77.5%,16.05,0.6,3.8,4.4,4.2,3.2,1.31,1.75,0.50,2.7,8,1,2176,358,832,43.0%,78,224,35.0%,233,301,77.5%,1027,38,243,282,269,205,112,32,173,SS,Victor Oladipo
CLE,SG,SG,SG,Dion,Waiters,73,32.0,6.1,13.6,44.8%,1.5,4.2,36.8%,2.1,2.9,72.8%,15.84,0.3,2.3,2.6,2.8,2.1,1.33,1.00,0.25,2.6,1,0,2336,445,993,44.8%,113,307,36.8%,154,212,72.8%,1156,22,168,190,204,153,73,18,190,RS,Dion Waiters
BKN,PG,PG,PG,Deron,Williams,73,32.0,5.4,12.0,45.2%,1.7,4.6,37.0%,3.2,3.9,83.0%,15.79,0.3,2.5,2.8,7.0,2.4,2.92,1.20,0.15,2.4,6,0,2336,396,876,45.2%,124,336,37.0%,236,285,83.0%,1152,22,183,204,511,175,88,11,175,,Deron Williams
MEM,C,C,C,Marc,Gasol,75,34.0,6.2,12.7,48.5%,0.0,0.2,20.0%,3.4,4.4,77.5%,15.77,1.9,6.1,8.0,3.8,2.0,1.90,1.05,1.65,3.0,17,1,2550,462,953,48.5%,3,15,20.0%,256,330,77.5%,1183,143,458,600,285,150,79,124,225,BBB,Marc Gasol
PHO,"PF,C","PF,C",PF,Markieff,Morris,77,32.0,5.7,12.2,46.5%,0.7,2.2,34.0%,3.6,4.6,78.0%,15.68,2.1,5.2,7.3,2.0,2.3,0.87,1.05,0.90,3.5,19,0,2464,437,939,46.5%,58,169,34.0%,276,354,78.0%,1208,162,400,562,154,177,81,69,270,CYC,Markieff Morris
LAL,"SG,SF","SG,SF",SF,Nick,Young,62,28.0,5.5,12.6,43.5%,2.2,5.6,38.5%,2.5,3.0,82.0%,15.58,0.4,2.0,2.4,1.6,1.3,1.23,0.75,0.15,2.2,0,0,1736,340,781,43.5%,134,347,38.5%,153,186,82.0%,966,25,124,149,99,81,47,9,136,,Nick Young
POR,"SG,SF","SG,SF",SG,Wesley,Matthews,76,32.0,5.2,11.8,44.0%,2.4,6.0,39.6%,2.8,3.4,82.8%,15.58,0.5,2.7,3.2,2.3,1.3,1.77,1.05,0.15,2.2,1,0,2432,395,897,44.0%,181,456,39.6%,214,258,82.8%,1184,38,205,243,175,99,80,11,167,,Wesley Matthews
MIN,"SG,SF",SG,SG,Kevin,Martin,73,26.0,5.1,12.0,42.5%,1.7,4.5,38.0%,3.5,4.0,88.0%,15.43,0.3,2.1,2.4,1.8,1.4,1.29,0.75,0.05,1.8,0,0,1898,372,876,42.5%,125,329,38.0%,257,292,88.0%,1126,22,153,175,131,102,55,4,131,,Kevin Martin
DEN,"SG,SF","SG,SF",SG,Arron,Afflalo,74,32.0,5.5,12.0,46.0%,1.6,3.8,42.0%,2.8,3.4,82.0%,15.42,0.5,2.9,3.4,3.0,1.8,1.67,0.55,0.15,2.0,0,0,2368,408,888,46.0%,118,281,42.0%,206,252,82.0%,1141,37,215,252,222,133,41,11,148,,Arron Afflalo
ORL,"PF,C","PF,C",C,Nikola,Vucevic,75,32.0,6.7,12.8,52.5%,0.0,0.0,0.0%,2.0,2.6,75.5%,15.40,3.3,7.9,11.2,1.8,2.1,0.86,0.95,0.90,3.0,45,0,2400,504,960,52.5%,0,0,#DIV/0!,147,195,75.5%,1155,248,593,840,135,158,71,68,225,,Nikola Vucevic
MIL,"PG,SG","PG,SG",PG,Brandon,Knight,74,32.0,5.3,12.5,42.5%,1.5,4.4,34.5%,3.1,3.9,79.5%,15.24,0.6,2.6,3.2,5.8,3.2,1.81,1.05,0.15,2.2,4,0,2368,393,925,42.5%,112,326,34.5%,229,289,79.5%,1128,44,192,237,429,237,78,11,163,,Brandon Knight
BKN,"SG,SF","SG,SF",SF,Joe,Johnson,76,31.0,5.5,12.2,45.4%,2.1,5.2,39.8%,2.1,2.5,82.0%,15.20,0.6,3.2,3.8,3.0,1.5,2.00,0.70,0.10,1.5,1,0,2356,421,927,45.4%,157,395,39.8%,156,190,82.0%,1155,46,243,289,228,114,53,8,114,,Joe Johnson
NOR,"SG,SF","SG,SF",SF,Tyreke,Evans,73,32.0,5.7,12.4,46.0%,0.4,1.2,30.0%,3.3,4.3,76.0%,15.04,1.0,3.6,4.6,5.2,2.6,2.00,1.35,0.40,2.2,8,1,2336,416,905,46.0%,26,88,30.0%,239,314,76.0%,1098,73,263,336,380,190,99,29,161,,Tyreke Evans
PHI,PG,"PG,SG",SG,Tony,Wroten,76,28.0,5.5,12.6,43.6%,0.8,3.0,28.0%,3.2,4.8,66.8%,15.03,1.0,2.6,3.6,4.4,3.4,1.29,1.25,0.25,2.4,4,0,2128,418,958,43.6%,64,228,28.0%,244,365,66.8%,1143,76,198,274,334,258,95,19,182,BR,Tony Wroten
MIA,"SF,PF",SF,SF,Luol,Deng,73,32.0,5.6,12.5,45.0%,1.0,3.0,34.4%,2.8,3.5,78.6%,15.03,1.4,4.2,5.6,2.8,1.8,1.56,1.15,0.35,1.8,5,0,2336,411,913,45.0%,75,219,34.4%,201,256,78.6%,1097,102,307,409,204,131,84,26,131,,Luol Deng
UTA,PG,PG,PG,Trey,Burke,74,35.0,5.5,13.4,41.0%,2.0,5.4,37.0%,2.0,2.3,88.0%,15.01,0.5,2.7,3.2,6.4,2.4,2.67,0.80,0.05,2.2,16,0,2590,407,992,41.0%,148,400,37.0%,150,170,88.0%,1111,37,200,237,474,178,59,4,163,RS,Trey Burke
NOR,"PF,C",PF,PF,Ryan,Anderson,71,30.0,5.3,12.2,43.5%,2.5,6.4,39.5%,1.9,2.2,84.5%,15.00,2.4,3.8,6.2,0.9,1.0,0.90,0.55,0.25,2.2,8,0,2130,377,866,43.5%,179,454,39.5%,132,156,84.5%,1065,170,270,440,64,71,39,18,156,,Ryan Anderson
DET,"PF,C","PF,C",C,Greg,Monroe,76,32.0,6.0,11.8,51.0%,0.0,0.0,0.0%,2.9,4.4,67.0%,14.98,3.0,6.0,9.0,2.2,2.4,0.92,1.20,0.55,2.4,30,0,2432,457,897,51.0%,0,0,#DIV/0!,224,334,67.0%,1139,228,456,684,167,182,91,42,182,,Greg Monroe
SAS,"PF,C","PF,C",C,Tim,Duncan,70,28.0,5.9,12.0,49.5%,0.0,0.1,20.0%,3.1,4.1,74.5%,14.95,1.8,7.4,9.2,2.8,2.0,1.40,0.60,1.90,1.7,28,0,1960,416,840,49.5%,1,7,20.0%,214,287,74.5%,1047,126,518,644,196,140,42,133,119,,Tim Duncan
MIN,C,C,C,Nikola,Pekovic,70,26.0,5.9,11.2,53.0%,0.0,0.0,0.0%,3.0,4.0,74.0%,14.83,3.3,4.7,8.0,0.8,1.3,0.62,0.55,0.60,2.0,22,0,1820,416,784,53.0%,0,0,#DIV/0!,207,280,74.0%,1038,231,329,560,56,91,39,42,140,,Nikola Pekovic
DEN,PF,PF,PF,Kenneth,Faried,78,31.0,6.1,11.0,55.0%,0.0,0.0,0.0%,2.7,4.2,65.0%,14.83,3.4,6.4,9.8,1.4,2.0,0.70,1.00,1.00,2.8,42,0,2418,472,858,55.0%,0,0,#DIV/0!,213,328,65.0%,1157,265,499,764,109,156,78,78,218,SS,Kenneth Faried
BOS,"PG,SG","PG,SG",SG,Avery,Bradley,74,30.0,5.8,13.0,44.8%,1.8,4.4,40.0%,1.4,1.8,78.8%,14.83,0.6,2.4,3.0,1.4,1.6,0.88,1.15,0.25,2.6,1,0,2220,431,962,44.8%,130,326,40.0%,105,133,78.8%,1097,44,178,222,104,118,85,19,192,RS,Avery Bradley
BOS,"PF,C","PF,C",C,Jared,Sullinger,74,31.0,5.6,12.0,46.4%,1.5,4.2,36.4%,2.1,2.7,77.0%,14.74,3.4,6.3,9.7,2.0,2.2,0.91,0.75,0.55,3.6,32,0,2294,412,888,46.4%,113,311,36.4%,154,200,77.0%,1091,252,466,718,148,163,56,41,266,RS,Jared Sullinger
MIN,"SF,PF","SF,PF",PF,Thaddeus,Young,77,32.0,6.1,13.0,46.6%,0.7,2.4,30.0%,1.8,2.6,71.0%,14.68,2.0,4.5,6.5,1.8,1.6,1.13,1.75,0.55,2.8,7,0,2464,466,1001,46.6%,55,185,30.0%,142,200,71.0%,1131,154,347,501,139,123,135,42,216,,Thaddeus Young
UTA,"PF,C","PF,C",C,Derrick,Favors,75,32.0,5.8,11.0,53.0%,0.0,0.0,0.0%,3.0,4.5,67.0%,14.68,2.9,6.4,9.3,1.7,2.5,0.68,1.05,1.60,3.4,35,0,2400,437,825,53.0%,0,0,#DIV/0!,226,338,67.0%,1101,218,480,698,128,188,79,120,255,,Derrick Favors
PHO,PG,PG,PG,Isaiah,Thomas,72,26.0,5.0,11.0,45.0%,1.3,3.6,36.5%,3.4,4.0,86.0%,14.65,0.4,1.6,2.0,4.0,2.4,1.67,1.05,0.05,2.2,1,0,1872,356,792,45.0%,95,259,36.5%,248,288,86.0%,1055,29,115,144,288,173,76,4,158,,Isaiah Thomas
IND,"PG,SG",SG,SG,Rodney,Stuckey,74,29.0,5.3,12.4,42.5%,0.4,1.3,27.8%,3.7,4.5,82.2%,14.60,0.6,3.2,3.8,3.6,2.5,1.44,1.10,0.15,2.5,2,0,2146,390,918,42.5%,27,96,27.8%,274,333,82.2%,1080,44,237,281,266,185,81,11,185,,Rodney Stuckey
NOR,SG,SG,SG,Eric,Gordon,73,29.0,5.1,11.8,43.0%,1.5,4.0,38.0%,2.9,3.7,78.8%,14.58,0.4,2.0,2.4,2.8,2.0,1.40,1.00,0.15,1.8,0,0,2117,370,861,43.0%,111,292,38.0%,213,270,78.8%,1065,29,146,175,204,146,73,11,131,,Eric Gordon
SAS,"SG,SF","SG,SF",SF,Kawhi,Leonard,72,32.0,5.6,11.0,50.8%,1.2,3.2,38.8%,2.2,2.7,79.8%,14.57,1.3,5.5,6.8,2.2,1.5,1.47,1.75,0.75,2.2,14,0,2304,402,792,50.8%,89,230,38.8%,155,194,79.8%,1049,94,396,490,158,108,126,54,158,,Kawhi Leonard
ORL,"SF,PF","SF,PF",PF,Tobias,Harris,74,27.0,5.5,11.4,48.0%,0.6,2.0,32.0%,2.9,3.7,79.0%,14.51,1.5,4.8,6.3,1.5,1.3,1.15,0.80,0.60,2.2,8,0,1998,405,844,48.0%,47,148,32.0%,216,274,79.0%,1074,111,355,466,111,96,59,44,163,BBB,Tobias Harris
NOR,PG,PG,PG,Jrue,Holiday,75,36.0,5.8,13.2,44.0%,1.1,2.8,38.0%,1.8,2.3,78.0%,14.47,0.7,3.0,3.7,7.9,3.3,2.39,1.65,0.35,2.7,19,0,2700,436,990,44.0%,80,210,38.0%,135,173,78.0%,1086,53,225,278,593,248,124,26,203,,Jrue Holiday
LAC,SG,SG,SG,JJ,Redick,70,28.0,4.9,10.9,45.0%,2.0,5.1,40.0%,2.3,2.6,90.0%,14.19,0.2,1.8,2.0,2.2,1.2,1.83,0.70,0.05,1.8,0,0,1960,343,763,45.0%,143,357,40.0%,164,182,90.0%,993,14,126,140,154,84,49,4,126,,JJ Redick
LAL,"PG,SG",PG,PG,Jeremy,Lin,74,33.0,4.5,10.4,43.0%,1.3,3.6,36.0%,3.7,4.6,81.0%,13.97,0.6,2.7,3.3,6.9,3.0,2.30,1.20,0.30,3.0,14,0,2442,331,770,43.0%,96,266,36.0%,276,340,81.0%,1033,44,200,244,511,222,89,22,222,,Jeremy Lin
IND,"PG,SG",PG,PG,George,Hill,76,34.0,4.9,11.4,43.0%,1.4,3.8,36.0%,2.7,3.3,80.5%,13.83,0.7,3.3,4.0,5.0,2.2,2.27,1.10,0.35,2.2,6,0,2584,373,866,43.0%,104,289,36.0%,202,251,80.5%,1051,53,251,304,380,167,84,27,167,CYC,George Hill
HOU,"SG,SF",SF,SF,Trevor,Ariza,74,35.0,4.9,11.2,44.0%,2.3,6.0,39.0%,1.6,2.1,77.0%,13.81,1.1,4.7,5.8,2.8,2.0,1.40,1.65,0.35,2.4,9,0,2590,365,829,44.0%,173,444,39.0%,120,155,77.0%,1022,81,348,429,207,148,122,26,178,,Trevor Ariza
DET,"SF,PF","SF,PF",PF,Josh,Smith,76,30.0,5.8,12.8,45.0%,0.4,1.6,28.0%,1.8,3.4,54.0%,13.80,1.5,5.5,7.0,4.8,3.0,1.60,1.20,1.20,2.4,12,1,2280,438,973,45.0%,34,122,28.0%,140,258,54.0%,1049,114,418,532,365,228,91,91,182,,Josh Smith
CHI,"SG,SF","SG,SF",SG,Jimmy,Butler,70,35.0,4.3,9.2,46.4%,0.8,2.2,34.8%,4.5,5.8,77.4%,13.79,1.8,3.6,5.4,2.2,1.6,1.38,1.85,0.60,1.8,5,0,2450,299,644,46.4%,54,154,34.8%,314,406,77.4%,965,126,252,378,154,112,130,42,126,CYC,Jimmy Butler
CHA,"SG,SF",SG,SG,Lance,Stephenson,77,35.0,5.2,10.8,48.5%,1.2,3.4,36.5%,2.0,2.7,72.5%,13.67,1.1,5.4,6.5,4.8,2.6,1.85,0.85,0.15,2.4,19,2,2695,403,832,48.5%,96,262,36.5%,151,208,72.5%,1053,85,416,501,370,200,65,12,185,,Lance Stephenson
CHI,"PF,C","PF,C",PF,Pau,Gasol,70,30.0,5.4,10.6,50.5%,0.2,0.6,30.0%,2.7,3.7,74.0%,13.62,2.4,6.8,9.2,3.2,1.9,1.68,0.40,1.25,2.0,24,0,2100,375,742,50.5%,13,42,30.0%,192,259,74.0%,954,168,476,644,224,133,28,88,140,,Pau Gasol
WAS,C,C,C,Marcin,Gortat,75,33.0,5.8,10.6,55.0%,0.0,0.0,0.0%,1.9,2.8,68.5%,13.58,2.5,7.0,9.5,1.6,1.6,1.00,0.60,1.55,2.6,39,0,2475,437,795,55.0%,0,0,#DIV/0!,144,210,68.5%,1018,188,525,713,120,120,45,116,195,,Marcin Gortat
MIN,SF,SG,SF,Andrew,Wiggins,74,29.0,4.5,11.0,41.0%,1.1,3.2,35.0%,3.4,4.4,76.8%,13.52,1.1,3.5,4.6,1.6,2.4,0.67,1.10,0.90,2.8,1,0,2146,334,814,41.0%,83,237,35.0%,250,326,76.8%,1000,81,259,340,118,178,81,67,207,TR,Andrew Wiggins
UTA,C,C,C,Enes,Kanter,75,27.0,5.7,11.8,48.0%,0.5,2.2,22.0%,1.6,2.2,74.0%,13.44,2.6,4.8,7.4,1.4,2.0,0.70,0.50,0.65,3.0,19,0,2025,425,885,48.0%,36,165,22.0%,122,165,74.0%,1008,195,360,555,105,150,38,49,225,,Enes Kanter
POR,"SG,SF","SG,SF",SF,Nicolas,Batum,75,36.0,4.7,10.2,45.8%,1.9,5.2,36.8%,2.1,2.5,82.8%,13.33,1.3,5.7,7.0,5.0,2.5,2.00,1.05,0.85,2.0,15,1,2700,350,765,45.8%,144,390,36.8%,155,188,82.8%,1000,98,428,525,375,188,79,64,150,,Nicolas Batum
DET,PG,PG,PG,Brandon,Jennings,77,32.0,4.5,11.6,39.0%,1.7,4.8,36.0%,2.4,3.1,79.0%,13.23,0.6,2.0,2.6,8.2,2.7,3.04,1.30,0.05,2.0,21,0,2464,348,893,39.0%,133,370,36.0%,189,239,79.0%,1018,46,154,200,631,208,100,4,154,,Brandon Jennings
LAL,"PF,C",PF,PF,Carlos,Boozer,76,28.0,5.6,12.2,46.0%,0.0,0.0,0.0%,2.0,2.6,76.0%,13.20,1.8,5.6,7.4,2.2,2.2,1.00,0.90,0.25,2.8,12,0,2128,427,927,46.0%,0,0,#DIV/0!,150,198,76.0%,1003,137,426,562,167,167,68,19,213,,Carlos Boozer
OKC,"PG,SG",PG,SG,Reggie,Jackson,76,29.0,4.8,11.0,43.5%,1.2,3.4,35.0%,2.1,2.4,86.0%,12.82,0.6,3.0,3.6,4.2,2.4,1.75,1.05,0.15,2.0,3,0,2204,364,836,43.5%,90,258,35.0%,157,182,86.0%,975,46,228,274,319,182,80,11,152,,Reggie Jackson
DET,SG,SG,SG,Jodie,Meeks,60,28.0,4.3,10.0,43.0%,2.1,5.5,39.0%,1.9,2.2,86.0%,12.64,0.3,2.1,2.4,1.4,1.2,1.17,1.05,0.05,1.4,0,0,1680,258,600,43.0%,129,330,39.0%,114,132,86.0%,758,18,126,144,84,72,63,3,84,,Jodie Meeks
PHO,"SG,SF","SG,SF",SG,Gerald,Green,75,24.0,4.4,10.0,43.5%,2.1,5.3,39.5%,1.8,2.2,83.0%,12.62,0.6,2.4,3.0,1.1,1.4,0.79,0.70,0.40,2.3,1,0,1800,326,750,43.5%,157,398,39.5%,137,165,83.0%,946,45,180,225,83,105,53,30,173,,Gerald Green
HOU,"SF,PF",PF,PF,Terrence,Jones,76,28.0,5.0,9.8,51.5%,0.5,1.8,30.0%,2.0,3.2,62.0%,12.62,2.0,5.2,7.2,1.4,1.2,1.17,0.85,1.25,2.0,16,0,2128,384,745,51.5%,41,137,30.0%,151,243,62.0%,959,152,395,547,106,91,65,95,152,,Terrence Jones
DEN,SF,"SF,PF",SF,Danilo,Gallinari,72,26.0,4.0,9.6,41.5%,1.5,4.2,36.0%,3.1,3.8,82.0%,12.60,0.5,3.1,3.6,1.8,1.4,1.29,0.75,0.35,1.8,0,0,1872,287,691,41.5%,109,302,36.0%,224,274,82.0%,907,36,223,259,130,101,54,25,130,,Danilo Gallinari
IND,C,C,C,Roy,Hibbert,78,31.0,4.9,10.9,45.0%,0.0,0.0,0.0%,2.8,3.7,75.0%,12.59,3.2,5.6,8.8,1.6,2.1,0.76,0.45,2.30,3.5,24,0,2418,383,850,45.0%,0,0,#DIV/0!,216,289,75.0%,982,250,437,686,125,164,35,179,273,CYC,Roy Hibbert
SAC,PG,PG,PG,Darren,Collison,76,28.0,4.3,9.4,46.0%,0.9,2.6,36.5%,3.0,3.5,85.0%,12.57,0.5,2.1,2.6,5.2,2.1,2.48,1.10,0.10,1.8,4,0,2128,329,714,46.0%,72,198,36.5%,226,266,85.0%,955,38,160,198,395,160,84,8,137,,Darren Collison
PHI,C,C,C,Henry,Sims,74,28.0,4.9,10.6,46.0%,0.0,0.0,0.0%,2.8,3.8,74.0%,12.56,2.8,3.8,6.6,1.6,1.6,1.00,0.85,0.55,3.3,12,0,2072,361,784,46.0%,0,0,#DIV/0!,208,281,74.0%,930,207,281,488,118,118,63,41,244,DS,Henry Sims
CHI,"PF,C",PF,PF,Taj,Gibson,77,28.0,5.0,10.3,49.0%,0.0,0.1,20.0%,2.4,3.2,75.0%,12.51,2.4,4.3,6.7,1.0,1.7,0.59,0.55,1.45,2.6,11,0,2156,389,793,49.0%,2,8,20.0%,185,246,75.0%,964,185,331,516,77,131,42,112,200,,Taj Gibson
BOS,PG,PG,PG,Rajon,Rondo,71,35.0,5.1,11.5,44.0%,0.7,2.5,29.0%,1.6,2.5,64.0%,12.45,1.0,4.4,5.4,10.4,3.4,3.06,1.65,0.10,2.7,22,1,2485,359,817,44.0%,51,178,29.0%,114,178,64.0%,884,71,312,383,738,241,117,7,192,,Rajon Rondo
NYK,SG,SG,SG,Tim,Hardaway Jr.,76,24.0,4.1,9.4,44.0%,2.0,5.0,39.0%,2.0,2.4,83.0%,12.21,0.3,1.7,2.0,2.0,1.6,1.25,0.65,0.05,2.2,0,0,1824,314,714,44.0%,148,380,39.0%,151,182,83.0%,928,23,129,152,152,122,49,4,167,BR,Tim Hardaway Jr.
TOR,"SG,SF","SG,SF",SF,Terrence,Ross,77,30.0,4.3,10.2,42.5%,2.3,5.7,40.0%,1.2,1.5,82.5%,12.19,0.6,2.8,3.4,1.2,1.2,1.00,1.05,0.35,2.6,1,0,2310,334,785,42.5%,176,439,40.0%,95,116,82.5%,938,46,216,262,92,92,81,27,200,RS,Terrence Ross
WAS,"PF,C","PF,C",PF,Nene,Hilario,68,26.0,4.8,9.4,51.0%,0.0,0.0,0.0%,2.6,4.2,61.0%,12.15,1.2,4.0,5.2,2.2,2.0,1.10,1.00,0.75,2.8,1,0,1768,326,639,51.0%,0,0,#DIV/0!,174,286,61.0%,826,82,272,354,150,136,68,51,190,,Nene Hilario
TOR,C,C,C,Jonas,Valanciunas,75,30.0,4.6,8.4,55.0%,0.0,0.0,0.0%,2.6,3.4,76.6%,11.84,2.9,6.5,9.4,0.8,1.9,0.42,0.35,1.25,3.2,29,0,2250,347,630,55.0%,0,0,#DIV/0!,195,255,76.6%,888,218,488,705,60,143,26,94,240,,Jonas Valanciunas
DEN,C,C,C,Timofey,Mozgov,75,26.0,4.2,7.7,54.0%,0.2,0.6,28.0%,3.1,4.1,76.0%,11.60,2.4,5.0,7.4,0.8,1.8,0.44,0.35,1.25,2.8,17,0,1950,312,578,54.0%,13,45,28.0%,234,308,76.0%,870,180,375,555,60,135,26,94,210,CYC,Timofey Mozgov
DET,SG,SG,SG,Kentavious,Caldwell-Pope,76,26.0,4.0,9.5,42.5%,1.5,4.3,36.0%,1.7,2.2,79.0%,11.36,0.6,2.0,2.6,1.6,1.3,1.23,1.10,0.20,2.6,0,0,1976,307,722,42.5%,118,327,36.0%,132,167,79.0%,863,46,152,198,122,99,84,15,198,BR,Kentavious Caldwell-Pope
ATL,"SG,SF","SG,SF",SG,Kyle,Korver,74,33.0,3.9,8.4,46.0%,2.5,5.6,45.0%,1.0,1.1,88.0%,11.22,0.2,3.4,3.6,2.8,1.3,2.15,0.85,0.25,2.0,0,0,2442,286,622,46.0%,186,414,45.0%,72,81,88.0%,830,15,252,266,207,96,63,19,148,,Kyle Korver
CLE,"PF,C",PF,PF,Tristan,Thompson,78,26.0,4.4,8.4,52.5%,0.0,0.0,0.0%,2.4,3.4,70.0%,11.20,3.3,5.3,8.6,0.6,0.9,0.67,0.55,0.95,2.6,18,0,2028,344,655,52.5%,0,0,#DIV/0!,186,265,70.0%,874,257,413,671,47,70,43,74,203,,Tristan Thompson
OKC,"SG,SF","SG,SF",SG,Anthony,Morrow,64,24.0,3.9,9.1,43.0%,2.0,4.6,43.5%,1.2,1.4,86.0%,11.03,0.2,1.4,1.6,0.8,0.8,1.00,0.60,0.15,2.0,0,0,1536,250,582,43.0%,128,294,43.5%,77,90,86.0%,706,13,90,102,51,51,38,10,128,DS,Anthony Morrow
DAL,PG,PG,PG,Jameer,Nelson,71,28.0,3.9,9.4,41.0%,2.1,5.6,38.0%,1.2,1.4,85.0%,11.03,0.2,2.4,2.6,4.4,2.0,2.20,0.95,0.05,2.2,3,0,1988,274,667,41.0%,151,398,38.0%,84,99,85.0%,783,14,170,185,312,142,67,4,156,,Jameer Nelson
NYK,PG,PG,PG,Jose,Calderon,74,30.0,4.0,8.8,45.5%,2.1,5.0,42.0%,0.9,1.1,82.0%,11.01,0.3,1.9,2.2,6.0,1.8,3.33,0.85,0.10,1.6,4,0,2220,296,651,45.5%,155,370,42.0%,67,81,82.0%,815,22,141,163,444,133,63,7,118,,Jose Calderon
CHI,"PF,C",C,C,Joakim,Noah,74,32.0,4.2,8.5,49.5%,0.0,0.0,0.0%,2.6,3.5,74.0%,11.01,3.3,7.2,10.5,3.6,2.3,1.57,1.10,1.50,3.0,35,1,2368,311,629,49.5%,0,0,#DIV/0!,192,259,74.0%,814,244,533,777,266,170,81,111,222,,Joakim Noah
SAS,"SG,SF",SG,SG,Manu,Ginobili,68,21.0,3.7,8.4,43.8%,1.3,3.8,35.0%,2.3,2.8,82.0%,10.98,0.3,2.0,2.3,3.8,2.2,1.73,1.05,0.20,2.2,1,0,1428,250,571,43.8%,90,258,35.0%,156,190,82.0%,747,20,136,156,258,150,71,14,150,,Manu Ginobili
IND,"SG,SF","SG,SF",SF,CJ,Miles,70,22.0,3.8,9.6,40.0%,1.8,5.0,36.5%,1.5,1.8,82.0%,10.98,0.3,2.2,2.5,1.3,1.3,1.00,0.95,0.30,2.5,0,0,1540,269,672,40.0%,128,350,36.5%,103,126,82.0%,769,21,154,175,91,91,67,21,175,BBB,CJ Miles
MIL,"SF,PF","SF,PF",PF,Ersan,Ilyasova,73,25.0,4.1,9.5,43.5%,1.0,2.5,38.0%,1.8,2.2,80.0%,10.98,1.7,4.1,5.8,1.2,1.1,1.09,0.75,0.35,2.3,5,0,1825,302,694,43.5%,69,183,38.0%,128,161,80.0%,801,124,299,423,88,80,55,26,168,,Ersan Ilyasova
NYK,"PF,C","PF,C",PF,Andrea,Bargnani,62,23.0,4.3,9.8,44.0%,0.8,2.4,33.0%,1.6,1.9,82.0%,10.97,0.8,3.4,4.2,0.8,1.3,0.62,0.35,0.80,2.0,2,0,1426,267,608,44.0%,49,149,33.0%,97,118,82.0%,680,50,211,260,50,81,22,50,124,,Andrea Bargnani
POR,C,C,C,Robin,Lopez,76,32.0,4.3,7.8,55.5%,0.0,0.0,0.0%,2.2,2.8,78.0%,10.84,4.0,4.6,8.6,1.0,1.1,0.91,0.25,1.60,2.6,24,0,2432,329,593,55.5%,0,0,#DIV/0!,166,213,78.0%,824,304,350,654,76,84,19,122,198,,Robin Lopez
WAS,"SF,PF","SF,PF",SF,Paul,Pierce,70,26.0,3.5,8.0,44.0%,1.1,3.0,38.0%,2.7,3.2,83.0%,10.84,0.3,4.0,4.3,2.3,1.8,1.28,0.85,0.25,2.5,1,0,1820,246,560,44.0%,80,210,38.0%,186,224,83.0%,759,21,280,301,161,126,60,18,175,,Paul Pierce
PHI,"PF,C",C,C,Nerlens,Noel,71,31.0,4.3,9.1,47.5%,0.0,0.0,0.0%,2.2,3.8,57.5%,10.83,2.5,6.5,9.0,1.8,2.8,0.64,1.25,2.65,3.6,21,1,2201,307,646,47.5%,0,0,#DIV/0!,155,270,57.5%,769,178,462,639,128,199,89,188,256,TR,Nerlens Noel
LAL,"PF,C","PF,C",C,Jordan,Hill,74,26.0,4.4,8.2,54.0%,0.0,0.0,0.0%,1.9,2.8,68.0%,10.76,3.2,6.0,9.2,1.0,1.4,0.71,0.40,1.10,3.2,22,0,1924,328,607,54.0%,0,0,#DIV/0!,141,207,68.0%,796,237,444,681,74,104,30,81,237,CYC,Jordan Hill
ORL,"PF,C","PF,C",PF,Channing,Frye,71,27.0,3.8,9.1,42.0%,2.1,5.6,38.0%,0.9,1.1,82.0%,10.67,0.8,4.0,4.8,1.2,1.0,1.20,0.65,0.75,2.8,1,0,1917,271,646,42.0%,151,398,38.0%,64,78,82.0%,758,57,284,341,85,71,46,53,199,,Channing Frye
HOU,"PG,SG",PG,PG,Patrick,Beverley,72,32.0,3.7,8.8,42.5%,1.7,4.4,37.5%,1.5,1.8,81.5%,10.60,1.1,2.3,3.4,3.6,1.5,2.40,1.45,0.30,3.2,3,0,2304,269,634,42.5%,119,317,37.5%,106,130,81.5%,763,79,166,245,259,108,104,22,230,CYC,Patrick Beverley
MIL,"SG,SF","SG,SF",SF,Giannis,Antetokounmpo,75,27.0,3.6,8.2,44.0%,0.9,2.4,36.0%,2.5,3.4,74.0%,10.60,1.2,3.8,5.0,2.5,2.5,1.00,0.90,1.10,3.2,5,0,2025,271,615,44.0%,65,180,36.0%,189,255,74.0%,795,90,285,375,188,188,68,83,240,RS,Giannis Antetokounmpo
BKN,"SF,PF",PF,PF,Mirza,Teletovic,75,24.0,3.8,9.0,42.0%,2.3,5.8,39.0%,0.8,1.0,75.0%,10.57,1.1,3.9,5.0,1.1,1.0,1.10,0.55,0.35,2.6,5,0,1800,284,675,42.0%,170,435,39.0%,56,75,75.0%,793,83,293,375,83,75,41,26,195,DS,Mirza Teletovic
SAS,"SG,SF",SG,SG,Marco,Belinelli,75,24.0,3.9,8.2,47.5%,1.4,3.4,42.0%,1.3,1.6,84.0%,10.56,0.2,2.4,2.6,2.0,1.2,1.67,0.65,0.05,1.6,0,0,1800,292,615,47.5%,107,255,42.0%,101,120,84.0%,792,15,180,195,150,90,49,4,120,,Marco Belinelli
IND,"SF,PF",SF,PF,Chris,Copeland,74,22.0,3.9,8.8,44.0%,2.1,5.2,40.0%,0.7,0.9,75.0%,10.50,0.8,2.2,3.0,1.5,1.2,1.25,0.35,0.45,2.4,0,0,1628,287,651,44.0%,154,385,40.0%,50,67,75.0%,777,59,163,222,111,89,26,33,178,,Chris Copeland
SAC,"PG,SG",PG,PG,Ramon,Sessions,74,24.0,3.5,8.2,43.0%,0.5,1.6,32.0%,2.9,3.6,81.0%,10.48,0.4,1.6,2.0,4.5,1.8,2.50,0.70,0.05,1.5,2,0,1776,261,607,43.0%,38,118,32.0%,216,266,81.0%,776,30,118,148,333,133,52,4,111,,Ramon Sessions
GSW,"SF,PF",SF,SF,Harrison,Barnes,76,28.0,3.8,8.6,44.0%,0.9,2.6,36.0%,2.0,2.6,75.0%,10.45,0.8,3.2,4.0,1.5,1.3,1.15,0.85,0.35,2.2,2,0,2128,288,654,44.0%,71,198,36.0%,148,198,75.0%,795,61,243,304,114,99,65,27,167,BR,Harrison Barnes
DET,"SG,SF","SG,SF",SF,Kyle,Singler,74,26.0,3.4,8.4,41.0%,1.9,5.4,35.0%,1.6,2.1,78.0%,10.42,0.8,1.8,2.6,0.8,1.1,0.73,0.55,0.20,2.6,0,0,1924,255,622,41.0%,140,400,35.0%,121,155,78.0%,771,59,133,192,59,81,41,15,192,,Kyle Singler
NYK,"PF,C","PF,C",C,Amare,Stoudemire,68,20.0,4.2,7.7,54.0%,0.0,0.0,0.0%,2.0,2.7,74.0%,10.31,1.7,3.3,5.0,0.5,1.2,0.42,0.35,0.65,2.3,2,0,1360,283,524,54.0%,0,0,#DIV/0!,136,184,74.0%,701,116,224,340,34,82,24,44,156,,Amare Stoudemire
BOS,C,C,PF,Kelly,Olynyk,75,26.0,3.7,8.2,45.0%,1.2,3.2,37.0%,1.7,2.2,79.0%,10.30,2.4,4.1,6.5,2.3,1.9,1.21,0.60,0.60,3.3,5,0,1950,277,615,45.0%,89,240,37.0%,130,165,79.0%,773,180,308,488,173,143,45,45,248,BR,Kelly Olynyk
LAC,C,C,C,DeAndre,Jordan,80,34.0,4.2,6.2,67.0%,0.0,0.0,0.0%,1.9,4.5,43.0%,10.24,3.8,9.4,13.2,0.7,1.4,0.50,0.85,2.55,3.2,40,0,2720,332,496,67.0%,0,0,#DIV/0!,155,360,43.0%,819,304,752,1056,56,112,68,204,256,,DeAndre Jordan
NYK,"SG,SF","SG,SF",SG,JR,Smith,74,22.0,3.7,8.8,42.0%,1.7,4.4,38.0%,1.1,1.6,70.0%,10.18,0.5,2.1,2.6,1.8,1.2,1.50,0.85,0.15,1.8,0,0,1628,274,651,42.0%,124,326,38.0%,83,118,70.0%,754,37,155,192,133,89,63,11,133,,JR Smith
MIL,"PF,C","PF,C",PF,John,Henson,73,23.0,4.4,8.0,55.0%,0.0,0.0,0.0%,1.2,2.3,53.8%,10.04,2.3,4.1,6.4,1.2,1.6,0.75,0.50,1.75,2.5,13,0,1679,321,584,55.0%,0,0,#DIV/0!,90,168,53.8%,733,168,299,467,88,117,37,128,183,,John Henson
MIL,"PF,C","PF,C",C,Larry,Sanders,73,27.0,4.2,8.3,50.5%,0.0,0.0,0.0%,1.7,3.0,55.0%,10.03,3.3,6.2,9.5,0.8,1.4,0.57,0.90,2.45,3.5,23,0,1971,306,606,50.5%,0,0,#DIV/0!,120,219,55.0%,732,241,453,694,58,102,66,179,256,BBB,Larry Sanders
BKN,"PG,SG","PG,SG",SG,Jarrett,Jack,78,26.0,3.7,8.6,43.5%,0.7,2.0,35.5%,1.8,2.2,83.5%,10.03,0.3,2.5,2.8,4.0,1.6,2.50,0.75,0.15,1.8,3,0,2028,292,671,43.5%,55,156,35.5%,143,172,83.5%,782,23,195,218,312,125,59,12,140,,Jarrett Jack
MIA,PG,SG,PG,Shabazz,Napier,72,20.0,2.9,7.5,39.0%,1.4,4.0,34.0%,2.8,3.3,84.0%,9.98,0.4,1.8,2.2,3.2,1.4,2.29,0.95,0.05,2.0,0,0,1440,211,540,39.0%,98,288,34.0%,200,238,84.0%,719,29,130,158,230,101,68,4,144,,Shabazz Napier
CHI,SF,SF,SF,Doug,McDermott,74,22.0,3.3,7.8,42.0%,1.6,4.0,39.0%,1.8,2.2,84.0%,9.96,0.7,3.3,4.0,1.6,1.8,0.89,0.20,0.10,2.0,0,0,1628,242,577,42.0%,115,296,39.0%,137,163,84.0%,737,52,244,296,118,133,15,7,148,TR,Doug McDermott
MIN,PG,PG,PG,Ricky,Rubio,74,34.0,3.2,8.5,38.0%,0.6,1.8,34.0%,2.9,3.6,80.0%,9.95,0.6,3.8,4.4,9.6,3.7,2.59,2.55,0.15,2.8,24,3,2516,239,629,38.0%,45,133,34.0%,213,266,80.0%,736,44,281,326,710,274,189,11,207,SS,Ricky Rubio
BKN,"PF,C","PF,C",PF,Mason,Plumlee,75,21.0,4.0,6.4,62.0%,0.0,0.0,0.0%,2.0,3.4,58.0%,9.91,1.9,4.7,6.6,0.8,2.0,0.40,0.80,1.10,3.4,9,0,1575,298,480,62.0%,0,0,#DIV/0!,148,255,58.0%,743,143,353,495,60,150,60,83,255,BR,Mason Plumlee
WAS,SF,SF,SF,Otto,Porter,74,26.0,3.6,7.7,46.8%,0.7,2.2,34.0%,1.9,2.7,69.8%,9.84,1.4,2.6,4.0,1.6,1.6,1.00,1.20,0.30,2.0,2,0,1924,267,570,46.8%,55,163,34.0%,139,200,69.8%,728,104,192,296,118,118,89,22,148,BR,Otto Porter
SAS,"SG,SF","SG,SF",SG,Danny,Green,74,26.0,3.5,8.0,44.0%,2.1,5.1,42.0%,0.7,0.8,82.0%,9.84,0.5,2.7,3.2,1.6,1.3,1.23,1.00,0.75,1.8,1,0,1924,260,592,44.0%,159,377,42.0%,49,59,82.0%,728,37,200,237,118,96,74,56,133,,Danny Green
OKC,C,C,C,Steven,Adams,78,25.0,4.0,6.7,60.0%,0.0,0.0,0.0%,1.8,3.1,58.0%,9.84,2.8,4.4,7.2,0.8,1.4,0.57,0.65,1.35,4.2,14,0,1950,314,523,60.0%,0,0,#DIV/0!,140,242,58.0%,767,218,343,562,62,109,51,105,328,BR,Steven Adams
ATL,"SF,PF",SF,SF,DeMarre,Carroll,74,31.0,3.7,7.8,46.8%,1.2,3.3,36.6%,1.3,1.7,76.8%,9.81,1.4,4.0,5.4,1.7,1.0,1.70,1.40,0.25,2.5,1,0,2294,270,577,46.8%,89,244,36.6%,97,126,76.8%,726,104,296,400,126,74,104,19,185,,DeMarre Carroll
BKN,SG,SG,SF,Bojan,Bogdanovic,74,24.0,3.5,8.0,43.5%,1.3,3.4,37.0%,1.6,2.0,79.5%,9.81,0.3,1.5,1.8,1.8,1.3,1.38,0.60,0.05,1.8,0,0,1776,258,592,43.5%,93,252,37.0%,118,148,79.5%,726,22,111,133,133,96,44,4,133,DS,Bojan Bogdanovic
SAC,SG,SG,SG,Ben,McLemore,76,26.0,3.4,8.2,41.5%,1.4,3.6,37.5%,1.6,2.0,82.0%,9.80,0.5,1.5,2.0,1.0,1.6,0.63,1.00,0.25,2.4,0,0,1976,259,623,41.5%,103,274,37.5%,125,152,82.0%,744,38,114,152,76,122,76,19,182,,Ben McLemore
MIL,"PG,SG",SG,SG,OJ,Mayo,73,20.0,3.4,7.8,44.0%,1.4,3.6,38.0%,1.6,1.9,82.0%,9.79,0.2,1.2,1.4,2.0,1.4,1.43,0.55,0.05,2.0,0,0,1460,251,569,44.0%,100,263,38.0%,114,139,82.0%,715,15,88,102,146,102,40,4,146,,OJ Mayo
SAS,PG,PG,PG,Patty,Mills,40,18.0,3.6,8.0,45.0%,1.7,4.0,42.0%,0.8,0.9,84.0%,9.64,0.3,1.7,2.0,1.8,1.0,1.80,0.70,0.05,1.4,0,0,720,144,320,45.0%,67,160,42.0%,30,36,84.0%,385,12,68,80,72,40,28,2,56,,Patty Mills
MIL,"SF,PF",SF,SF,Khris,Middleton,74,22.0,3.6,8.2,44.0%,1.0,2.6,40.0%,1.4,1.6,85.0%,9.62,0.5,2.3,2.8,1.2,1.0,1.20,0.85,0.15,2.3,0,0,1628,267,607,44.0%,77,192,40.0%,101,118,85.0%,712,37,170,207,89,74,63,11,170,,Khris Middleton
PHI,SF,SF,SF,KJ,McDaniels,72,26.0,3.3,8.5,39.0%,1.1,3.2,33.0%,1.9,2.4,80.0%,9.61,1.4,3.0,4.4,1.2,1.8,0.67,0.85,1.15,2.6,1,0,1872,239,612,39.0%,76,230,33.0%,138,173,80.0%,692,101,216,317,86,130,61,83,187,DS,KJ McDaniels
TOR,"PG,SG","PG,SG",SG,Lou,Williams,70,20.0,3.2,7.8,41.0%,1.1,3.0,35.0%,2.2,2.6,83.0%,9.60,0.2,1.6,1.8,2.6,1.4,1.86,0.60,0.10,1.3,0,0,1400,224,546,41.0%,74,210,35.0%,151,182,83.0%,672,14,112,126,182,98,42,7,91,,Lou Williams
BOS,"SG,SF","SG,SF",SF,Evan,Turner,76,23.0,3.5,8.2,42.5%,0.5,1.4,33.0%,2.1,2.8,76.0%,9.56,0.8,3.4,4.2,3.5,2.2,1.59,0.75,0.10,2.2,4,0,1748,265,623,42.5%,35,106,33.0%,162,213,76.0%,727,61,258,319,266,167,57,8,167,,Evan Turner
DET,PG,PG,PG,DJ,Augustin,74,22.0,3.0,7.6,40.0%,1.4,3.6,39.0%,2.1,2.4,86.0%,9.55,0.2,1.3,1.5,5.0,2.3,2.17,0.70,0.05,2.1,0,0,1628,225,562,40.0%,104,266,39.0%,153,178,86.0%,707,15,96,111,370,170,52,4,155,,DJ Augustin
PHO,"PF,C","PF,C",C,Miles,Plumlee,76,28.0,4.1,7.8,53.0%,0.0,0.0,0.0%,1.3,2.2,58.0%,9.54,2.9,6.1,9.0,0.6,1.4,0.43,0.70,1.30,2.7,20,0,2128,314,593,53.0%,0,0,#DIV/0!,97,167,58.0%,725,220,464,684,46,106,53,99,205,,Miles Plumlee
BOS,SG,SG,SG,Marcus,Thornton,72,18.0,3.4,8.2,42.0%,1.5,4.1,36.0%,1.1,1.4,80.0%,9.48,0.4,1.0,1.4,0.4,1.0,0.40,0.65,0.05,2.0,0,0,1296,248,590,42.0%,106,295,36.0%,81,101,80.0%,683,29,72,101,29,72,47,4,144,,Marcus Thornton
CHA,"SG,SF",SG,SG,Gerald,Henderson,70,24.0,3.5,8.2,43.0%,0.4,1.2,35.0%,2.0,2.6,77.0%,9.47,0.5,2.0,2.5,2.0,1.2,1.67,0.55,0.35,1.8,0,0,1680,247,574,43.0%,29,84,35.0%,140,182,77.0%,663,35,140,175,140,84,39,25,126,,Gerald Henderson
DAL,C,C,C,Tyson,Chandler,70,29.0,3.7,5.8,64.0%,0.0,0.0,0.0%,2.0,3.0,68.0%,9.46,3.2,6.5,9.7,0.5,1.2,0.42,0.50,1.00,3.0,24,0,2030,260,406,64.0%,0,0,#DIV/0!,143,210,68.0%,662,224,455,679,35,84,35,70,210,BBB,Tyson Chandler
DEN,"SG,SF","SG,SF",SF,Wilson,Chandler,70,22.0,3.5,8.0,44.0%,1.2,3.2,37.0%,1.2,1.6,75.0%,9.42,0.7,3.1,3.8,1.6,1.1,1.45,0.65,0.35,2.0,0,0,1540,246,560,44.0%,83,224,37.0%,84,112,75.0%,660,49,217,266,112,77,46,25,140,,Wilson Chandler
MEM,"SG,SF",SF,SF,Quincy,Pondexter,74,26.0,3.1,7.3,43.0%,1.5,3.9,38.0%,1.6,2.1,78.0%,9.40,0.7,1.7,2.4,1.6,1.3,1.23,0.75,0.15,2.0,0,0,1924,232,540,43.0%,110,289,38.0%,121,155,78.0%,695,52,126,178,118,96,56,11,148,DS,Quincy Pondexter
CHA,SF,SF,SF,Michael,Kidd-Gilchrist,75,27.0,3.4,7.4,46.5%,0.0,0.2,22.0%,2.5,3.4,72.5%,9.39,2.0,4.0,6.0,1.8,1.3,1.38,0.95,0.95,2.6,5,0,2025,258,555,46.5%,3,15,22.0%,185,255,72.5%,704,150,300,450,135,98,71,71,195,BBB,Michael Kidd-Gilchrist
ATL,PF,PF,PF,Mike,Scott,77,17.0,3.6,7.3,49.0%,0.9,2.5,35.5%,1.3,1.7,77.0%,9.35,0.8,2.6,3.4,1.0,1.0,1.00,0.40,0.10,1.6,0,0,1309,275,562,49.0%,68,193,35.5%,101,131,77.0%,720,62,200,262,77,77,31,8,123,,Mike Scott
TOR,"PF,C","PF,C",PF,Amir,Johnson,75,27.0,4.0,7.3,55.0%,0.2,0.5,32.0%,1.1,1.6,66.0%,9.25,2.1,4.1,6.2,1.2,1.4,0.86,0.70,1.15,3.6,11,0,2025,301,548,55.0%,12,38,32.0%,79,120,66.0%,693,158,308,465,90,105,53,86,270,,Amir Johnson
CHA,"PG,SG",PG,SG,Gary,Neal,72,22.0,3.4,8.0,42.0%,1.1,3.0,38.0%,1.4,1.6,86.0%,9.24,0.3,1.3,1.6,2.0,1.4,1.43,0.40,0.05,1.6,0,0,1584,242,576,42.0%,82,216,38.0%,99,115,86.0%,665,22,94,115,144,101,29,4,115,,Gary Neal
DAL,"PG,SG","PG,SG",SG,Devin,Harris,72,22.0,2.9,6.7,43.5%,0.9,2.7,33.5%,2.5,3.2,78.0%,9.23,0.3,2.0,2.3,3.7,1.7,2.18,0.80,0.10,2.0,1,0,1584,210,482,43.5%,65,194,33.5%,180,230,78.0%,665,22,144,166,266,122,58,7,144,,Devin Harris
MEM,"SG,SF",SG,SG,Courtney,Lee,74,28.0,3.5,7.8,45.0%,1.0,2.8,37.0%,1.2,1.4,83.0%,9.22,0.4,2.2,2.6,1.6,1.0,1.60,0.80,0.25,1.8,0,0,2072,260,577,45.0%,77,207,37.0%,86,104,83.0%,682,30,163,192,118,74,59,19,133,,Courtney Lee
TOR,"PF,C",PF,PF,Patrick,Patterson,74,24.0,3.7,8.0,46.0%,1.0,2.5,38.5%,0.9,1.2,74.5%,9.22,1.8,3.6,5.4,1.2,1.0,1.20,0.70,0.60,2.5,2,0,1776,272,592,46.0%,71,185,38.5%,66,89,74.5%,682,133,266,400,89,74,52,44,185,,Patrick Patterson
SAS,"PF,C","PF,C",PF,Boris,Diaw,75,26.0,3.7,7.2,52.0%,0.7,1.8,38.0%,1.0,1.4,74.0%,9.21,1.0,3.2,4.2,2.8,1.8,1.56,0.55,0.35,1.8,4,0,1950,281,540,52.0%,51,135,38.0%,78,105,74.0%,691,75,240,315,210,135,41,26,135,,Boris Diaw
NOR,"PF,C",C,C,Omer,Asik,74,30.0,3.6,6.5,55.0%,0.0,0.0,0.0%,2.0,3.4,60.0%,9.19,3.2,7.8,11.0,0.9,1.8,0.50,0.55,1.20,2.7,26,0,2220,265,481,55.0%,0,0,#DIV/0!,151,252,60.0%,680,237,577,814,67,133,41,89,200,BBB,Omer Asik
SAS,C,"PF,C",C,Tiago,Splitter,74,23.0,3.5,6.4,54.0%,0.0,0.0,0.0%,2.2,3.2,70.0%,9.15,2.0,4.4,6.4,1.4,1.4,1.00,0.65,0.65,2.2,8,0,1702,256,474,54.0%,0,0,#DIV/0!,166,237,70.0%,677,148,326,474,104,104,48,48,163,,Tiago Splitter
MIN,C,C,C,Gorgui,Dieng,76,24.0,3.5,7.0,49.5%,0.0,0.0,0.0%,2.1,3.0,70.5%,9.05,2.6,5.4,8.0,1.2,1.7,0.71,0.75,1.50,3.0,16,0,1824,263,532,49.5%,0,0,#DIV/0!,161,228,70.5%,687,198,410,608,91,129,57,114,228,RS,Gorgui Dieng
MEM,"SG,SF","SG,SF",SF,Vince,Carter,69,18.0,3.0,7.4,41.0%,1.6,4.0,39.5%,1.4,1.7,82.0%,9.04,0.4,2.1,2.5,1.8,1.3,1.38,0.55,0.25,1.4,0,0,1242,209,511,41.0%,109,276,39.5%,96,117,82.0%,624,28,145,173,124,90,38,17,97,,Vince Carter
LAL,PF,PF,PF,Julius,Randle,75,20.0,3.4,7.6,44.5%,0.1,0.4,23.5%,2.2,3.0,72.0%,9.02,1.6,4.4,6.0,1.4,2.0,0.70,0.30,0.45,3.0,3,0,1500,254,570,44.5%,7,30,23.5%,162,225,72.0%,676,120,330,450,105,150,23,34,225,,Julius Randle
PHI,"SF,PF",SF,SG,Hollis,Thompson,74,26.0,3.0,6.9,44.0%,1.7,4.2,40.0%,1.2,1.6,77.0%,8.98,0.7,2.7,3.4,1.4,1.4,1.00,0.80,0.20,2.6,1,0,1924,225,511,44.0%,124,311,40.0%,91,118,77.0%,665,52,200,252,104,104,59,15,192,DS,Hollis Thompson
LAC,SF,SF,SF,Matt,Barnes,72,26.0,3.4,7.8,43.0%,1.5,4.2,35.0%,0.8,1.1,73.0%,8.98,0.8,3.0,3.8,1.8,1.3,1.38,0.90,0.45,2.8,1,0,1872,241,562,43.0%,106,302,35.0%,58,79,73.0%,647,58,216,274,130,94,65,32,202,,Matt Barnes
BOS,PG,PG,PG,Marcus,Smart,74,24.0,2.7,7.6,35.0%,1.6,5.0,31.0%,2.1,2.7,78.0%,8.98,0.7,2.1,2.8,4.0,3.1,1.29,2.00,0.15,3.3,2,0,1776,197,562,35.0%,115,370,31.0%,156,200,78.0%,664,52,155,207,296,229,148,11,244,TR,Marcus Smart
POR,"PF,C",C,C,Chris,Kaman,71,18.0,3.9,7.5,52.5%,0.0,0.0,0.0%,1.1,1.4,77.0%,8.95,1.4,3.6,5.0,1.3,1.6,0.81,0.35,0.85,2.5,7,0,1278,280,533,52.5%,0,0,#DIV/0!,77,99,77.0%,636,99,256,355,92,114,25,60,178,,Chris Kaman
ORL,SG,SG,SG,Evan,Fournier,75,22.0,3.1,7.4,42.0%,1.3,3.6,37.0%,1.3,1.7,76.0%,8.84,0.4,2.0,2.4,1.8,1.5,1.20,0.85,0.05,2.7,0,0,1650,233,555,42.0%,100,270,37.0%,97,128,76.0%,663,30,150,180,135,113,64,4,203,BR,Evan Fournier
MIA,"SG,SF",SF,SF,James,Ennis,72,20.0,3.0,7.0,43.0%,0.9,2.6,34.0%,1.9,2.4,80.0%,8.82,0.7,2.7,3.4,1.4,1.8,0.78,0.90,0.10,2.2,0,0,1440,217,504,43.0%,64,187,34.0%,138,173,80.0%,635,50,194,245,101,130,65,7,158,DS,James Ennis
SAC,SG,SG,SG,Nik,Stauskas,74,22.0,3.0,7.0,43.0%,1.5,3.8,39.0%,1.3,1.6,82.0%,8.81,0.2,1.4,1.6,1.8,1.5,1.20,0.45,0.05,1.4,0,0,1628,223,518,43.0%,110,281,39.0%,97,118,82.0%,652,15,104,118,133,111,33,4,104,,Nik Stauskas
PHO,PF,PF,PF,Marcus,Morris,74,22.0,3.2,7.5,43.0%,1.2,3.2,38.0%,1.1,1.5,76.0%,8.81,1.2,3.2,4.4,1.1,1.3,0.85,0.85,0.30,2.0,1,0,1628,239,555,43.0%,90,237,38.0%,84,111,76.0%,652,89,237,326,81,96,63,22,148,DS,Marcus Morris
TOR,"PG,SG",PG,PG,Greivis,Vasquez,74,20.0,3.3,7.7,42.5%,1.2,3.4,36.5%,1.0,1.2,85.0%,8.81,0.2,1.8,2.0,3.8,1.6,2.38,0.40,0.05,1.6,2,0,1480,242,570,42.5%,92,252,36.5%,75,89,85.0%,652,15,133,148,281,118,30,4,118,,Greivis Vasquez
MIA,"PF,C",PF,PF,Josh,McRoberts,69,31.0,3.3,7.4,44.0%,1.3,3.5,36.0%,1.0,1.4,73.0%,8.79,1.5,4.5,6.0,3.8,1.4,2.71,0.75,0.65,2.6,3,0,2139,225,511,44.0%,87,242,36.0%,71,97,73.0%,607,104,311,414,262,97,52,45,179,,Josh McRoberts
MIN,"PG,SG","PG,SG",PG,Mo,Williams,74,22.0,3.3,8.0,41.0%,1.1,3.0,36.8%,1.1,1.3,86.8%,8.79,0.4,1.4,1.8,3.8,1.8,2.11,0.65,0.05,2.4,2,0,1628,243,592,41.0%,82,222,36.8%,84,96,86.8%,651,30,104,133,281,133,48,4,178,,Mo Williams
DAL,"PF,C","PF,C",C,Brandan,Wright,70,16.0,3.7,5.6,66.0%,0.0,0.0,0.0%,1.1,1.6,70.0%,8.51,1.7,2.5,4.2,0.4,0.7,0.57,0.50,1.00,1.8,2,0,1120,259,392,66.0%,0,0,#DIV/0!,78,112,70.0%,596,119,175,294,28,49,35,70,126,DS,Brandan Wright
LAC,"PF,C",C,C,Spencer,Hawes,76,20.0,3.1,6.6,46.5%,1.4,3.3,41.0%,1.0,1.3,77.7%,8.50,1.1,3.7,4.8,1.4,1.3,1.08,0.45,0.75,2.2,4,0,1520,233,502,46.5%,103,251,41.0%,77,99,77.7%,646,84,281,365,106,99,34,57,167,,Spencer Hawes
GSW,"SG,SF","SG,SF",SF,Andre,Iguodala,72,26.0,3.0,6.5,46.6%,1.0,2.8,36.0%,1.3,2.0,66.0%,8.39,0.6,3.2,3.8,3.8,1.5,2.53,1.35,0.25,1.4,2,0,1872,218,468,46.6%,73,202,36.0%,95,144,66.0%,604,43,230,274,274,108,97,18,101,,Andre Iguodala
CHA,"SF,PF","SF,PF",PF,Marvin,Williams,74,26.0,3.1,7.2,42.5%,1.4,3.8,37.0%,0.9,1.1,78.0%,8.38,1.3,3.7,5.0,1.2,1.0,1.20,0.65,0.40,2.2,2,0,1924,226,533,42.5%,104,281,37.0%,63,81,78.0%,620,96,274,370,89,74,48,30,163,,Marvin Williams
IND,PG,PG,PG,CJ,Watson,76,20.0,2.9,7.0,41.0%,1.2,3.4,36.0%,1.4,1.8,78.0%,8.37,0.4,1.4,1.8,3.0,1.7,1.76,0.90,0.10,1.6,0,0,1520,218,532,41.0%,93,258,36.0%,107,137,78.0%,636,30,106,137,228,129,68,8,122,,CJ Watson
PHI,PF,PF,PF,Arnett,Moultrie,72,24.0,3.6,8.0,45.0%,0.0,0.0,0.0%,1.2,1.6,73.0%,8.37,1.8,3.6,5.4,1.0,1.5,0.67,0.75,0.50,2.6,2,0,1728,259,576,45.0%,0,0,#DIV/0!,84,115,73.0%,602,130,259,389,72,108,54,36,187,DS,Arnett Moultrie
LAL,"SG,SF","SG,SF",SF,Wes,Johnson,74,28.0,3.1,7.4,42.0%,1.2,3.2,37.0%,0.8,1.1,77.0%,8.25,0.6,2.6,3.2,1.4,1.3,1.08,1.05,0.95,2.5,0,0,2072,230,548,42.0%,88,237,37.0%,63,81,77.0%,610,44,192,237,104,96,78,70,185,,Wes Johnson
WAS,"SG,SF",SF,SG,Glen,Rice Jr.,72,16.0,2.8,6.8,41.0%,1.1,3.4,33.0%,1.5,2.0,77.0%,8.24,0.4,2.2,2.6,1.2,1.2,1.00,0.70,0.30,1.8,0,0,1152,201,490,41.0%,81,245,33.0%,111,144,77.0%,593,29,158,187,86,86,50,22,130,BR,Glen Rice Jr.
ORL,PG,PG,PG,Elfrid,Payton,74,31.0,2.9,6.8,43.0%,0.3,1.0,26.0%,2.1,3.2,65.0%,8.19,0.7,2.7,3.4,6.4,4.0,1.60,1.75,0.25,2.4,8,1,2294,216,503,43.0%,19,74,26.0%,154,237,65.0%,606,52,200,252,474,296,130,19,178,TR,Elfrid Payton
CHI,"SG,SF","SG,SF",SF,Mike,Dunleavy,74,24.0,2.8,6.4,44.0%,1.5,3.6,41.0%,1.1,1.3,82.0%,8.17,0.4,2.6,3.0,1.2,0.9,1.33,0.50,0.25,1.6,0,0,1776,208,474,44.0%,109,266,41.0%,79,96,82.0%,605,30,192,222,89,67,37,19,118,,Mike Dunleavy
POR,"PG,SG","PG,SG",SG,CJ,McCollum,75,16.0,2.9,7.0,41.5%,1.2,3.2,38.0%,1.1,1.5,75.0%,8.15,0.3,1.7,2.0,1.6,1.4,1.14,0.70,0.10,2.0,0,0,1200,218,525,41.5%,91,240,38.0%,84,113,75.0%,611,23,128,150,120,105,53,8,150,BR,CJ McCollum
CLE,"PF,C",C,C,Anderson,Varejao,70,24.0,3.4,6.2,55.0%,0.0,0.0,0.0%,1.2,1.8,67.0%,8.03,2.4,5.2,7.6,1.2,1.1,1.09,1.00,0.60,2.6,8,0,1680,239,434,55.0%,0,0,#DIV/0!,84,126,67.0%,562,168,364,532,84,77,70,42,182,,Anderson Varejao
MIN,"SF,PF",PF,PF,Anthony,Bennett,74,18.0,2.9,6.8,43.0%,0.6,1.8,34.0%,1.6,2.2,71.0%,8.02,1.2,3.4,4.6,0.6,1.5,0.40,0.75,0.25,2.6,2,0,1332,216,503,43.0%,45,133,34.0%,116,163,71.0%,594,89,252,340,44,111,56,19,192,BR,Anthony Bennett
ORL,SF,SF,SF,Moe,Harkless,77,26.0,3.0,6.6,46.0%,0.8,2.2,36.0%,1.1,1.9,60.0%,8.00,0.9,2.5,3.4,1.4,1.6,0.88,1.20,0.60,1.8,1,0,2002,234,508,46.0%,61,169,36.0%,88,146,60.0%,616,69,193,262,108,123,92,46,139,,Moe Harkless
IND,"PF,C",PF,PF,Luis,Scola,76,18.0,3.3,7.2,45.5%,0.1,0.4,22.0%,1.4,1.8,75.0%,7.99,1.1,3.9,5.0,1.3,1.5,0.87,0.40,0.20,2.1,1,0,1368,249,547,45.5%,7,30,22.0%,103,137,75.0%,607,84,296,380,99,114,30,15,160,,Luis Scola
GSW,C,C,C,Andrew,Bogut,69,27.5,3.7,6.0,62.0%,0.0,0.0,0.0%,0.5,1.3,42.0%,7.99,2.7,7.3,10.0,1.8,1.6,1.13,0.60,1.75,3.1,15,0,1898,257,414,62.0%,0,0,#DIV/0!,38,90,42.0%,551,186,504,690,124,110,41,121,214,,Andrew Bogut
MIN,"SG,SF",SF,SF,Corey,Brewer,76,22.0,3.1,7.2,43.0%,0.4,1.6,28.0%,1.3,1.9,70.0%,7.97,0.6,1.6,2.2,1.2,0.9,1.33,1.25,0.25,1.8,0,0,1672,235,547,43.0%,34,122,28.0%,101,144,70.0%,606,46,122,167,91,68,95,19,137,,Corey Brewer
OKC,"SG,SF",SG,SG,Jeremy,Lamb,72,16.0,2.9,7.0,41.0%,1.2,3.3,35.0%,0.9,1.2,78.0%,7.83,0.5,1.9,2.4,1.6,1.4,1.14,0.70,0.30,2.2,0,0,1152,207,504,41.0%,83,238,35.0%,67,86,78.0%,564,36,137,173,115,101,50,22,158,,Jeremy Lamb
MIA,PG,PG,PG,Mario,Chalmers,74,20.0,2.5,5.8,43.0%,1.1,3.0,37.5%,1.7,2.2,77.0%,7.81,0.4,2.2,2.6,3.0,1.6,1.88,1.50,0.15,2.4,0,0,1480,185,429,43.0%,83,222,37.5%,125,163,77.0%,578,30,163,192,222,118,111,11,178,,Mario Chalmers
UTA,SF,SG,SG,Rodney,Hood,74,20.0,2.9,7.0,41.0%,1.1,3.0,37.0%,0.9,1.2,78.0%,7.79,0.5,2.1,2.6,1.4,1.3,1.08,0.50,0.15,2.8,0,0,1480,212,518,41.0%,82,222,37.0%,69,89,78.0%,576,37,155,192,104,96,37,11,207,,Rodney Hood
GSW,SF,SF,PF,Draymond,Green,77,24.0,2.8,6.7,42.0%,0.8,2.4,35.0%,1.3,1.8,72.0%,7.76,1.1,4.3,5.4,2.4,1.5,1.60,1.20,0.80,3.3,7,0,1848,217,516,42.0%,65,185,35.0%,100,139,72.0%,598,85,331,416,185,116,92,62,254,BR,Draymond Green
MEM,"SG,SF",SG,SG,Tony,Allen,68,21.0,3.2,6.6,48.0%,0.1,0.5,24.0%,1.3,2.1,60.0%,7.72,1.2,2.5,3.7,1.3,1.5,0.87,1.35,0.30,2.2,0,0,1428,215,449,48.0%,8,34,24.0%,86,143,60.0%,525,82,170,252,88,102,92,20,150,,Tony Allen
BOS,"PF,C",PF,PF,Brandon,Bass,74,20.0,3.0,6.2,47.8%,0.0,0.1,26.0%,1.6,2.0,80.8%,7.57,1.3,3.1,4.4,0.6,0.9,0.67,0.30,0.55,1.8,2,0,1480,219,459,47.8%,2,7,26.0%,120,148,80.8%,560,96,229,326,44,67,22,41,133,,Brandon Bass
SAC,"SF,PF",PF,PF,Carl,Landry,72,18.0,2.8,5.5,50.5%,0.0,0.0,0.0%,2.0,2.5,80.0%,7.56,1.3,2.5,3.8,0.5,1.1,0.45,0.30,0.20,1.8,2,0,1296,200,396,50.5%,0,0,#DIV/0!,144,180,80.0%,544,94,180,274,36,79,22,14,130,,Carl Landry
LAL,PG,PG,PG,Jordan,Clarkson,72,14.0,2.5,6.0,41.0%,0.8,2.2,36.0%,1.8,2.2,80.0%,7.47,0.3,1.3,1.6,1.2,1.1,1.09,0.45,0.05,1.6,0,0,1008,177,432,41.0%,57,158,36.0%,127,158,80.0%,538,22,94,115,86,79,32,4,115,DS,Jordan Clarkson
CHA,"PF,C","PF,C",PF,Cody,Zeller,76,20.0,2.8,5.8,48.0%,0.1,0.3,22.0%,1.8,2.4,76.0%,7.46,1.6,3.4,5.0,2.2,1.5,1.47,0.55,0.55,2.8,2,0,1520,212,441,48.0%,5,23,22.0%,139,182,76.0%,567,122,258,380,167,114,42,42,213,BR,Cody Zeller
PHI,SG,SG,SG,Elliot,Williams,72,20.0,2.5,6.0,42.0%,0.9,2.6,35.0%,1.5,2.0,75.0%,7.45,0.5,1.7,2.2,1.8,1.6,1.13,0.60,0.05,1.8,0,0,1440,181,432,42.0%,66,187,35.0%,108,144,75.0%,536,36,122,158,130,115,43,4,130,,Elliot Williams
CLE,"SF,PF","SF,PF",SF,Shawn,Marion,74,24.0,3.3,6.6,50.5%,0.3,0.8,35.5%,0.5,0.6,78.5%,7.42,1.4,3.4,4.8,1.0,0.8,1.25,0.90,0.35,1.5,1,0,1776,247,488,50.5%,21,59,35.5%,35,44,78.5%,549,104,252,355,74,59,67,26,111,,Shawn Marion
PHO,"SG,SF","SG,SF",SF,PJ,Tucker,72,26.0,2.6,6.0,44.0%,0.8,2.0,38.0%,1.4,1.8,76.0%,7.41,1.8,4.6,6.4,1.4,1.1,1.27,1.15,0.20,2.2,2,0,1872,190,432,44.0%,55,144,38.0%,98,130,76.0%,533,130,331,461,101,79,83,14,158,,PJ Tucker
MEM,"PF,C",PF,PF,Jon,Leuer,72,14.0,2.9,6.0,48.0%,0.5,1.5,34.0%,1.1,1.5,74.0%,7.38,1.0,2.4,3.4,0.8,1.0,0.80,0.40,0.40,1.8,0,0,1008,207,432,48.0%,37,108,34.0%,80,108,74.0%,531,72,173,245,58,72,29,29,130,DS,Jon Leuer
HOU,PG,PG,PG,Isaiah,Canaan,70,14.0,2.3,5.7,40.0%,1.2,3.2,37.0%,1.6,2.1,77.0%,7.36,0.4,1.0,1.4,2.2,1.4,1.57,0.50,0.05,1.4,0,0,980,160,399,40.0%,83,224,37.0%,113,147,77.0%,515,28,70,98,154,98,35,4,98,DS,Isaiah Canaan
ATL,"SG,SF","SG,SF",SG,Kent,Bazemore,69,14.0,2.6,6.0,43.0%,0.9,2.5,36.0%,1.3,2.0,65.0%,7.36,0.2,2.0,2.2,1.8,1.4,1.29,0.80,0.20,2.0,0,0,966,178,414,43.0%,62,173,36.0%,90,138,65.0%,508,14,138,152,124,97,55,14,138,,Kent Bazemore
WAS,"PF,C",C,PF,Kevin,Seraphin,75,18.0,3.1,6.2,50.0%,0.0,0.0,0.0%,1.2,1.6,72.0%,7.35,1.8,2.6,4.4,0.7,1.3,0.54,0.30,0.70,2.7,2,0,1350,233,465,50.0%,0,0,#DIV/0!,86,120,72.0%,551,135,195,330,53,98,23,53,203,,Kevin Seraphin
SAC,"SF,PF","SF,PF",SF,Derrick,Williams,77,18.0,2.5,5.8,43.0%,0.4,1.4,31.0%,1.8,2.5,73.0%,7.25,0.8,3.0,3.8,0.6,0.9,0.67,0.60,0.30,1.4,1,0,1386,192,447,43.0%,33,108,31.0%,141,193,73.0%,558,62,231,293,46,69,46,23,108,,Derrick Williams
ORL,"PF,C","PF,C",C,Kyle,O'Quinn,74,20.0,2.9,6.0,48.0%,0.3,1.0,33.0%,1.2,1.6,72.0%,7.24,1.6,3.9,5.5,1.4,1.5,0.93,0.60,1.40,2.8,6,0,1480,213,444,48.0%,24,74,33.0%,85,118,72.0%,536,118,289,407,104,111,44,104,207,,Kyle O'Quinn
NYK,"PF,C","PF,C",PF,Jason,Smith,70,20.0,3.0,6.6,45.5%,0.3,1.0,32.0%,0.9,1.2,76.0%,7.24,1.4,3.2,4.6,0.8,1.0,0.80,0.35,0.75,2.8,2,0,1400,210,462,45.5%,22,70,32.0%,64,84,76.0%,507,98,224,322,56,70,25,53,196,,Jason Smith
PHO,"SF,PF",PF,PF,Anthony,Tolliver,72,18.0,2.4,6.0,40.0%,2.1,5.2,40.0%,0.3,0.4,78.0%,7.19,0.5,1.9,2.4,0.4,0.8,0.50,0.25,0.15,1.2,0,0,1296,173,432,40.0%,150,374,40.0%,22,29,78.0%,518,36,137,173,29,58,18,11,86,,Anthony Tolliver
LAC,PG,PG,PG,Jordan,Farmar,72,14.0,2.6,6.0,42.5%,1.3,3.2,41.5%,0.8,1.0,75.5%,7.18,0.2,1.0,1.2,3.2,1.4,2.29,0.65,0.05,1.3,0,0,1008,184,432,42.5%,96,230,41.5%,54,72,75.5%,517,14,72,86,230,101,47,4,94,,Jordan Farmar
DEN,"PG,SG","PG,SG",SG,Randy,Foye,76,20.0,2.5,6.2,40.0%,1.2,3.2,38.0%,1.0,1.2,83.0%,7.17,0.2,1.2,1.4,2.4,1.4,1.71,0.50,0.20,1.5,0,0,1520,188,471,40.0%,92,243,38.0%,76,91,83.0%,545,15,91,106,182,106,38,15,114,,Randy Foye
CHI,"SF,PF",PF,PF,Nikola,Mirotic,74,16.0,2.5,5.6,44.0%,0.9,2.4,37.0%,1.2,1.5,82.0%,7.05,0.8,2.2,3.0,0.8,1.4,0.57,0.95,0.45,3.2,1,0,1184,182,414,44.0%,66,178,37.0%,91,111,82.0%,521,59,163,222,59,104,70,33,237,DS,Nikola Mirotic
NOR,"PG,SG","PG,SG",SG,Austin,Rivers,74,18.0,2.5,6.2,40.0%,0.5,1.4,36.0%,1.6,2.4,65.0%,7.02,0.4,1.6,2.0,2.4,1.4,1.71,0.75,0.05,2.2,1,0,1332,184,459,40.0%,37,104,36.0%,115,178,65.0%,520,30,118,148,178,104,56,4,163,,Austin Rivers
UTA,PF,PF,PF,Trevor,Booker,74,20.0,3.0,6.0,50.0%,0.3,1.0,26.0%,0.8,1.2,63.0%,7.02,1.9,3.1,5.0,0.7,0.7,1.00,0.60,0.40,2.2,1,0,1480,222,444,50.0%,19,74,26.0%,56,89,63.0%,519,141,229,370,52,52,44,30,163,,Trevor Booker
PHI,C,C,C,Joel,Embiid,20,18.0,2.5,4.6,54.0%,0.0,0.0,0.0%,2.0,3.0,68.0%,7.01,1.7,3.8,5.5,1.0,1.7,0.59,0.55,1.55,2.6,1,0,360,50,92,54.0%,0,0,#DIV/0!,41,60,68.0%,140,34,76,110,20,34,11,31,52,,Joel Embiid
DEN,C,C,C,JaVale,McGee,60,16.0,3.0,5.6,53.0%,0.0,0.0,0.0%,1.1,1.8,59.0%,7.00,1.7,2.8,4.5,0.2,1.0,0.20,0.35,1.45,2.2,2,0,960,178,336,53.0%,0,0,#DIV/0!,64,108,59.0%,420,102,168,270,12,60,21,87,132,,JaVale McGee
FA,SG,SG,SG,Ray,Allen,60,18.0,2.3,5.2,44.0%,1.3,3.1,41.0%,1.0,1.1,89.0%,6.83,0.2,1.4,1.6,1.3,0.8,1.63,0.45,0.05,1.1,0,0,1080,137,312,44.0%,76,186,41.0%,59,66,89.0%,410,12,84,96,78,48,27,3,66,,Ray Allen
NYK,C,C,C,Samuel,Dalembert,74,22.0,2.8,5.0,56.0%,0.0,0.0,0.0%,1.2,1.6,74.0%,6.78,2.6,4.6,7.2,1.2,1.4,0.86,0.45,1.55,2.8,12,0,1628,207,370,56.0%,0,0,#DIV/0!,88,118,74.0%,502,192,340,533,89,104,33,115,207,,Samuel Dalembert
LAL,"PF,C","PF,C",PF,Ed,Davis,73,20.0,2.9,5.0,58.0%,0.0,0.0,0.0%,0.9,1.6,56.0%,6.70,1.7,3.6,5.3,0.7,0.6,1.17,0.40,1.35,2.4,3,0,1460,212,365,58.0%,0,0,#DIV/0!,65,117,56.0%,489,124,263,387,51,44,29,99,175,DS,Ed Davis
ATL,PG,PG,PG,Shelvin,Mack,74,17.0,2.5,6.0,42.0%,0.7,2.2,34.0%,0.9,1.0,86.0%,6.65,0.2,1.6,1.8,3.4,1.2,2.83,0.55,0.00,1.4,0,0,1258,186,444,42.0%,55,163,34.0%,64,74,86.0%,492,15,118,133,252,89,41,0,104,,Shelvin Mack
DET,"SG,SF",SF,SF,Cartier,Martin,70,16.0,2.4,5.8,41.0%,1.1,3.0,38.0%,0.7,1.0,74.0%,6.64,0.5,1.5,2.0,0.8,0.8,1.00,0.55,0.10,1.6,0,0,1120,166,406,41.0%,80,210,38.0%,52,70,74.0%,465,35,105,140,56,56,39,7,112,,Cartier Martin
UTA,C,C,C,Rudy,Gobert,74,20.0,2.4,4.0,60.0%,0.0,0.0,0.0%,1.8,3.1,58.0%,6.60,2.8,4.6,7.4,0.4,1.2,0.33,0.40,1.60,2.8,8,0,1480,178,296,60.0%,0,0,#DIV/0!,133,229,58.0%,488,207,340,548,30,89,30,118,207,BR,Rudy Gobert
PHI,PF,"SF,PF",PF,Luc,Mbah a Moute,72,24.0,2.6,6.0,43.0%,0.2,0.6,25.0%,1.3,1.9,67.0%,6.58,1.7,3.3,5.0,0.9,1.1,0.82,0.85,0.35,2.2,1,0,1728,186,432,43.0%,11,43,25.0%,92,137,67.0%,474,122,238,360,65,79,61,25,158,,Luc Mbah a Moute
BKN,"SG,SF",SF,SG,Alan,Anderson,76,18.0,2.3,5.5,41.5%,1.0,2.7,35.5%,1.1,1.3,81.0%,6.58,0.4,1.4,1.8,0.8,0.7,1.14,0.50,0.05,1.6,0,0,1368,173,418,41.5%,73,205,35.5%,80,99,81.0%,500,30,106,137,61,53,38,4,122,,Alan Anderson
BOS,"PF,C",C,C,Tyler,Zeller,74,16.0,2.6,5.0,52.0%,0.0,0.0,0.0%,1.3,1.8,74.0%,6.53,1.4,3.1,4.5,0.5,1.0,0.50,0.30,0.70,2.6,1,0,1184,192,370,52.0%,0,0,#DIV/0!,99,133,74.0%,483,104,229,333,37,74,22,52,192,,Tyler Zeller
NYK,"SG,SF","SG,SF",SG,Iman,Shumpert,74,24.0,2.4,5.8,41.0%,0.9,2.4,36.0%,0.9,1.2,76.0%,6.53,0.9,2.9,3.8,1.8,1.0,1.80,1.15,0.20,2.4,1,0,1776,176,429,41.0%,64,178,36.0%,67,89,76.0%,483,67,215,281,133,74,85,15,178,BBB,Iman Shumpert
HOU,"SF,PF",PF,SF,Kostas,Papanikolaou,74,16.0,2.2,5.2,43.0%,1.0,2.8,37.0%,1.0,1.3,76.0%,6.50,0.6,2.0,2.6,1.8,1.4,1.29,0.60,0.20,2.0,0,0,1184,165,385,43.0%,77,207,37.0%,73,96,76.0%,481,44,148,192,133,104,44,15,148,DS,Kostas Papanikolaou
HOU,"SF,PF",PF,PF,Donatas,Motiejunas,74,16.0,2.4,5.2,46.0%,0.5,1.6,34.0%,1.1,1.7,65.0%,6.43,1.0,3.0,4.0,0.8,1.1,0.73,0.30,0.30,2.1,1,0,1184,177,385,46.0%,40,118,34.0%,82,126,65.0%,476,74,222,296,59,81,22,22,155,,Donatas Motiejunas
UTA,PG,SG,PG,Dante,Exum,72,18.0,2.0,5.5,37.0%,0.9,2.8,32.0%,1.4,2.0,72.0%,6.41,0.2,1.6,1.8,3.2,2.4,1.33,0.75,0.05,1.8,0,0,1296,147,396,37.0%,65,202,32.0%,104,144,72.0%,461,14,115,130,230,173,54,4,130,,Dante Exum
WAS,"PF,C","PF,C",PF,Kris,Humphries,68,16.0,2.6,5.0,51.0%,0.0,0.0,0.0%,1.3,1.7,76.0%,6.39,1.8,3.4,5.2,0.6,0.8,0.75,0.30,0.65,1.8,2,0,1088,173,340,51.0%,0,0,#DIV/0!,88,116,76.0%,435,122,231,354,41,54,20,44,122,,Kris Humphries
DET,SF,SF,SF,Caron,Butler,68,20.0,2.2,5.6,39.0%,1.4,3.8,38.0%,0.5,0.6,82.0%,6.30,0.5,3.0,3.5,1.3,1.1,1.18,0.80,0.10,2.4,0,0,1360,149,381,39.0%,98,258,38.0%,33,41,82.0%,429,34,204,238,88,75,54,7,163,,Caron Butler
TOR,"SF,PF","SF,PF",SF,James,Johnson,74,16.0,2.4,5.2,46.0%,0.3,1.2,26.0%,1.1,1.4,82.0%,6.24,1.2,2.4,3.6,1.8,1.4,1.29,0.65,0.85,2.2,0,0,1184,177,385,46.0%,23,89,26.0%,85,104,82.0%,462,89,178,266,133,104,48,63,163,,James Johnson
DAL,"PG,SG",PG,PG,Raymond,Felton,58,18.0,2.4,5.8,41.0%,0.6,1.9,34.0%,0.8,1.1,76.0%,6.24,0.4,1.2,1.6,3.2,1.2,2.67,0.75,0.15,1.3,1,0,1044,138,336,41.0%,37,110,34.0%,48,64,76.0%,362,23,70,93,186,70,44,9,75,,Raymond Felton
HOU,PG,SG,SG,Troy,Daniels,68,12.0,2.0,4.8,42.0%,1.7,4.0,42.0%,0.5,0.6,82.0%,6.20,0.2,1.0,1.2,0.5,0.5,1.00,0.40,0.00,1.2,0,0,816,137,326,42.0%,114,272,42.0%,33,41,82.0%,422,14,68,82,34,34,27,0,82,,Troy Daniels
CHI,"PG,SG","PG,SG",PG,Kirk,Hinrich,72,22.0,2.2,5.4,41.0%,0.9,2.4,37.5%,0.8,1.1,77.0%,6.18,0.2,1.4,1.6,2.6,1.2,2.17,0.75,0.15,2.2,0,0,1584,159,389,41.0%,65,173,37.5%,61,79,77.0%,445,14,101,115,187,86,54,11,158,,Kirk Hinrich
BKN,"PF,C","PF,C",PF,Kevin,Garnett,62,20.0,2.7,6.0,45.0%,0.0,0.2,20.0%,0.7,0.9,80.0%,6.16,1.2,5.2,6.4,1.4,1.1,1.27,0.70,0.60,2.0,4,0,1240,167,372,45.0%,2,12,20.0%,45,56,80.0%,382,74,322,397,87,68,43,37,124,,Kevin Garnett
MIN,SF,SF,SF,Shabazz,Muhammad,68,12.0,2.2,5.0,43.0%,0.3,1.0,32.0%,1.5,2.2,70.0%,6.16,1.2,1.6,2.8,0.5,0.8,0.63,0.35,0.05,1.2,0,0,816,146,340,43.0%,22,68,32.0%,105,150,70.0%,419,82,109,190,34,54,24,3,82,,Shabazz Muhammad
MEM,"PF,C",C,C,Kosta,Koufos,76,16.0,2.7,5.2,52.5%,0.0,0.0,0.0%,0.7,1.1,63.5%,6.16,1.9,3.1,5.0,0.5,0.7,0.71,0.35,0.90,2.0,2,0,1216,207,395,52.5%,0,0,#DIV/0!,53,84,63.5%,468,144,236,380,38,53,27,68,152,,Kosta Koufos
GSW,"PF,C","PF,C",C,Marreese,Speights,70,10.0,2.4,5.4,45.0%,0.1,0.2,25.0%,1.2,1.6,78.0%,6.16,1.1,2.3,3.4,0.3,0.7,0.43,0.15,0.30,1.8,1,0,700,170,378,45.0%,4,14,25.0%,87,112,78.0%,431,77,161,238,21,49,11,21,126,,Marreese Speights
DEN,"PF,C","PF,C",PF,JJ,Hickson,71,16.0,2.6,5.1,50.0%,0.0,0.0,0.0%,1.1,1.7,62.0%,6.15,1.6,3.4,5.0,0.6,1.0,0.60,0.35,0.40,1.4,3,0,1136,181,362,50.0%,0,0,#DIV/0!,75,121,62.0%,437,114,241,355,43,71,25,28,99,,JJ Hickson
MIA,SF,"SG,SF",SF,Danny,Granger,69,15.0,2.1,5.5,38.0%,1.1,3.0,36.0%,0.8,0.9,84.0%,6.02,0.5,1.5,2.0,0.6,0.7,0.86,0.35,0.25,1.6,0,0,1035,144,380,38.0%,75,207,36.0%,52,62,84.0%,415,35,104,138,41,48,24,17,110,,Danny Granger
SAC,"PF,C","PF,C",PF,Jason,Thompson,76,23.0,2.5,5.0,50.0%,0.0,0.0,0.0%,1.0,1.6,62.0%,5.99,1.8,4.4,6.2,0.6,1.0,0.60,0.40,0.60,3.0,6,0,1748,190,380,50.0%,0,0,#DIV/0!,75,122,62.0%,455,137,334,471,46,76,30,46,228,,Jason Thompson
MEM,SG,SG,SG,Jordan,Adams,68,14.0,2.0,4.8,42.0%,0.5,1.4,35.0%,1.3,1.6,82.0%,5.83,0.6,1.2,1.8,1.0,0.8,1.25,1.05,0.05,2.0,0,0,952,137,326,42.0%,33,95,35.0%,89,109,82.0%,397,41,82,122,68,54,71,3,136,,Jordan Adams
BKN,"SF,PF",SF,SF,Andrei,Kirilenko,68,20.0,2.0,4.0,49.0%,0.1,0.2,27.0%,1.8,2.6,71.0%,5.82,1.3,2.7,4.0,1.8,1.5,1.20,0.90,0.45,2.0,1,0,1360,133,272,49.0%,4,14,27.0%,126,177,71.0%,396,88,184,272,122,102,61,31,136,,Andrei Kirilenko
WAS,"PF,C","PF,C",C,DeJuan,Blair,72,15.0,2.5,4.8,52.0%,0.0,0.0,0.0%,0.8,1.3,62.0%,5.80,1.6,2.6,4.2,0.8,1.1,0.73,0.75,0.20,3.2,2,0,1080,180,346,52.0%,0,0,#DIV/0!,58,94,62.0%,417,115,187,302,58,79,54,14,230,,DeJuan Blair
CHI,PG,PG,PG,Aaron,Brooks,72,16.0,2.1,5.2,40.0%,1.0,2.5,38.0%,0.7,0.8,84.0%,5.78,0.1,0.7,0.8,2.2,1.3,1.69,0.45,0.05,1.5,0,0,1152,150,374,40.0%,68,180,38.0%,48,58,84.0%,416,7,50,58,158,94,32,4,108,,Aaron Brooks
DEN,"PG,SG","PG,SG",PG,Nate,Robinson,70,10.0,2.0,4.8,41.0%,0.9,2.6,36.0%,0.9,1.1,82.0%,5.77,0.2,1.0,1.2,1.8,1.2,1.50,0.55,0.05,1.5,0,0,700,138,336,41.0%,66,182,36.0%,63,77,82.0%,404,14,70,84,126,84,39,4,105,,Nate Robinson
POR,SG,SG,SG,Will,Barton,74,14.0,2.1,5.0,42.0%,0.5,1.6,32.0%,1.1,1.3,81.0%,5.77,0.5,1.7,2.2,1.2,0.8,1.50,0.45,0.20,1.6,0,0,1036,155,370,42.0%,38,118,32.0%,78,96,81.0%,427,37,126,163,89,59,33,15,118,DS,Will Barton
GSW,"PG,SG","PG,SG",PG,Shaun,Livingston,64,18.0,2.2,4.5,48.0%,0.0,0.1,20.0%,1.4,1.7,83.0%,5.75,0.6,1.6,2.2,2.5,1.1,2.27,0.70,0.30,1.6,0,0,1152,138,288,48.0%,1,6,20.0%,90,109,83.0%,368,38,102,141,160,70,45,19,102,,Shaun Livingston
CLE,"SG,SF","SG,SF",SF,Mike,Miller,68,18.0,1.9,4.4,43.0%,1.5,3.6,43.0%,0.3,0.4,76.0%,5.64,0.2,2.0,2.2,1.6,0.8,2.00,0.35,0.05,1.3,0,0,1224,129,299,43.0%,105,245,43.0%,21,27,76.0%,383,14,136,150,109,54,24,3,88,,Mike Miller
CHA,PF,PF,PF,Noah,Vonleh,60,14.0,2.0,4.4,45.0%,0.2,0.6,33.0%,1.5,2.0,73.0%,5.62,1.2,3.0,4.2,0.3,1.2,0.25,0.30,0.60,2.8,1,0,840,119,264,45.0%,12,36,33.0%,88,120,73.0%,337,72,180,252,18,72,18,36,168,,Noah Vonleh
CHA,"PG,SG",PG,PG,Brian,Roberts,74,14.0,2.0,4.8,42.0%,0.7,1.8,37.0%,0.9,1.0,90.0%,5.60,0.1,0.9,1.0,2.2,1.0,2.20,0.35,0.05,1.2,0,0,1036,149,355,42.0%,49,133,37.0%,67,74,90.0%,414,7,67,74,163,74,26,4,89,,Brian Roberts
MIA,PG,PG,PG,Norris,Cole,76,20.0,2.1,5.2,40.0%,0.5,1.6,34.0%,0.9,1.2,74.5%,5.60,0.3,1.3,1.6,2.4,1.6,1.50,0.85,0.05,1.8,0,0,1520,158,395,40.0%,41,122,34.0%,68,91,74.5%,425,23,99,122,182,122,65,4,137,,Norris Cole
MIA,"PF,C",C,C,Chris,Andersen,70,18.0,2.1,3.7,58.0%,0.0,0.0,0.0%,1.3,1.9,68.0%,5.58,1.6,3.0,4.6,0.4,0.8,0.50,0.30,1.20,2.1,2,0,1260,150,259,58.0%,0,0,#DIV/0!,90,133,68.0%,391,112,210,322,28,56,21,84,147,,Chris Andersen
NOR,"PG,SG","PG,SG",SG,Jimmer,Fredette,66,10.0,2.0,4.5,45.0%,1.1,2.5,44.0%,0.4,0.5,86.0%,5.58,0.1,0.7,0.8,1.2,0.8,1.50,0.35,0.00,0.8,0,0,660,134,297,45.0%,73,165,44.0%,28,33,86.0%,368,7,46,53,79,53,23,0,53,DS,Jimmer Fredette
IND,PF,SF,SF,Damjan,Rudez,70,15.0,2.0,5.0,39.0%,1.1,3.0,36.0%,0.6,0.7,80.0%,5.54,0.2,1.3,1.5,1.8,1.3,1.38,0.25,0.10,1.8,0,0,1050,137,350,39.0%,76,210,36.0%,39,49,80.0%,388,14,91,105,126,91,18,7,126,,Damjan Rudez
ORL,PF,PF,SF,Aaron,Gordon,74,16.0,2.1,4.7,45.0%,0.3,0.8,33.0%,1.0,2.0,51.0%,5.51,1.4,2.6,4.0,1.2,1.5,0.80,0.45,0.45,2.2,2,0,1184,157,348,45.0%,20,59,33.0%,75,148,51.0%,408,104,192,296,89,111,33,33,163,,Aaron Gordon
ATL,C,"PF,C",C,Pero,Antic,70,15.0,1.9,4.6,42.0%,1.1,3.0,35.0%,0.6,0.8,75.0%,5.51,0.9,2.3,3.2,0.9,0.8,1.13,0.25,0.20,2.0,0,0,1050,135,322,42.0%,74,210,35.0%,42,56,75.0%,386,63,161,224,63,56,18,14,140,,Pero Antic
DEN,C,C,C,Jusuf,Nurkic,69,12.0,2.4,4.4,55.0%,0.0,0.0,0.0%,0.7,1.6,42.0%,5.51,1.8,3.2,5.0,0.4,2.0,0.20,0.50,1.05,3.5,0,0,828,167,304,55.0%,0,0,#DIV/0!,46,110,42.0%,380,124,221,345,28,138,35,72,242,,Jusuf Nurkic
ORL,"PG,SG",PG,PG,Luke,Ridnour,74,18.0,2.2,5.3,41.0%,0.6,1.8,34.0%,0.5,0.6,80.0%,5.44,0.3,1.2,1.5,3.0,1.1,2.73,0.60,0.10,1.5,1,0,1332,161,392,41.0%,45,133,34.0%,36,44,80.0%,402,22,89,111,222,81,44,7,111,,Luke Ridnour
WAS,"SG,SF","SG,SF",SG,Martell,Webster,68,16.0,1.8,4.4,42.0%,1.1,2.8,38.0%,0.7,0.8,83.0%,5.42,0.2,1.4,1.6,0.7,0.5,1.40,0.35,0.15,1.4,0,0,1088,126,299,42.0%,72,190,38.0%,45,54,83.0%,369,14,95,109,48,34,24,10,95,,Martell Webster
MIN,PG,"PG,SG",PG,JJ,Barea,40,12.0,2.1,5.2,40.0%,0.6,1.8,34.0%,0.6,0.8,78.0%,5.40,0.1,1.1,1.2,2.4,1.0,2.40,0.25,0.00,1.0,0,0,480,83,208,40.0%,24,72,34.0%,25,32,78.0%,216,4,44,48,96,40,10,0,40,,JJ Barea
DEN,SG,SG,SG,Gary,Harris,72,12.0,1.7,4.5,38.0%,1.0,2.9,35.0%,1.0,1.2,80.0%,5.40,0.3,1.3,1.6,1.3,1.1,1.18,0.75,0.10,1.2,0,0,864,123,324,38.0%,73,209,35.0%,69,86,80.0%,388,22,94,115,94,79,54,7,86,,Gary Harris
MIL,PG,PG,PG,Kendall,Marshall,74,18.0,2.1,5.2,40.0%,1.0,2.6,38.0%,0.2,0.4,60.0%,5.39,0.2,1.6,1.8,5.6,2.0,2.80,0.65,0.05,1.4,2,0,1332,154,385,40.0%,73,192,38.0%,18,30,60.0%,399,15,118,133,414,148,48,4,104,,Kendall Marshall
CHA,SG,SG,SF,PJ,Hairston,60,10.0,1.7,4.4,38.0%,0.9,2.6,36.5%,1.1,1.4,78.0%,5.39,0.2,1.2,1.4,0.4,0.9,0.44,0.55,0.10,1.6,0,0,600,100,264,38.0%,57,156,36.5%,66,84,78.0%,323,12,72,84,24,54,33,6,96,,PJ Hairston
SAS,SF,PF,SF,Kyle,Anderson,72,15.0,1.8,4.3,42.0%,0.5,1.3,36.0%,1.3,1.7,75.0%,5.36,0.6,1.9,2.5,2.2,1.6,1.38,0.75,0.25,1.8,0,0,1080,130,310,42.0%,34,94,36.0%,92,122,75.0%,386,43,137,180,158,115,54,18,130,,Kyle Anderson
MIA,"SF,PF",SF,PF,Shawne,Williams,72,16.0,2.1,4.5,46.0%,0.9,2.5,34.0%,0.4,0.5,71.0%,5.35,0.7,2.1,2.8,0.9,0.8,1.13,0.45,0.55,2.2,0,0,1152,149,324,46.0%,61,180,34.0%,26,36,71.0%,385,50,151,202,65,58,32,40,158,,Shawne Williams
NYK,PG,PG,PG,Shane,Larkin,72,16.0,2.1,5.0,41.0%,0.5,1.6,34.0%,0.6,0.8,75.0%,5.24,0.4,1.2,1.6,2.2,1.2,1.83,0.95,0.05,2.0,0,0,1152,148,360,41.0%,39,115,34.0%,43,58,75.0%,378,29,86,115,158,86,68,4,144,BR,Shane Larkin
DET,"SF,PF",SF,PF,Jonas,Jerebko,70,14.0,1.8,4.2,44.0%,0.8,2.0,37.5%,0.8,1.1,72.0%,5.24,1.0,1.8,2.8,0.6,0.9,0.67,0.40,0.10,2.0,0,0,980,129,294,44.0%,53,140,37.5%,55,77,72.0%,367,70,126,196,42,63,28,7,140,,Jonas Jerebko
LAC,"SG,SF",SG,SF,Chris,Douglas-Roberts,68,18.0,1.7,4.0,43.0%,0.8,2.2,35.0%,1.0,1.2,80.0%,5.17,0.4,1.2,1.6,0.8,0.8,1.00,0.55,0.15,1.2,0,0,1224,117,272,43.0%,52,150,35.0%,65,82,80.0%,352,27,82,109,54,54,37,10,82,,Chris Douglas-Roberts
NOR,PG,PG,PG,Russ,Smith,62,12.0,1.9,4.7,40.0%,0.4,1.1,34.0%,1.0,1.4,74.0%,5.17,0.2,1.0,1.2,2.0,1.3,1.54,0.70,0.05,2.0,0,0,744,117,291,40.0%,23,68,34.0%,64,87,74.0%,321,12,62,74,124,81,43,3,124,,Russ Smith
DAL,SF,SF,SF,Al-Farouq,Aminu,74,18.0,2.0,4.3,47.5%,0.2,0.6,27.5%,0.8,1.1,72.5%,5.05,1.2,3.0,4.2,0.8,0.7,1.14,0.75,0.35,1.4,1,0,1332,151,318,47.5%,12,44,27.5%,59,81,72.5%,374,89,222,311,59,52,56,26,104,,Al-Farouq Aminu
OKC,"SF,PF",SF,SF,Andre,Roberson,74,24.0,1.9,4.2,46.0%,0.3,1.2,24.0%,0.9,1.2,72.0%,5.02,2.0,3.2,5.2,1.0,1.3,0.77,1.10,0.55,3.3,2,0,1776,143,311,46.0%,21,89,24.0%,64,89,72.0%,371,148,237,385,74,96,81,41,244,DS,Andre Roberson
FA,C,C,C,Emeka,Okafor,50,16.0,2.2,4.3,50.0%,0.0,0.0,0.0%,0.7,1.3,55.0%,5.02,1.4,3.2,4.6,0.4,0.6,0.67,0.30,0.60,1.4,1,0,800,108,215,50.0%,0,0,#DIV/0!,36,65,55.0%,251,70,160,230,20,30,15,30,70,,Emeka Okafor
HOU,"SF,PF",PF,PF,Jeff,Adrien,75,14.0,1.9,3.6,53.0%,0.0,0.0,0.0%,1.1,1.8,63.0%,4.95,1.3,3.1,4.4,0.6,0.5,1.20,0.35,0.55,2.0,1,0,1050,143,270,53.0%,0,0,#DIV/0!,85,135,63.0%,371,98,233,330,45,38,26,41,150,DS,Jeff Adrien
PHI,PG,PG,PG,Casper,Ware,70,12.0,1.7,4.4,39.0%,0.8,2.2,35.0%,0.6,0.8,80.0%,4.84,0.1,1.1,1.2,1.4,0.9,1.56,0.40,0.00,1.3,0,0,840,120,308,39.0%,54,154,35.0%,45,56,80.0%,339,7,77,84,98,63,28,0,91,,Casper Ware
PHI,SF,SF,SF,Jerami,Grant,50,12.0,1.8,4.0,44.5%,0.2,0.6,25.5%,1.1,1.6,69.5%,4.83,1.0,2.0,3.0,0.4,0.8,0.50,0.40,0.40,1.8,0,0,600,89,200,44.5%,8,30,25.5%,56,80,69.5%,241,50,100,150,20,40,20,20,90,,Jerami Grant
ATL,"SG,SF","SG,SF",SF,Thabo,Sefolosha,72,16.0,1.7,4.0,42.5%,0.6,1.8,36.0%,0.8,1.0,77.0%,4.82,0.7,1.9,2.6,1.4,0.6,2.33,0.75,0.25,1.4,0,0,1152,122,288,42.5%,47,130,36.0%,55,72,77.0%,347,50,137,187,101,43,54,18,101,,Thabo Sefolosha
LAL,"SG,SF","SG,SF",SG,Xavier,Henry,60,12.0,1.6,3.8,42.0%,0.4,1.0,36.0%,1.3,1.9,66.0%,4.81,0.3,1.1,1.4,0.7,0.8,0.88,0.50,0.10,1.2,0,0,720,96,228,42.0%,22,60,36.0%,75,114,66.0%,288,18,66,84,42,48,30,6,72,,Xavier Henry
MIL,PG,PG,PG,Nate,Wolters,60,15.0,1.9,4.4,43.0%,0.3,1.0,34.0%,0.7,1.0,68.0%,4.80,0.1,1.3,1.4,2.0,0.7,2.86,0.40,0.05,1.0,0,0,900,114,264,43.0%,20,60,34.0%,41,60,68.0%,288,6,78,84,120,42,24,3,60,,Nate Wolters
MIN,"SG,SF",SF,SF,Chase,Budinger,60,10.0,1.7,4.2,41.0%,0.7,2.0,36.0%,0.6,0.8,80.0%,4.80,0.3,1.3,1.6,0.4,0.5,0.80,0.30,0.05,0.9,0,0,600,103,252,41.0%,43,120,36.0%,38,48,80.0%,288,18,78,96,24,30,18,3,54,,Chase Budinger
PHO,SF,SF,SF,TJ,Warren,40,10.0,1.8,4.0,46.0%,0.1,0.4,28.0%,1.0,1.4,72.0%,4.80,0.8,1.2,2.0,0.3,0.7,0.43,0.45,0.15,1.2,0,0,400,74,160,46.0%,4,16,28.0%,40,56,72.0%,192,32,48,80,12,28,18,6,48,,TJ Warren
SAS,PG,PG,PG,Cory,Joseph,70,13.0,1.8,3.8,46.5%,0.2,0.6,30.5%,1.1,1.3,82.5%,4.79,0.4,1.2,1.6,1.8,0.6,3.00,0.55,0.05,1.0,0,0,910,124,266,46.5%,13,42,30.5%,75,91,82.5%,335,28,84,112,126,42,39,4,70,DS,Cory Joseph
PHI,"PG,SG","PG,SG",SG,Alexey,Shved,71,12.0,1.6,4.4,36.0%,0.7,2.2,32.0%,0.9,1.2,76.0%,4.78,0.2,1.0,1.2,1.4,1.0,1.40,0.50,0.15,1.0,0,0,852,112,312,36.0%,50,156,32.0%,65,85,76.0%,340,14,71,85,99,71,36,11,71,,Alexey Shved
MIL,"PG,SG","PG,SG",SG,Jerryd,Bayless,70,12.0,1.8,4.2,42.0%,0.5,1.5,35.5%,0.7,0.9,80.0%,4.78,0.1,0.9,1.0,1.4,0.7,2.00,0.40,0.05,1.2,0,0,840,123,294,42.0%,37,105,35.5%,50,63,80.0%,335,7,63,70,98,49,28,4,84,,Jerryd Bayless
OKC,"SF,PF",SF,SF,Perry,Jones,72,15.0,1.8,4.0,45.0%,0.4,1.2,35.0%,0.8,1.1,69.0%,4.78,0.6,1.4,2.0,0.5,0.7,0.71,0.20,0.30,1.4,0,0,1080,130,288,45.0%,30,86,35.0%,55,79,69.0%,344,43,101,144,36,50,14,22,101,,Perry Jones
HOU,"PG,SG",SG,SG,Jason,Terry,60,12.0,1.7,4.0,42.0%,0.9,2.4,38.0%,0.5,0.6,84.0%,4.78,0.1,0.7,0.8,1.4,0.7,2.00,0.35,0.00,1.0,0,0,720,101,240,42.0%,55,144,38.0%,30,36,84.0%,287,6,42,48,84,42,21,0,60,,Jason Terry
PHI,"SG,SF",SG,SF,Jason,Richardson,20,12.0,1.7,4.4,39.0%,0.9,2.4,36.0%,0.3,0.5,69.0%,4.64,0.2,1.0,1.2,0.8,0.5,1.60,0.35,0.10,0.8,0,0,240,34,88,39.0%,17,48,36.0%,7,10,69.0%,93,4,20,24,16,10,7,2,16,,Jason Richardson
GSW,SG,"SG,SF",SG,Brandon,Rush,60,10.0,1.7,4.0,42.0%,0.8,2.2,38.0%,0.4,0.6,74.0%,4.64,0.2,1.2,1.4,0.4,0.4,1.00,0.15,0.25,1.0,0,0,600,101,240,42.0%,50,132,38.0%,27,36,74.0%,278,12,72,84,24,24,9,15,60,,Brandon Rush
NYK,PF,SF,PF,Quincy,Acy,74,18.0,1.7,3.3,51.0%,0.0,0.0,0.0%,1.2,2.2,55.0%,4.58,1.4,2.6,4.0,0.6,1.2,0.50,0.70,0.45,3.0,0,0,1332,125,244,51.0%,0,0,#DIV/0!,90,163,55.0%,339,104,192,296,44,89,52,33,222,,Quincy Acy
HOU,SG,SG,SG,Nick,Johnson,30,10.0,1.6,3.8,41.0%,0.4,1.3,34.0%,1.0,1.3,76.0%,4.55,0.3,0.9,1.2,1.0,0.6,1.67,0.45,0.15,1.0,0,0,300,47,114,41.0%,13,39,34.0%,30,39,76.0%,136,9,27,36,30,18,14,5,30,,Nick Johnson
LAL,PF,"SF,PF",PF,Ryan,Kelly,60,12.0,1.5,3.5,42.0%,0.6,1.7,36.5%,1.0,1.2,80.0%,4.52,0.3,1.7,2.0,1.0,0.6,1.67,0.35,0.45,1.4,0,0,720,88,210,42.0%,37,102,36.5%,58,72,80.0%,271,18,102,120,60,36,21,27,84,,Ryan Kelly
SAC,"SF,PF","SG,SF",SF,Omri,Casspi,68,12.0,1.6,3.8,42.0%,0.6,1.8,35.0%,0.7,1.0,68.0%,4.50,0.5,1.7,2.2,0.6,0.6,1.00,0.35,0.15,1.0,0,0,816,109,258,42.0%,43,122,35.0%,46,68,68.0%,306,34,116,150,41,41,24,10,68,,Omri Casspi
LAL,"PG,SG",PG,PG,Ronnie,Price,72,20.0,1.6,4.2,38.0%,0.4,1.4,28.0%,0.9,1.2,73.0%,4.46,0.4,1.0,1.4,3.6,2.2,1.64,0.95,0.05,2.0,0,0,1440,115,302,38.0%,28,101,28.0%,63,86,73.0%,321,29,72,101,259,158,68,4,144,,Ronnie Price
NOR,"SG,SF",SF,SF,Darius,Miller,72,16.0,1.7,4.0,43.0%,0.6,1.8,34.0%,0.4,0.5,80.0%,4.45,0.3,0.7,1.0,1.0,0.5,2.00,0.55,0.10,1.6,0,0,1152,124,288,43.0%,44,130,34.0%,29,36,80.0%,321,22,50,72,72,36,40,7,115,,Darius Miller
CHI,"SG,SF","SG,SF",SG,Tony,Snell,72,12.0,1.7,4.0,42.5%,0.7,1.8,36.5%,0.4,0.5,78.5%,4.45,0.2,1.2,1.4,0.8,0.6,1.33,0.40,0.20,1.3,0,0,864,122,288,42.5%,47,130,36.5%,28,36,78.5%,320,14,86,101,58,43,29,14,94,,Tony Snell
DET,PG,PG,PG,Will,Bynum,40,10.0,1.7,4.0,42.0%,0.1,0.4,32.0%,1.0,1.2,80.0%,4.45,0.2,0.6,0.8,2.0,1.0,2.00,0.35,0.05,1.3,0,0,400,67,160,42.0%,5,16,32.0%,38,48,80.0%,178,8,24,32,80,40,14,2,52,,Will Bynum
SAC,PG,PG,PG,Ray,McCallum,50,12.0,1.7,4.0,43.0%,0.4,1.0,37.5%,0.6,0.8,77.5%,4.44,0.2,0.8,1.0,1.6,0.6,2.67,0.35,0.05,1.2,0,0,600,86,200,43.0%,19,50,37.5%,31,40,77.5%,222,10,40,50,80,30,18,3,60,,Ray McCallum
PHO,SG,SG,SG,Zoran,Dragic,40,10.0,1.6,3.6,44.0%,0.5,1.4,36.0%,0.7,1.0,74.0%,4.41,0.2,1.0,1.2,0.6,0.4,1.50,0.45,0.05,1.0,0,0,400,63,144,44.0%,20,56,36.0%,30,40,74.0%,176,8,40,48,24,16,18,2,40,,Zoran Dragic
GSW,"PG,SG",SG,SG,Leandro,Barbosa,70,10.0,1.7,3.8,43.5%,0.3,0.8,34.5%,0.8,1.0,80.0%,4.38,0.1,0.7,0.8,0.7,0.5,1.40,0.30,0.10,0.8,0,0,700,116,266,43.5%,19,56,34.5%,56,70,80.0%,307,7,49,56,49,35,21,7,56,BBB,Leandro Barbosa
OKC,PF,PF,PF,Mitch,McGary,60,14.0,1.8,3.7,48.0%,0.0,0.0,0.0%,0.8,1.2,68.0%,4.37,1.2,2.4,3.6,1.0,1.2,0.83,0.65,0.35,2.4,1,0,840,107,222,48.0%,0,0,#DIV/0!,49,72,68.0%,262,72,144,216,60,72,39,21,144,,Mitch McGary
ORL,SG,SG,SG,Ben,Gordon,60,10.0,1.6,4.0,40.0%,0.6,1.5,38.0%,0.6,0.7,83.0%,4.35,0.1,0.7,0.8,0.8,0.7,1.14,0.25,0.05,0.8,0,0,600,96,240,40.0%,34,90,38.0%,35,42,83.0%,261,6,42,48,48,42,15,3,48,,Ben Gordon
DEN,"PF,C",PF,PF,Darrell,Arthur,70,12.0,1.8,4.2,43.0%,0.3,0.8,33.0%,0.5,0.6,79.0%,4.35,0.7,2.1,2.8,0.4,0.4,1.00,0.40,0.45,2.0,0,0,840,126,294,43.0%,18,56,33.0%,33,42,79.0%,305,49,147,196,28,28,28,32,140,,Darrell Arthur
HOU,PF,PF,PF,Tarik,Black,60,12.0,1.7,2.8,62.0%,0.0,0.0,0.0%,0.8,1.4,60.0%,4.31,1.3,2.0,3.3,0.2,0.7,0.29,0.25,0.45,2.0,0,0,720,104,168,62.0%,0,0,#DIV/0!,50,84,60.0%,259,78,120,198,12,42,15,27,120,,Tarik Black
NYK,SF,SF,SF,Cleanthony,Early,62,10.0,1.5,3.3,44.0%,0.5,1.4,36.0%,0.9,1.1,80.0%,4.29,0.6,1.4,2.0,0.4,0.8,0.50,0.40,0.25,1.4,0,0,620,90,205,44.0%,31,87,36.0%,55,68,80.0%,266,37,87,124,25,50,25,16,87,,Cleanthony Early
CLE,"SG,SF",PG,PG,AJ,Price,30,12.0,1.5,4.0,37.0%,0.7,2.0,33.0%,0.6,0.8,77.0%,4.24,0.2,1.0,1.2,2.0,0.8,2.50,0.50,0.00,1.0,0,0,360,44,120,37.0%,20,60,33.0%,18,24,77.0%,127,6,30,36,60,24,15,0,30,,AJ Price
CLE,PG,SG,PG,Matthew,Dellavedova,75,16.0,1.5,3.6,41.0%,0.9,2.3,38.5%,0.4,0.5,79.0%,4.23,0.3,0.9,1.2,2.4,0.8,3.00,0.45,0.05,1.6,0,0,1200,111,270,41.0%,66,173,38.5%,30,38,79.0%,317,23,68,90,180,60,34,4,120,DS,Matthew Dellavedova
PHO,C,C,C,Alex,Len,70,16.0,1.6,3.5,45.0%,0.1,0.3,20.0%,1.0,1.5,68.0%,4.23,1.7,2.7,4.4,0.3,1.1,0.27,0.15,0.95,2.8,2,0,1120,110,245,45.0%,4,21,20.0%,71,105,68.0%,296,119,189,308,21,77,11,67,196,,Alex Len
LAL,C,C,C,Robert,Sacre,72,12.0,1.7,3.6,48.0%,0.0,0.0,0.0%,0.8,1.1,69.0%,4.22,1.0,2.2,3.2,0.6,0.5,1.20,0.30,0.70,1.8,1,0,864,124,259,48.0%,0,0,#DIV/0!,55,79,69.0%,303,72,158,230,43,36,22,50,130,,Robert Sacre
POR,PF,PF,PF,Thomas,Robinson,74,10.0,1.7,3.6,48.0%,0.0,0.0,0.0%,0.7,1.3,57.0%,4.20,1.5,2.9,4.4,0.5,0.7,0.71,0.20,0.30,1.8,1,0,740,128,266,48.0%,0,0,#DIV/0!,55,96,57.0%,311,111,215,326,37,52,15,22,133,,Thomas Robinson
LAC,"PF,C","PF,C",PF,Glen,Davis,66,13.0,1.7,3.6,46.6%,0.0,0.0,0.0%,0.8,1.2,69.6%,4.19,0.8,2.0,2.8,0.3,0.6,0.50,0.55,0.20,2.2,0,0,858,111,238,46.6%,0,0,#DIV/0!,55,79,69.6%,277,53,132,185,20,40,36,13,145,,Glen Davis
MIN,PG,PG,SG,Zach,LaVine,66,10.0,1.5,3.8,39.0%,0.5,1.5,33.0%,0.7,1.0,73.0%,4.19,0.2,0.8,1.0,1.1,1.3,0.85,0.35,0.05,1.1,0,0,660,98,251,39.0%,33,99,33.0%,48,66,73.0%,276,13,53,66,73,86,23,3,73,,Zach LaVine
ATL,PG,PG,PG,Dennis,Schroeder,60,12.0,1.5,3.8,39.0%,0.3,1.0,25.0%,0.9,1.3,73.0%,4.16,0.2,1.0,1.2,2.0,1.3,1.54,0.35,0.05,1.4,0,0,720,89,228,39.0%,15,60,25.0%,57,78,73.0%,250,12,60,72,120,78,21,3,84,,Dennis Schroeder
BOS,"PF,C",C,C,Vitor,Faverani,10,12.0,1.5,3.6,43.0%,0.3,1.0,32.0%,0.6,0.9,66.0%,4.01,1.0,2.0,3.0,0.4,1.0,0.40,0.30,0.65,1.8,0,0,120,15,36,43.0%,3,10,32.0%,6,9,66.0%,40,10,20,30,4,10,3,7,18,,Vitor Faverani
DAL,"SF,PF","SF,PF",SF,Jae,Crowder,76,14.0,1.5,3.4,44.0%,0.6,1.6,37.0%,0.4,0.6,71.0%,4.01,0.6,1.8,2.4,0.5,0.4,1.25,0.70,0.20,1.2,0,0,1064,114,258,44.0%,45,122,37.0%,32,46,71.0%,305,46,137,182,38,30,53,15,91,,Jae Crowder
IND,"PF,C",PF,C,Lavoy,Allen,70,13.0,1.7,3.7,47.0%,0.0,0.2,20.0%,0.5,0.7,70.0%,4.01,1.3,2.7,4.0,0.6,0.7,0.86,0.30,0.30,1.8,1,0,910,122,259,47.0%,3,14,20.0%,34,49,70.0%,281,91,189,280,42,49,21,21,126,,Lavoy Allen
WAS,"PF,C",PF,C,Drew,Gooden,30,10.0,1.7,3.4,50.0%,0.1,0.4,35.5%,0.5,0.6,75.5%,4.00,0.8,2.0,2.8,0.4,0.4,1.00,0.25,0.20,1.6,0,0,300,51,102,50.0%,4,12,35.5%,14,18,75.5%,120,24,60,84,12,12,8,6,48,,Drew Gooden
MEM,PF,PF,PF,Jarnell,Stokes,60,10.0,1.5,3.0,50.5%,0.0,0.0,0.0%,1.0,1.4,68.5%,3.99,1.5,2.0,3.5,0.5,0.8,0.63,0.35,0.25,1.5,1,0,600,91,180,50.5%,0,0,#DIV/0!,58,84,68.5%,239,90,120,210,30,48,21,15,90,,Jarnell Stokes
LAC,"SG,SF",SG,SF,Reggie,Bullock,50,10.0,1.4,3.6,40.0%,0.8,2.2,36.0%,0.3,0.4,78.0%,3.98,0.3,1.1,1.4,0.2,0.4,0.50,0.30,0.05,1.2,0,0,500,72,180,40.0%,40,110,36.0%,16,20,78.0%,199,15,55,70,10,20,15,3,60,,Reggie Bullock
SAS,"SF,PF",SF,PF,Austin,Daye,20,8.0,1.5,3.8,39.0%,0.8,2.0,38.0%,0.3,0.4,64.0%,3.98,0.2,1.0,1.2,0.3,0.3,1.00,0.25,0.25,1.0,0,0,160,30,76,39.0%,15,40,38.0%,5,8,64.0%,80,4,20,24,6,6,5,5,20,,Austin Daye
POR,"PG,SG","PG,SG",PG,Steve,Blake,70,15.0,1.3,3.3,40.0%,0.9,2.3,39.0%,0.3,0.4,78.0%,3.85,0.1,1.2,1.3,2.8,1.0,2.80,0.45,0.05,1.0,1,0,1050,92,231,40.0%,63,161,39.0%,22,28,78.0%,269,7,84,91,196,70,32,4,70,,Steve Blake
UTA,"SF,PF",PF,SF,Steve,Novak,60,10.0,1.2,3.0,41.0%,1.1,2.7,41.5%,0.3,0.3,89.0%,3.85,0.1,0.9,1.0,0.1,0.2,0.50,0.20,0.05,1.0,0,0,600,74,180,41.0%,67,162,41.5%,16,18,89.0%,231,6,54,60,6,12,12,3,60,,Steve Novak
GSW,C,C,C,Ognjen,Kuzmic,60,10.0,1.6,2.8,56.0%,0.0,0.0,0.0%,0.7,1.1,64.0%,3.84,1.0,2.2,3.2,0.8,1.2,0.67,0.20,0.20,2.0,0,0,600,94,168,56.0%,0,0,#DIV/0!,42,66,64.0%,230,60,132,192,48,72,12,12,120,,Ognjen Kuzmic
IND,SF,SF,SF,Solomon,Hill,76,16.0,1.3,3.2,42.0%,0.6,1.8,32.0%,0.6,0.7,82.0%,3.84,0.6,2.4,3.0,0.8,1.2,0.67,0.45,0.15,1.4,0,0,1216,102,243,42.0%,44,137,32.0%,44,53,82.0%,292,46,182,228,61,91,34,11,106,,Solomon Hill
ATL,PF,PF,PF,Adreian,Payne,62,10.0,1.4,3.1,44.0%,0.4,1.3,33.0%,0.7,0.9,73.0%,3.81,0.5,1.8,2.3,0.5,1.3,0.38,0.45,0.35,1.7,0,0,620,85,192,44.0%,27,81,33.0%,41,56,73.0%,236,31,112,143,31,81,28,22,105,,Adreian Payne
CLE,SG,SG,SG,Joe,Harris,30,10.0,1.3,3.0,42.0%,0.7,1.8,39.0%,0.6,0.8,74.0%,3.81,0.2,0.8,1.0,0.8,0.6,1.33,0.25,0.05,1.0,0,0,300,38,90,42.0%,21,54,39.0%,18,24,74.0%,114,6,24,30,24,18,8,2,30,,Joe Harris
DEN,SF,SF,SF,Quincy,Miller,70,10.0,1.4,3.6,38.0%,0.4,1.3,33.0%,0.6,0.9,72.0%,3.81,0.5,1.5,2.0,0.5,0.7,0.71,0.30,0.40,1.1,0,0,700,96,252,38.0%,30,91,33.0%,45,63,72.0%,267,35,105,140,35,49,21,28,77,,Quincy Miller
MEM,PG,PG,PG,Beno,Udrih,68,12.0,1.5,3.4,43.0%,0.4,1.0,38.0%,0.5,0.6,82.0%,3.80,0.2,0.8,1.0,2.2,0.9,2.44,0.40,0.05,1.0,1,0,816,99,231,43.0%,26,68,38.0%,33,41,82.0%,258,14,54,68,150,61,27,3,68,,Beno Udrih
MIA,SG,SG,SG,Shannon,Brown,60,12.0,1.3,3.2,42.0%,0.3,1.0,32.0%,0.8,1.0,78.0%,3.79,0.3,0.9,1.2,0.7,0.7,1.00,0.50,0.10,1.1,0,0,720,81,192,42.0%,19,60,32.0%,47,60,78.0%,227,18,54,72,42,42,30,6,66,,Shannon Brown
NOR,"PF,C",C,C,Alexis,Ajinca,66,12.0,1.5,2.8,55.0%,0.0,0.0,0.0%,0.7,0.9,77.0%,3.77,1.2,2.2,3.4,0.3,0.8,0.38,0.35,0.55,2.3,1,0,792,102,185,55.0%,0,0,#DIV/0!,46,59,77.0%,249,79,145,224,20,53,23,36,152,,Alexis Ajinca
UTA,"SF,PF",SF,PF,Jeremy,Evans,62,10.0,1.6,3.0,52.5%,0.0,0.0,0.0%,0.5,0.7,66.0%,3.61,1.0,1.8,2.8,0.2,0.4,0.50,0.35,0.45,1.3,0,0,620,98,186,52.5%,0,0,#DIV/0!,29,43,66.0%,224,62,112,174,12,25,22,28,81,,Jeremy Evans
FA,C,C,C,Jeremy,Tyler,50,10.0,1.5,3.0,50.0%,0.0,0.0,0.0%,0.6,1.1,55.0%,3.61,1.0,1.8,2.8,0.2,0.6,0.33,0.15,0.50,1.8,0,0,500,75,150,50.0%,0,0,#DIV/0!,30,55,55.0%,180,50,90,140,10,30,8,25,90,,Jeremy Tyler
IND,C,C,C,Ian,Mahinmi,71,15.0,1.3,2.7,47.0%,0.0,0.0,0.0%,1.1,1.7,62.0%,3.59,1.3,2.7,4.0,0.3,0.8,0.38,0.40,0.80,2.4,0,0,1065,90,192,47.0%,0,0,#DIV/0!,75,121,62.0%,255,92,192,284,21,57,28,57,170,,Ian Mahinmi
TOR,"PF,C",PF,PF,Tyler,Hansbrough,50,12.0,1.0,2.3,45.0%,0.0,0.0,0.0%,1.5,2.1,70.0%,3.54,1.4,2.1,3.5,0.2,0.6,0.60,0.30,0.15,1.6,0,0,600,52,115,45.0%,0,0,#DIV/0!,74,105,70.0%,177,70,105,175,10,30,15,8,80,,Tyler Hansbrough
MEM,"SF,PF",SF,SF,Tayshaun,Prince,70,12.0,1.6,3.8,41.0%,0.2,0.6,31.0%,0.2,0.3,68.0%,3.51,0.3,1.7,2.0,0.7,0.4,1.75,0.25,0.20,0.6,0,0,840,109,266,41.0%,13,42,31.0%,14,21,68.0%,245,21,119,140,49,28,18,14,42,,Tayshaun Prince
ATL,"PF,C","PF,C",PF,Elton,Brand,60,12.0,1.5,2.8,52.0%,0.0,0.0,0.0%,0.5,0.8,66.0%,3.44,0.8,2.2,3.0,0.6,0.5,1.20,0.30,0.70,1.7,0,0,720,87,168,52.0%,0,0,#DIV/0!,32,48,66.0%,206,48,132,180,36,30,18,42,102,,Elton Brand
BKN,PF,PF,PF,Cory,Jefferson,30,10.0,1.3,2.5,51.0%,0.0,0.2,22.0%,0.8,1.2,69.0%,3.42,0.8,1.8,2.6,0.2,0.6,0.33,0.25,0.50,1.6,0,0,300,38,75,51.0%,1,6,22.0%,25,36,69.0%,103,24,54,78,6,18,8,15,48,,Cory Jefferson
WAS,SG,SG,SG,Xavier,Silas,30,10.0,1.1,3.0,35.0%,0.7,2.0,33.0%,0.6,0.8,80.0%,3.40,0.3,0.7,1.0,0.6,0.8,0.75,0.25,0.05,1.0,0,0,300,32,90,35.0%,20,60,33.0%,19,24,80.0%,102,9,21,30,18,24,8,2,30,,Xavier Silas
WAS,"PG,SG",PG,PG,Andre,Miller,76,13.0,1.3,2.8,45.5%,0.0,0.1,30.0%,0.8,1.0,80.0%,3.38,0.2,1.4,1.6,3.2,1.2,2.67,0.55,0.05,1.0,0,0,988,97,213,45.5%,2,8,30.0%,61,76,80.0%,257,15,106,122,243,91,42,4,76,,Andre Miller
BOS,SG,SG,SF,James,Young,20,8.0,1.1,3.0,38.0%,0.5,1.4,34.0%,0.6,0.8,72.0%,3.33,0.2,0.8,1.0,0.5,0.5,1.00,0.20,0.05,0.8,0,0,160,23,60,38.0%,10,28,34.0%,12,16,72.0%,67,4,16,20,10,10,4,1,16,,James Young
OKC,PG,PG,PG,Sebastian,Telfair,30,10.0,1.1,2.8,39.0%,0.6,1.6,36.0%,0.6,0.7,80.0%,3.32,0.1,0.6,0.7,1.8,0.8,2.25,0.40,0.05,1.1,0,0,300,33,84,39.0%,17,48,36.0%,17,21,80.0%,100,3,18,21,54,24,12,2,33,,Sebastian Telfair
ORL,SG,SG,SF,Roy,Marble,60,8.0,1.1,2.8,40.0%,0.4,1.0,35.0%,0.7,1.0,72.0%,3.31,0.2,0.6,0.8,0.6,0.5,1.20,0.30,0.05,0.7,0,0,480,67,168,40.0%,21,60,35.0%,43,60,72.0%,199,12,36,48,36,30,18,3,42,,Roy Marble
DAL,SF,SF,SF,Richard,Jefferson,70,10.0,1.2,2.6,45.0%,0.4,1.0,37.0%,0.6,0.8,72.0%,3.29,0.2,1.3,1.5,0.6,0.4,1.50,0.30,0.05,0.8,0,0,700,82,182,45.0%,26,70,37.0%,40,56,72.0%,230,14,91,105,42,28,21,4,56,,Richard Jefferson
HOU,"SG,SF","SG,SF",SF,Francisco,Garcia,30,10.0,1.2,3.0,40.0%,0.7,2.0,36.0%,0.2,0.2,80.0%,3.28,0.2,0.6,0.8,0.6,0.3,2.00,0.35,0.35,1.1,0,0,300,36,90,40.0%,22,60,36.0%,5,6,80.0%,98,6,18,24,18,9,11,11,33,,Francisco Garcia
LAC,SF,SF,SF,Joe,Ingles,50,12.0,1.1,2.6,44.0%,0.5,1.4,38.0%,0.5,0.6,76.0%,3.28,0.2,1.0,1.2,0.8,0.6,1.33,0.35,0.05,2.0,0,0,600,57,130,44.0%,27,70,38.0%,23,30,76.0%,164,10,50,60,40,30,18,3,100,,Joe Ingles
SAC,C,C,C,Ryan,Hollins,60,12.0,1.2,2.0,58.0%,0.0,0.0,0.0%,0.9,1.4,64.0%,3.22,0.8,1.4,2.2,0.2,0.7,0.29,0.20,0.60,2.0,0,0,720,70,120,58.0%,0,0,#DIV/0!,54,84,64.0%,193,48,84,132,12,42,12,36,120,,Ryan Hollins
SAS,PF,PF,PF,Matt,Bonner,66,12.0,1.1,2.6,44.0%,0.8,1.8,43.0%,0.1,0.2,74.0%,3.21,0.3,1.9,2.2,0.6,0.4,1.50,0.25,0.25,1.0,0,0,792,76,172,44.0%,51,119,43.0%,10,13,74.0%,212,20,125,145,40,26,17,17,66,,Matt Bonner
BKN,PG,PG,PG,Marquis,Teague,66,12.0,1.1,3.1,37.0%,0.2,0.6,28.0%,0.7,1.0,74.0%,3.20,0.1,1.1,1.2,1.7,1.1,1.55,0.30,0.15,1.2,0,0,792,76,205,37.0%,11,40,28.0%,49,66,74.0%,211,7,73,79,112,73,20,10,79,,Marquis Teague
SAS,"PF,C",PF,PF,Jeff,Ayres,70,12.0,1.3,2.4,56.0%,0.0,0.0,0.0%,0.5,0.7,70.0%,3.18,1.2,2.2,3.4,0.7,0.8,0.88,0.15,0.30,2.0,0,0,840,94,168,56.0%,0,0,#DIV/0!,34,49,70.0%,222,84,154,238,49,56,11,21,140,,Jeff Ayres
LAL,SG,SG,SG,Wayne,Ellington,20,8.0,1.2,2.8,42.0%,0.6,1.4,40.0%,0.3,0.3,88.0%,3.18,0.2,0.8,1.0,0.3,0.2,1.50,0.25,0.00,0.6,0,0,160,24,56,42.0%,11,28,40.0%,5,6,88.0%,64,4,16,20,6,4,5,0,12,,Wayne Ellington
SAC,"PF,C",PF,PF,Reggie,Evans,70,15.0,1.1,2.3,47.0%,0.0,0.0,0.0%,1.0,1.9,53.0%,3.17,2.2,3.5,5.7,0.3,0.9,0.33,0.65,0.05,2.5,1,0,1050,76,161,47.0%,0,0,#DIV/0!,70,133,53.0%,222,154,245,399,21,63,46,4,175,,Reggie Evans
MIL,C,C,C,Zaza,Pachulia,60,12.0,1.1,2.5,44.0%,0.0,0.0,0.0%,0.8,1.1,75.0%,3.03,1.2,2.0,3.2,0.8,0.7,1.14,0.40,0.10,1.3,0,0,720,66,150,44.0%,0,0,#DIV/0!,50,66,75.0%,182,72,120,192,48,42,24,6,78,,Zaza Pachulia
BKN,SG,SG,SG,Markel,Brown,30,8.0,1.0,2.4,43.0%,0.3,0.8,34.0%,0.7,0.9,76.0%,3.02,0.2,0.8,1.0,0.6,0.5,1.20,0.25,0.10,0.6,0,0,240,31,72,43.0%,8,24,34.0%,21,27,76.0%,91,6,24,30,18,15,8,3,18,,Markel Brown
GSW,"PG,SG",SG,SG,Nemanja,Nedovic,30,8.0,0.9,2.2,40.0%,0.5,1.6,32.0%,0.7,0.9,82.0%,3.01,0.1,0.5,0.6,0.9,0.6,1.50,0.25,0.00,0.8,0,0,240,26,66,40.0%,15,48,32.0%,22,27,82.0%,90,3,15,18,27,18,8,0,24,,Nemanja Nedovic
UTA,SG,"SG,SF",PG,Toure,Murry,50,8.0,1.1,2.6,43.0%,0.1,0.4,34.0%,0.6,0.9,70.0%,3.00,0.2,0.6,0.8,1.0,0.8,1.25,0.45,0.00,0.9,0,0,400,56,130,43.0%,7,20,34.0%,32,45,70.0%,150,10,30,40,50,40,23,0,45,,Toure Murry
ORL,PF,PF,PF,Andrew,Nicholson,60,8.0,1.2,2.8,43.0%,0.3,0.8,34.0%,0.3,0.4,80.0%,3.00,0.3,1.3,1.6,0.2,0.4,0.50,0.15,0.15,1.0,0,0,480,72,168,43.0%,16,48,34.0%,19,24,80.0%,180,18,78,96,12,24,9,9,60,,Andrew Nicholson
NOR,"SG,SF","SG,SF",SF,John,Salmons,72,12.0,1.1,3.0,38.0%,0.5,1.3,37.0%,0.2,0.3,75.0%,2.99,0.2,1.2,1.4,1.2,0.8,1.50,0.50,0.15,1.3,0,0,864,82,216,38.0%,35,94,37.0%,16,22,75.0%,215,14,86,101,86,58,36,11,94,,John Salmons
ATL,C,C,C,Mike,Muscala,20,8.0,1.3,3.0,43.0%,0.0,0.2,18.0%,0.4,0.5,72.0%,2.98,0.8,1.6,2.4,0.3,0.5,0.60,0.10,0.40,1.3,0,0,160,26,60,43.0%,1,4,18.0%,7,10,72.0%,60,16,32,48,6,10,2,8,26,,Mike Muscala
LAC,SG,SG,SG,CJ,Wilcox,20,8.0,1.0,2.6,39.0%,0.5,1.3,35.0%,0.5,0.6,82.0%,2.98,0.2,0.8,1.0,0.4,0.4,1.00,0.20,0.15,0.7,0,0,160,20,52,39.0%,9,26,35.0%,10,12,82.0%,60,4,16,20,8,8,4,3,14,,CJ Wilcox
NOR,PF,C,PF,Patric,Young,30,8.0,1.1,2.2,50.0%,0.0,0.0,0.0%,0.7,1.1,60.0%,2.86,0.7,1.3,2.0,0.2,0.5,0.40,0.25,0.35,1.3,0,0,240,33,66,50.0%,0,0,#DIV/0!,20,33,60.0%,86,21,39,60,6,15,8,11,39,,Patric Young
BKN,PG,PG,PG,Jorge,Gutierrez,50,10.0,1.1,2.4,44.0%,0.1,0.4,34.0%,0.6,0.8,74.0%,2.84,0.2,0.8,1.0,1.3,0.6,2.17,0.40,0.05,1.3,0,0,500,53,120,44.0%,7,20,34.0%,30,40,74.0%,142,10,40,50,65,30,20,3,65,,Jorge Gutierrez
POR,"SG,SF",SF,SF,Dorell,Wright,50,8.0,0.9,2.4,38.0%,0.6,1.6,35.0%,0.5,0.6,75.0%,2.83,0.2,1.2,1.4,0.4,0.3,1.33,0.20,0.15,0.5,0,0,400,46,120,38.0%,28,80,35.0%,23,30,75.0%,142,10,60,70,20,15,10,8,25,,Dorell Wright
MIN,"PF,C","PF,C",C,Ronny,Turiaf,40,12.0,1.2,2.0,58.0%,0.0,0.0,0.0%,0.5,1.0,50.0%,2.82,1.0,2.0,3.0,0.5,0.5,1.00,0.20,0.60,1.3,0,0,480,46,80,58.0%,0,0,#DIV/0!,20,40,50.0%,113,40,80,120,20,20,8,24,52,,Ronny Turiaf
CHA,C,C,C,Bismack,Biyombo,75,13.0,1.1,1.9,59.0%,0.0,0.0,0.0%,0.6,1.1,52.0%,2.81,1.4,3.0,4.4,0.1,0.4,0.25,0.05,1.20,1.8,0,0,975,84,143,59.0%,0,0,#DIV/0!,43,83,52.0%,211,105,225,330,8,30,4,90,135,,Bismack Biyombo
PHI,PF,SF,SF,JaKarr,Sampson,60,12.0,0.9,2.2,40.0%,0.3,1.0,26.0%,0.8,1.2,66.0%,2.81,0.8,1.6,2.4,1.2,1.2,1.00,0.65,0.35,1.2,0,0,720,53,132,40.0%,16,60,26.0%,48,72,66.0%,169,48,96,144,72,72,39,21,72,,JaKarr Sampson
MIL,"SG,SF","SG,SF",SF,Jared,Dudley,50,10.0,1.1,2.8,38.0%,0.5,1.4,33.0%,0.2,0.3,72.0%,2.81,0.1,0.5,0.6,0.4,0.3,1.33,0.30,0.05,1.0,0,0,500,53,140,38.0%,23,70,33.0%,11,15,72.0%,140,5,25,30,20,15,15,3,50,,Jared Dudley
OKC,C,C,C,Kendrick,Perkins,62,16.0,1.2,2.6,45.0%,0.0,0.0,0.0%,0.5,0.8,58.0%,2.80,1.0,3.2,4.2,0.8,1.2,0.67,0.30,0.50,2.4,0,0,992,73,161,45.0%,0,0,#DIV/0!,29,50,58.0%,174,62,198,260,50,74,19,31,149,,Kendrick Perkins
CLE,"SG,SF",SF,SF,James,Jones,30,8.0,0.9,2.2,40.0%,0.7,1.8,40.0%,0.3,0.4,80.0%,2.80,0.1,0.6,0.7,0.3,0.2,1.50,0.15,0.10,0.7,0,0,240,26,66,40.0%,22,54,40.0%,10,12,80.0%,84,3,18,21,9,6,5,3,21,,James Jones
MEM,"PG,SG","PG,SG",PG,Nick,Calathes,60,10.0,1.1,2.6,44.0%,0.2,0.6,32.0%,0.3,0.5,62.0%,2.79,0.2,0.8,1.0,1.8,0.8,2.25,0.55,0.05,1.1,0,0,600,69,156,44.0%,12,36,32.0%,19,30,62.0%,167,12,48,60,108,48,33,3,66,,Nick Calathes
SAS,C,PF,C,Aron,Baynes,50,8.0,1.2,2.7,46.0%,0.0,0.0,0.0%,0.3,0.4,74.0%,2.78,0.9,1.6,2.5,0.4,0.5,0.80,0.05,0.15,1.4,0,0,400,62,135,46.0%,0,0,#DIV/0!,15,20,74.0%,139,45,80,125,20,25,3,8,70,,Aron Baynes
CLE,C,C,C,Brendan,Haywood,50,12.0,1.1,2.2,52.0%,0.0,0.0,0.0%,0.5,1.0,46.0%,2.75,1.2,2.0,3.2,0.2,0.4,0.50,0.10,0.55,1.3,0,0,600,57,110,52.0%,0,0,#DIV/0!,23,50,46.0%,137,60,100,160,10,20,5,28,65,,Brendan Haywood
WAS,,,SG,Garrett,Temple,60,10.0,0.8,2.2,38.0%,0.4,1.2,32.0%,0.6,0.8,72.0%,2.63,0.2,0.8,1.0,1.2,0.7,1.71,0.55,0.05,1.0,0,0,600,50,132,38.0%,23,72,32.0%,35,48,72.0%,158,12,48,60,72,42,33,3,60,,Garrett Temple
OKC,"PF,C","PF,C",PF,Nick,Collison,70,12.0,1.1,2.0,53.0%,0.0,0.2,20.0%,0.4,0.6,72.0%,2.59,1.0,1.6,2.6,0.6,0.5,1.20,0.25,0.15,2.0,0,0,840,74,140,53.0%,3,14,20.0%,30,42,72.0%,181,70,112,182,42,35,18,11,140,,Nick Collison
NYK,"PG,SG","PG,SG",PG,Pablo,Prigioni,70,12.0,0.9,2.0,44.0%,0.5,1.3,42.0%,0.3,0.3,88.0%,2.57,0.3,0.9,1.2,2.2,0.7,3.14,0.70,0.00,1.3,0,0,840,62,140,44.0%,38,91,42.0%,18,21,88.0%,180,21,63,84,154,49,49,0,91,,Pablo Prigioni
CHI,"PG,SG","PG,SG",SG,E'Twaun,Moore,30,8.0,1.0,2.4,42.0%,0.3,0.9,35.0%,0.2,0.3,77.0%,2.56,0.1,0.5,0.6,0.8,0.4,2.00,0.25,0.05,0.6,0,0,240,30,72,42.0%,9,27,35.0%,7,9,77.0%,77,3,15,18,24,12,8,2,18,,E'Twaun Moore
TOR,SF,SF,SF,Bruno,Caboclo,40,8.0,0.8,2.2,37.0%,0.4,1.2,34.0%,0.5,0.6,82.0%,2.53,0.2,0.6,0.8,0.2,0.9,0.22,0.30,0.05,1.6,0,0,320,33,88,37.0%,16,48,34.0%,20,24,82.0%,101,8,24,32,8,36,12,2,64,,Bruno Caboclo
BOS,"SF,PF",SF,SF,Gerald,Wallace,50,12.0,0.9,2.0,46.0%,0.1,0.5,28.0%,0.5,0.8,62.0%,2.48,0.3,1.4,1.7,1.0,0.7,1.43,0.55,0.10,0.8,0,0,600,46,100,46.0%,7,25,28.0%,25,40,62.0%,124,15,70,85,50,35,28,5,40,,Gerald Wallace
DAL,"PG,SG",SG,PG,Gal,Mekel,60,8.0,1.0,2.6,38.0%,0.2,0.6,28.0%,0.3,0.4,70.0%,2.42,0.1,0.7,0.8,1.8,0.9,2.00,0.10,0.00,1.0,0,0,480,59,156,38.0%,10,36,28.0%,17,24,70.0%,145,6,42,48,108,54,6,0,60,,Gal Mekel
BOS,PG,PG,PG,Phil,Pressey,60,12.0,0.9,2.4,36.0%,0.3,1.1,26.0%,0.4,0.6,66.0%,2.41,0.2,0.8,1.0,2.4,1.0,2.40,0.75,0.05,1.1,0,0,720,52,144,36.0%,17,66,26.0%,24,36,66.0%,145,12,48,60,144,60,45,3,66,DS,Phil Pressey
POR,"PF,C",PF,PF,Joel,Freeland,60,10.0,1.0,2.2,47.0%,0.0,0.0,0.0%,0.3,0.5,68.0%,2.41,1.1,1.7,2.8,0.4,0.5,0.80,0.15,0.30,1.4,0,0,600,62,132,47.0%,0,0,#DIV/0!,20,30,68.0%,144,66,102,168,24,30,9,18,84,,Joel Freeland
BKN,SG,SG,SF,Sergey,Karasev,30,8.0,0.8,2.0,39.0%,0.4,1.2,35.0%,0.4,0.5,85.0%,2.41,0.1,0.9,1.0,0.5,0.6,0.83,0.20,0.05,1.0,0,0,240,23,60,39.0%,13,36,35.0%,13,15,85.0%,72,3,27,30,15,18,6,2,30,,Sergey Karasev
IND,"PG,SG",PG,PG,Donald,Sloan,30,8.0,0.9,2.4,37.0%,0.3,1.0,25.0%,0.4,0.5,74.0%,2.40,0.1,0.9,1.0,1.2,0.7,1.71,0.25,0.00,0.5,0,0,240,27,72,37.0%,8,30,25.0%,11,15,74.0%,72,3,27,30,36,21,8,0,15,,Donald Sloan
NOR,C,C,C,Jeff,Withey,40,8.0,0.9,1.6,54.0%,0.0,0.0,0.0%,0.6,0.9,72.0%,2.38,0.6,1.2,1.8,0.3,0.3,1.00,0.15,0.60,0.8,0,0,320,35,64,54.0%,0,0,#DIV/0!,26,36,72.0%,95,24,48,72,12,12,6,24,32,,Jeff Withey
CLE,PF,PF,PF,Lou,Amundson,30,10.0,1.0,1.9,52.0%,0.0,0.0,0.0%,0.4,0.9,42.0%,2.35,1.1,1.4,2.5,0.2,0.4,0.50,0.25,0.55,1.7,0,0,300,30,57,52.0%,0,0,#DIV/0!,11,27,42.0%,71,33,42,75,6,12,8,17,51,,Lou Amundson
MIA,PF,PF,PF,Udonis,Haslem,60,10.0,0.9,2.0,47.0%,0.0,0.0,0.0%,0.5,0.7,65.0%,2.34,0.7,2.1,2.8,0.2,0.4,0.50,0.15,0.15,1.4,0,0,600,56,120,47.0%,0,0,#DIV/0!,27,42,65.0%,140,42,126,168,12,24,9,9,84,,Udonis Haslem
MIL,PF,PF,PF,Johnny,O'Bryant,30,6.0,0.8,1.8,45.0%,0.0,0.0,0.0%,0.6,0.9,65.0%,2.21,0.5,1.1,1.6,0.1,0.4,0.25,0.15,0.20,1.1,0,0,180,24,54,45.0%,0,0,#DIV/0!,18,27,65.0%,66,15,33,48,3,12,5,6,33,,Johnny O'Bryant
TOR,"SG,SF",SG,SF,Landry,Fields,40,10.0,0.8,2.0,42.0%,0.0,0.2,22.0%,0.3,0.5,64.0%,2.04,0.4,1.4,1.8,0.6,0.4,1.50,0.35,0.05,1.0,0,0,400,34,80,42.0%,2,8,22.0%,13,20,64.0%,82,16,56,72,24,16,14,2,40,,Landry Fields
LAC,"PF,C",C,C,Epke,Udoh,30,10.0,0.8,1.8,45.0%,0.0,0.0,0.0%,0.4,0.6,70.0%,2.04,0.8,1.0,1.8,0.3,0.4,0.75,0.25,0.65,1.2,0,0,300,24,54,45.0%,0,0,#DIV/0!,13,18,70.0%,61,24,30,54,9,12,8,20,36,,Epke Udoh
DAL,"PF,C",C,C,Bernard,James,50,8.0,0.8,1.6,50.0%,0.0,0.0,0.0%,0.4,0.6,60.0%,1.96,0.8,1.4,2.2,0.1,0.4,0.25,0.15,0.60,1.2,0,0,400,40,80,50.0%,0,0,#DIV/0!,18,30,60.0%,98,40,70,110,5,20,8,30,60,,Bernard James
GSW,C,C,C,Festus,Ezeli,50,10.0,0.8,1.6,47.5%,0.0,0.0,0.0%,0.4,0.8,55.0%,1.96,1.4,1.8,3.2,0.2,0.6,0.33,0.15,0.75,1.8,0,0,500,38,80,47.5%,0,0,#DIV/0!,22,40,55.0%,98,70,90,160,10,30,8,38,90,,Festus Ezeli
CHI,C,C,C,Nazr,Mohammed,30,7.0,0.7,1.6,43.0%,0.0,0.0,0.0%,0.2,0.4,53.0%,1.59,0.8,1.4,2.2,0.3,0.5,0.60,0.20,0.40,1.0,0,0,210,21,48,43.0%,0,0,#DIV/0!,6,12,53.0%,48,24,42,66,9,15,6,12,30,,Nazr Mohammed
TOR,"PF,C","PF,C",C,Chuck,Hayes,50,10.0,0.6,1.5,43.0%,0.0,0.0,0.0%,0.2,0.3,63.0%,1.48,0.9,1.9,2.8,0.5,0.4,1.25,0.40,0.15,1.3,0,0,500,32,75,43.0%,0,0,#DIV/0!,9,15,63.0%,74,45,95,140,25,20,20,8,65,,Chuck Hayes
PHO,PF,PF,PF,Shavlik,Randolph,30,6.0,0.5,1.0,48.0%,0.0,0.0,0.0%,0.4,0.7,56.0%,1.35,0.5,1.3,1.8,0.1,0.3,0.33,0.20,0.10,1.0,0,0,180,14,30,48.0%,0,0,#DIV/0!,12,21,56.0%,41,15,39,54,3,9,6,3,30,,Shavlik Randolph
,,,,,,,,,,,,,,,,,,,,,,,,,,,,,,,,,,,,,,,,,,,,,,,,,
,,,,,,,,,,,,,,,,,,,,,,,,,,,,,,,,,,,,,,,,,,,,,,,,,
,,,,,,,,,,,,,,,,,,,,,,,,,,,,,,,,,,,,,,,,,,,,,,,,,
,,,,,,,,,,,,,,,,,,,,,,,,,,,,,,,,,,,,,,,,,,,,,,,,,
,,,,,,,,,,,,,,,,,,,,,,,,,,,,,,,,,,,,,,,,,,,,,,,,,
,,,,,,,,,,,,,,,,,,,,,,,,,,,,,,,,,,,,,,,,,,,,,,,,,
,,,,,,,,,,,,,,,,,,,,,,,,,,,,,,,,,,,,,,,,,,,,,,,,,
,,,,,,,,,,,,,,,,,,,,,,,,,,,,,,,,,,,,,,,,,,,,,,,,,
,,,,,,,,,,,,,,,,,,,,,,,,,,,,,,,,,,,,,,,,,,,,,,,,,
,,,,,,,,,,,,,,,,,,,,,,,,,,,,,,,,,,,,,,,,,,,,,,,,,
,,,,,,,,,,,,,,,,,,,,,,,,,,,,,,,,,,,,,,,,,,,,,,,,,
,,,,,,,,,,,,,,,,,,,,,,,,,,,,,,,,,,,,,,,,,,,,,,,,,
,,,,,,,,,,,,,,,,,,,,,,,,,,,,,,,,,,,,,,,,,,,,,,,,,
,,,,,,,,,,,,,,,,,,,,,,,,,,,,,,,,,,,,,,,,,,,,,,,,,
,,,,,,,,,,,,,,,,,,,,,,,,,,,,,,,,,,,,,,,,,,,,,,,,,
,,,,,,,,,,,,,,,,,,,,,,,,,,,,,,,,,,,,,,,,,,,,,,,,,
,,,,,,,,,,,,,,,,,,,,,,,,,,,,,,,,,,,,,,,,,,,,,,,,,
,,,,,,,,,,,,,,,,,,,,,,,,,,,,,,,,,,,,,,,,,,,,,,,,,
,,,,,,,,,,,,,,,,,,,,,,,,,,,,,,,,,,,,,,,,,,,,,,,,,
,,,,,,,,,,,,,,,,,,,,,,,,,,,,,,,,,,,,,,,,,,,,,,,,,
,,,,,,,,,,,,,,,,,,,,,,,,,,,,,,,,,,,,,,,,,,,,,,,,,
,,,,,,,,,,,,,,,,,,,,,,,,,,,,,,,,,,,,,,,,,,,,,,,,,
,,,,,,,,,,,,,,,,,,,,,,,,,,,,,,,,,,,,,,,,,,,,,,,,,
,,,,,,,,,,,,,,,,,,,,,,,,,,,,,,,,,,,,,,,,,,,,,,,,,
,,,,,,,,,,,,,,,,,,,,,,,,,,,,,,,,,,,,,,,,,,,,,,,,,
,,,,,,,,,,,,,,,,,,,,,,,,,,,,,,,,,,,,,,,,,,,,,,,,,
,,,,,,,,,,,,,,,,,,,,,,,,,,,,,,,,,,,,,,,,,,,,,,,,,
,,,,,,,,,,,,,,,,,,,,,,,,,,,,,,,,,,,,,,,,,,,,,,,,,
,,,,,,,,,,,,,,,,,,,,,,,,,,,,,,,,,,,,,,,,,,,,,,,,,
,,,,,,,,,,,,,,,,,,,,,,,,,,,,,,,,,,,,,,,,,,,,,,,,,
,,,,,,,,,,,,,,,,,,,,,,,,,,,,,,,,,,,,,,,,,,,,,,,,,
,,,,,,,,,,,,,,,,,,,,,,,,,,,,,,,,,,,,,,,,,,,,,,,,,
,,,,,,,,,,,,,,,,,,,,,,,,,,,,,,,,,,,,,,,,,,,,,,,,,
,,,,,,,,,,,,,,,,,,,,,,,,,,,,,,,,,,,,,,,,,,,,,,,,,
,,,,,,,,,,,,,,,,,,,,,,,,,,,,,,,,,,,,,,,,,,,,,,,,,
,,,,,,,,,,,,,,,,,,,,,,,,,,,,,,,,,,,,,,,,,,,,,,,,,
,,,,,,,,,,,,,,,,,,,,,,,,,,,,,,,,,,,,,,,,,,,,,,,,,
,,,,,,,,,,,,,,,,,,,,,,,,,,,,,,,,,,,,,,,,,,,,,,,,,
,,,,,,,,,,,,,,,,,,,,,,,,,,,,,,,,,,,,,,,,,,,,,,,,,
,,,,,,,,,,,,,,,,,,,,,,,,,,,,,,,,,,,,,,,,,,,,,,,,,
,,,,,,,,,,,,,,,,,,,,,,,,,,,,,,,,,,,,,,,,,,,,,,,,,
,,,,,,,,,,,,,,,,,,,,,,,,,,,,,,,,,,,,,,,,,,,,,,,,,
,,,,,,,,,,,,,,,,,,,,,,,,,,,,,,,,,,,,,,,,,,,,,,,,,
,,,,,,,,,,,,,,,,,,,,,,,,,,,,,,,,,,,,,,,,,,,,,,,,,
,,,,,,,,,,,,,,,,,,,,,,,,,,,,,,,,,,,,,,,,,,,,,,,,,
,,,,,,,,,,,,,,,,,,,,,,,,,,,,,,,,,,,,,,,,,,,,,,,,,
,,,,,,,,,,,,,,,,,,,,,,,,,,,,,,,,,,,,,,,,,,,,,,,,,
,,,,,,,,,,,,,,,,,,,,,,,,,,,,,,,,,,,,,,,,,,,,,,,,,
,,,,,,,,,,,,,,,,,,,,,,,,,,,,,,,,,,,,,,,,,,,,,,,,,
,,,,,,,,,,,,,,,,,,,,,,,,,,,,,,,,,,,,,,,,,,,,,,,,,
,,,,,,,,,,,,,,,,,,,,,,,,,,,,,,,,,,,,,,,,,,,,,,,,,
,,,,,,,,,,,,,,,,,,,,,,,,,,,,,,,,,,,,,,,,,,,,,,,,,
,,,,,,,,,,,,,,,,,,,,,,,,,,,,,,,,,,,,,,,,,,,,,,,,,
,,,,,,,,,,,,,,,,,,,,,,,,,,,,,,,,,,,,,,,,,,,,,,,,,
,,,,,,,,,,,,,,,,,,,,,,,,,,,,,,,,,,,,,,,,,,,,,,,,,
,,,,,,,,,,,,,,,,,,,,,,,,,,,,,,,,,,,,,,,,,,,,,,,,,
,,,,,,,,,,,,,,,,,,,,,,,,,,,,,,,,,,,,,,,,,,,,,,,,,
,,,,,,,,,,,,,,,,,,,,,,,,,,,,,,,,,,,,,,,,,,,,,,,,,
,,,,,,,,,,,,,,,,,,,,,,,,,,,,,,,,,,,,,,,,,,,,,,,,,
,,,,,,,,,,,,,,,,,,,,,,,,,,,,,,,,,,,,,,,,,,,,,,,,,
,,,,,,,,,,,,,,,,,,,,,,,,,,,,,,,,,,,,,,,,,,,,,,,,,
,,,,,,,,,,,,,,,,,,,,,,,,,,,,,,,,,,,,,,,,,,,,,,,,,
,,,,,,,,,,,,,,,,,,,,,,,,,,,,,,,,,,,,,,,,,,,,,,,,,
,,,,,,,,,,,,,,,,,,,,,,,,,,,,,,,,,,,,,,,,,,,,,,,,,
,,,,,,,,,,,,,,,,,,,,,,,,,,,,,,,,,,,,,,,,,,,,,,,,,
,,,,,,,,,,,,,,,,,,,,,,,,,,,,,,,,,,,,,,,,,,,,,,,,,
,,,,,,,,,,,,,,,,,,,,,,,,,,,,,,,,,,,,,,,,,,,,,,,,,
,,,,,,,,,,,,,,,,,,,,,,,,,,,,,,,,,,,,,,,,,,,,,,,,,
,,,,,,,,,,,,,,,,,,,,,,,,,,,,,,,,,,,,,,,,,,,,,,,,,
,,,,,,,,,,,,,,,,,,,,,,,,,,,,,,,,,,,,,,,,,,,,,,,,,
,,,,,,,,,,,,,,,,,,,,,,,,,,,,,,,,,,,,,,,,,,,,,,,,,
,,,,,,,,,,,,,,,,,,,,,,,,,,,,,,,,,,,,,,,,,,,,,,,,,
,,,,,,,,,,,,,,,,,,,,,,,,,,,,,,,,,,,,,,,,,,,,,,,,,
,,,,,,,,,,,,,,,,,,,,,,,,,,,,,,,,,,,,,,,,,,,,,,,,,
,,,,,,,,,,,,,,,,,,,,,,,,,,,,,,,,,,,,,,,,,,,,,,,,,
,,,,,,,,,,,,,,,,,,,,,,,,,,,,,,,,,,,,,,,,,,,,,,,,,
,,,,,,,,,,,,,,,,,,,,,,,,,,,,,,,,,,,,,,,,,,,,,,,,,
,,,,,,,,,,,,,,,,,,,,,,,,,,,,,,,,,,,,,,,,,,,,,,,,,
,,,,,,,,,,,,,,,,,,,,,,,,,,,,,,,,,,,,,,,,,,,,,,,,,
,,,,,,,,,,,,,,,,,,,,,,,,,,,,,,,,,,,,,,,,,,,,,,,,,
,,,,,,,,,,,,,,,,,,,,,,,,,,,,,,,,,,,,,,,,,,,,,,,,,
,,,,,,,,,,,,,,,,,,,,,,,,,,,,,,,,,,,,,,,,,,,,,,,,,
,,,,,,,,,,,,,,,,,,,,,,,,,,,,,,,,,,,,,,,,,,,,,,,,,
,,,,,,,,,,,,,,,,,,,,,,,,,,,,,,,,,,,,,,,,,,,,,,,,,
,,,,,,,,,,,,,,,,,,,,,,,,,,,,,,,,,,,,,,,,,,,,,,,,,
,,,,,,,,,,,,,,,,,,,,,,,,,,,,,,,,,,,,,,,,,,,,,,,,,
,,,,,,,,,,,,,,,,,,,,,,,,,,,,,,,,,,,,,,,,,,,,,,,,,
,,,,,,,,,,,,,,,,,,,,,,,,,,,,,,,,,,,,,,,,,,,,,,,,,
,,,,,,,,,,,,,,,,,,,,,,,,,,,,,,,,,,,,,,,,,,,,,,,,,
,,,,,,,,,,,,,,,,,,,,,,,,,,,,,,,,,,,,,,,,,,,,,,,,,
,,,,,,,,,,,,,,,,,,,,,,,,,,,,,,,,,,,,,,,,,,,,,,,,,
