1,Kevin Durant,SF,SF,SF,$89,,48.63,7.65,5.54,5.04,6.76,5.63,5.58,5.37,7.07,7.24,6.42,7.33,7.16,6.74,5.88,7.29,6.89,3.90,6.45,3.92,6.39,6.18,6.07,5.21,5.67,3.87
2,LeBron James,SF/PF,SF,SF,$81,,47.63,7.33,5.62,6.21,5.30,6.72,5.09,6.39,4.96,6.59,5.81,7.39,6.87,5.17,6.33,6.96,7.12,4.86,6.03,3.22,7.14,6.88,6.38,5.76,6.72,5.69
3,Chris Paul,PG,PG,PG,$74,,46.76,5.99,3.92,7.51,5.85,8.30,3.94,4.99,6.28,5.19,5.85,5.84,5.83,5.85,5.43,5.80,5.52,4.05,3.90,4.41,5.40,5.34,5.32,5.77,4.62,8.20
4,Russell Westbrook,PG,PG,PG,$55,,44.38,7.01,4.39,5.97,5.50,6.61,4.27,4.47,6.14,6.94,5.88,7.08,7.21,5.64,4.01,6.52,6.33,4.86,4.16,4.30,6.75,6.94,4.51,4.40,5.67,5.20
5,Deron Williams,PG,PG,PG,$52,,43.98,5.90,3.98,7.78,6.22,5.39,4.17,4.58,5.95,7.09,6.02,5.51,5.63,6.31,4.73,6.06,5.89,3.76,4.16,5.07,4.90,4.83,5.29,6.32,5.68,7.39
6,Kyrie Irving,PG,PG,PG,$47,SUPER/ ROTO,43.38,5.89,4.11,6.37,6.26,5.70,4.33,4.41,6.32,6.76,5.54,5.80,5.97,6.15,6.46,5.37,5.05,4.22,4.10,4.54,5.16,5.29,4.47,4.41,4.63,5.79
7,Dwyane Wade,PG/SG,SG,SG,$44,B-CARE,42.91,6.06,4.44,5.38,4.42,6.33,5.73,5.56,4.99,5.69,4.84,6.27,6.05,4.50,3.96,5.90,5.97,4.73,4.30,4.23,6.49,6.44,5.44,4.14,4.66,5.11
8,Josh Smith,SF/PF,PF,SF/PF,$43,H2H,42.76,5.78,6.21,5.16,4.35,5.84,6.59,5.28,3.55,5.75,5.62,6.29,6.17,4.44,3.85,4.99,5.38,5.59,6.49,5.41,6.54,6.60,5.02,5.80,5.67,4.80
9,Dwight Howard,C,C,C,$42,H2H,42.67,5.95,7.53,4.36,4.00,5.50,7.64,8.09,-0.39,6.05,5.85,6.01,4.99,3.95,5.02,6.32,7.97,6.95,7.73,6.28,6.44,5.66,8.43,8.19,4.61,3.61
10,Kevin Love,PF/C,PF,PF/C,$41,,42.61,6.45,6.95,4.41,6.17,4.27,4.42,4.04,5.89,4.74,5.26,6.00,6.29,6.19,5.40,6.74,6.63,6.86,6.89,4.65,5.39,5.61,4.16,7.98,4.61,4.37
11,Kobe Bryant,SG,SG,SG,$41,ROTO/ B-CARE,42.59,6.87,4.59,5.23,5.89,5.49,4.04,4.31,6.18,6.02,5.74,6.81,7.01,6.11,3.53,6.43,6.22,4.46,4.69,3.90,6.30,6.42,4.75,3.93,4.65,4.76
12,Carmelo Anthony,SF/PF,SF,SF,$41,,42.50,6.94,5.12,4.99,5.72,5.38,4.45,4.01,5.89,6.00,5.81,6.87,7.16,5.95,3.40,6.62,6.50,5.15,5.09,5.28,6.44,6.69,4.22,4.53,5.67,4.45
13,DeMarcus Cousins,PF/C,C,PF/C,$41,SUPER,42.49,5.94,6.87,4.52,4.00,6.29,5.87,4.73,4.27,6.35,5.18,6.20,6.26,4.00,4.52,5.90,6.17,7.53,6.38,7.15,6.62,6.97,3.85,6.75,4.61,3.66
14,Al Jefferson,PF/C,C,PF/C,$40,,42.42,5.76,6.13,4.60,4.00,4.49,6.76,5.67,5.02,3.64,5.18,6.57,6.31,3.95,5.02,4.51,4.47,5.39,6.49,5.06,6.98,7.07,4.96,6.07,4.61,5.25
15,LaMarcus Aldridge,PF/C,PF,PF/C,$38,ROTO,42.17,6.15,5.91,4.68,4.12,4.71,5.31,5.92,5.37,4.54,5.85,6.66,6.31,4.15,4.33,5.49,5.43,6.07,5.77,5.41,7.00,6.94,5.55,5.25,4.61,4.84
16,Serge Ibaka,PF/C,PF,PF/C,$37,H2H,42.07,4.11,5.84,3.88,4.33,3.81,9.48,6.07,4.55,3.79,4.51,4.35,4.02,4.44,3.59,3.98,4.02,6.75,5.26,5.41,4.70,4.32,6.56,5.25,5.67,4.18
17,Greg Monroe,C,C,C,$37,,42.07,5.36,6.50,4.68,4.00,5.84,4.99,6.25,4.45,5.75,5.40,5.74,5.32,3.95,5.02,5.06,5.21,7.24,5.99,5.06,6.18,6.00,5.91,6.34,4.61,4.18
18,James Harden,SG/SF,SG,SG,$37,ROTO/ B-CARE,42.02,5.44,4.17,5.26,6.49,5.19,4.28,4.98,6.21,5.33,5.07,4.69,4.70,6.44,6.09,6.24,6.01,3.99,4.33,4.80,3.99,3.76,5.82,3.86,4.64,5.17
19,Ty Lawson,PG,PG,PG/SG,$36,,41.97,5.19,4.00,6.18,5.91,5.88,3.94,5.22,5.65,5.66,5.45,5.11,5.03,5.87,5.87,4.87,4.69,4.15,3.97,3.04,4.67,4.48,5.71,4.95,4.62,6.18
20,Andrew Bynum,C,C,C,$36,B-CARE,41.87,5.58,6.80,4.33,4.01,3.60,6.92,6.74,3.89,5.83,5.10,5.91,5.33,3.96,5.01,5.37,5.69,6.32,6.98,3.72,6.34,6.01,6.57,6.93,4.61,3.69
21,Paul Millsap,PF,PF,PF,$35,,41.84,4.93,5.76,4.60,4.19,6.74,5.15,5.27,5.20,4.24,4.96,5.14,5.05,4.24,4.07,4.92,4.87,5.97,5.60,6.63,5.52,5.54,5.03,4.98,4.61,4.90
22,Pau Gasol,PF/C,PF,PF/C,$34,,41.69,5.09,6.18,5.22,4.16,4.03,5.94,6.00,5.07,5.12,5.79,5.44,5.11,4.15,4.75,4.77,4.74,6.05,6.19,4.02,5.82,5.66,5.80,6.49,5.67,5.23
23,Brandon Jennings,PG,PG,PG,$34,H2H,41.69,5.90,3.84,5.93,6.58,6.30,4.26,3.42,5.46,5.34,5.63,5.97,6.47,6.82,3.76,4.87,4.74,4.05,3.79,4.93,5.17,5.40,4.07,4.07,4.62,6.04
24,Goran Dragic,PG,PG,PG,$34,CYC,41.68,5.10,3.87,6.66,6.05,6.16,4.02,4.47,5.36,6.79,5.59,4.86,5.03,6.12,4.90,5.04,4.95,4.42,3.62,6.08,4.36,4.31,5.09,5.09,4.62,6.14
25,Rajon Rondo,PG,PG,PG,$34,H2H,41.68,4.51,4.41,8.33,4.75,7.48,3.94,4.67,3.60,7.09,5.80,4.69,4.80,4.79,4.51,4.26,4.57,4.52,4.38,3.88,4.82,4.92,4.56,5.98,9.91,8.07
26,Stephen Curry,PG,PG,PG/SG,$34,BBB,41.67,4.86,3.77,5.88,6.53,5.89,4.13,4.87,5.74,5.86,4.52,4.83,4.88,6.20,8.53,4.09,3.84,3.80,3.82,4.71,4.11,4.10,4.88,4.54,4.62,5.67
27,Marc Gasol,C,C,C,$34,,41.62,4.72,6.08,4.93,4.00,4.96,6.78,5.45,4.71,5.02,5.90,4.77,4.63,3.95,5.02,5.14,5.23,5.60,6.30,6.13,5.26,5.28,4.97,5.58,4.61,4.90
28,Al Horford,PF/C,C,PF/C,$33,BBB,41.58,4.85,6.20,4.80,4.04,4.46,5.69,6.50,5.04,4.20,5.47,5.36,4.87,4.00,4.86,4.28,4.21,5.92,6.29,5.03,5.81,5.50,6.39,6.09,4.61,5.20
29,Anthony Davis,PF,PF,PF,$32,H2H,41.39,4.22,6.59,4.19,4.06,5.13,7.49,5.21,4.51,5.09,4.87,4.21,4.16,4.05,4.68,4.77,4.88,6.51,6.54,6.06,4.69,4.71,4.86,5.81,4.61,3.89
30,Andre Iguodala,SG/SF,SF,SG/SF,$30,,41.19,4.98,4.78,5.58,5.60,6.68,4.86,4.71,4.00,4.55,5.46,4.91,5.01,5.68,4.59,4.80,5.04,4.29,5.07,3.41,4.63,4.57,5.18,4.67,6.72,6.04
31,Monta Ellis,PG/SG,SG,PG/SG,$30,,41.16,5.76,3.95,6.15,5.18,6.51,4.27,4.08,5.25,5.90,5.80,5.96,6.25,5.26,4.38,5.19,5.14,3.70,4.15,4.60,5.83,6.16,3.83,4.20,4.65,6.01
32,Rudy Gay,SF/PF,SF,SF,$30,ROTO,41.13,5.51,4.88,4.51,5.26,6.24,5.08,4.42,5.23,5.37,5.97,5.73,5.90,5.31,4.67,4.88,4.81,5.04,4.80,4.58,5.57,5.76,4.33,4.19,4.61,4.16
33,Blake Griffin,PF/C,PF,PF,$29,H2H,41.05,6.19,6.73,4.97,4.00,4.80,5.23,7.20,1.93,5.09,5.73,6.70,5.93,4.05,4.05,5.59,6.48,6.51,6.76,6.23,7.09,6.60,7.32,7.18,4.61,4.92
34,Nicolas Batum,SG/SF,SF,SG/SF,$29,SUPER/ ROTO,40.98,4.98,4.52,4.43,6.52,5.14,5.39,4.40,5.60,4.20,5.32,4.79,4.99,6.50,5.81,4.55,4.37,4.85,4.36,4.24,4.08,4.03,5.05,3.92,4.61,4.70
35,Chris Bosh,PF/C,PF,PF/C,$28,ROTO,40.90,5.43,5.89,4.35,4.17,4.70,5.31,5.43,5.62,4.82,5.57,5.61,5.46,4.15,4.80,5.48,5.35,5.29,6.19,4.36,5.98,6.03,4.96,4.98,4.61,4.25
36,Paul George,SG/SF,SG,SG/SF,$27,SUPER,40.77,4.56,4.90,4.66,5.94,6.51,4.75,4.15,5.31,4.86,4.92,4.28,4.56,5.94,5.44,4.69,4.59,4.37,5.20,5.98,3.86,3.94,4.50,4.14,4.65,4.63
37,Kyle Lowry,PG,PG,PG,$25,B-CARE,40.56,4.80,4.12,6.07,6.28,5.72,4.17,3.79,5.59,5.77,4.94,4.37,4.77,6.31,5.26,5.05,4.90,4.14,4.16,4.90,3.79,3.92,4.26,4.62,4.62,5.98
38,Jrue Holiday,PG,PG,PG,$25,,40.55,4.75,4.00,6.26,5.58,6.44,4.34,4.00,5.19,5.81,5.90,4.95,5.27,5.57,5.38,4.02,3.90,4.35,3.85,4.43,4.67,4.92,3.90,4.27,4.62,6.20
39,Mike Conley,PG,PG,PG,$25,B-CARE,40.48,4.43,3.59,6.25,5.48,7.19,4.02,4.12,5.40,4.90,5.63,4.44,4.73,5.47,5.36,4.18,4.02,3.76,3.57,4.24,4.23,4.41,4.12,4.34,4.62,6.72
40,David Lee,PF/C,PF,PF,$25,ROTO,40.47,5.21,6.33,4.75,4.06,4.70,4.44,5.91,5.08,4.97,5.35,5.59,5.28,4.05,4.70,4.88,4.85,6.44,6.19,5.39,6.01,5.91,5.60,6.21,4.61,4.69
41,Brook Lopez,C,C,C,$25,BBB/ ROTO,40.46,5.51,5.38,4.43,4.00,3.81,6.42,5.81,5.10,4.82,5.57,5.68,5.40,3.95,5.01,5.66,5.68,5.86,5.08,5.39,6.12,6.09,5.31,4.71,4.61,4.35
42,Paul Pierce,SF,SF,SF,$23,ROTO/ B-CARE,40.31,5.35,4.45,5.06,5.97,4.92,4.37,4.24,5.94,5.22,4.68,5.00,5.24,6.03,4.98,5.56,5.36,3.81,4.85,4.74,4.54,4.60,4.64,3.99,4.61,4.96
43,Joakim Noah,PF/C,C,C,$23,,40.30,4.05,6.59,4.72,4.01,4.45,6.36,5.44,4.69,4.47,4.99,4.02,3.90,3.96,5.01,4.68,4.74,7.19,6.16,5.35,4.54,4.50,5.09,5.83,5.67,4.93
44,Roy Hibbert,C,C,C,$23,,40.29,4.61,6.16,4.44,4.00,3.93,7.18,5.56,4.41,5.17,5.00,4.81,4.63,3.95,5.02,4.75,4.88,6.78,5.73,5.95,5.30,5.28,5.11,5.65,4.61,4.18
45,Danny Granger,SF/PF,SF,SF,$23,H2H,40.27,5.43,4.58,4.35,6.49,5.02,4.68,3.52,6.19,4.47,4.85,5.11,5.58,6.48,5.80,5.29,5.01,4.47,4.67,4.72,4.39,4.67,3.69,3.72,4.61,4.44
46,Marcin Gortat,C,C,C,$22,B-CARE,40.11,4.93,6.50,4.12,4.00,4.04,6.27,6.29,3.96,4.24,5.40,5.33,4.90,3.95,5.02,4.62,4.87,6.27,6.55,4.54,5.79,5.57,6.04,6.21,4.61,4.25
47,Ryan Anderson,PF/C,PF,PF,$22,H2H,40.09,4.90,5.85,4.27,6.72,4.59,4.59,3.42,5.74,4.38,5.13,4.65,5.17,6.85,4.72,4.51,4.29,6.82,5.25,5.39,3.84,4.00,4.15,5.46,4.61,4.39
48,Damian Lillard,PG,PG,PG,$21,H2H,40.04,5.06,3.84,6.31,6.28,5.17,3.94,3.43,6.03,7.23,4.94,4.48,5.00,6.31,5.26,5.62,5.39,3.76,3.95,4.56,3.90,4.16,3.70,4.96,4.62,5.46
49,Kevin Garnett,PF/C,PF,PF/C,$21,ROTO/ B-CARE,40.01,4.70,5.71,4.61,4.13,4.57,5.38,5.38,5.55,4.35,4.40,5.09,4.96,4.05,5.34,4.35,4.16,4.43,6.40,4.53,5.50,5.56,4.82,6.23,4.61,4.86
50,Danilo Gallinari,SF,SF,SF/PF,$21,,39.94,4.93,4.41,4.56,6.31,5.07,4.74,3.74,6.17,4.14,4.93,4.30,4.72,6.41,4.76,5.56,5.30,4.01,4.68,3.85,3.71,3.80,4.39,3.99,4.61,4.91
51,Tony Parker,PG,PG,PG,$21,,39.93,5.51,3.77,6.56,4.41,5.07,3.94,5.38,5.28,5.64,4.97,5.77,5.63,4.50,3.88,5.24,5.19,3.76,3.84,2.87,6.01,5.98,5.29,4.82,4.62,6.69
52,Dirk Nowitzki,PF,PF,PF,$20,ROTO,39.91,5.43,4.98,4.43,5.52,3.66,4.77,4.62,6.50,4.05,4.20,5.21,5.33,5.48,5.66,5.60,5.25,4.12,5.47,3.85,4.95,5.04,4.62,4.43,4.61,4.79
53,Klay Thompson,SG/SF,SG,SG,$20,R-START/ ROTO,39.86,5.24,3.88,4.77,6.93,4.95,4.27,4.06,5.76,5.16,5.36,5.25,5.55,6.71,7.67,4.17,3.92,3.80,3.99,5.63,4.32,4.49,4.14,3.79,4.65,4.62
54,Steve Nash,PG,PG,PG,$20,,39.85,4.18,3.47,6.98,5.94,4.19,3.86,5.43,5.79,6.32,4.47,4.05,3.94,5.68,7.75,3.97,3.69,3.57,3.51,2.53,3.65,3.43,5.69,5.10,4.63,6.82
55,Marcus Thornton,SG,SG,SG,$20,ROTO,39.81,5.48,4.02,4.38,6.69,5.60,4.11,3.86,5.68,3.96,5.09,5.50,5.86,6.87,4.22,4.51,4.30,4.84,3.60,4.24,4.67,4.72,4.75,3.73,4.65,4.76
56,Kenneth Faried,PF,PF,PF,$19,R-START,39.69,4.37,6.28,4.08,4.00,4.94,5.71,6.57,3.74,4.24,4.51,4.44,3.96,3.95,5.02,4.78,5.09,7.14,5.71,6.28,4.95,4.57,6.59,6.07,4.61,4.20
57,Joe Johnson,SG/SF,SG,SG/SF,$19,B-CARE,39.69,5.42,4.02,5.01,6.63,4.51,4.11,4.45,5.53,4.86,5.36,5.44,5.61,6.52,6.67,4.48,4.31,4.18,3.99,3.23,4.64,4.68,4.79,3.72,4.65,5.10
58,Tyson Chandler,C,C,C,$18,H2H,39.61,3.76,6.25,3.96,4.01,4.55,6.13,6.93,4.01,3.90,4.99,3.57,3.01,3.96,5.01,4.76,5.01,6.64,5.94,6.01,4.11,3.55,7.28,5.42,4.61,4.23
59,John Wall,PG,PG,PG,$18,SUPER/ H2H,39.59,4.63,4.04,6.54,4.26,5.76,5.00,4.00,5.36,6.73,4.66,4.45,4.78,4.34,3.84,5.44,5.38,3.95,4.15,3.38,4.83,5.18,3.49,5.23,5.68,6.03
60,Eric Gordon,SG,SG,SG,$17,BBB,39.51,5.72,3.68,5.22,6.30,5.31,4.22,3.90,5.15,5.61,4.96,5.29,5.64,6.44,4.43,5.91,5.94,3.83,3.66,3.99,4.66,4.77,4.50,4.06,4.64,4.96
61,Nikola Pekovic,C,C,C,$16,CYC/ ROTO,39.37,4.98,5.84,3.96,4.00,4.04,5.31,6.62,4.63,4.54,4.73,5.13,4.61,3.95,5.02,5.20,5.32,7.24,4.98,4.37,5.60,5.26,6.53,5.52,4.61,3.87
62,Luol Deng,SF,SF,SF,$16,B-CARE,39.35,5.03,4.99,4.80,6.03,4.90,4.91,3.68,5.02,4.59,5.86,5.07,5.49,6.09,4.98,4.39,4.34,4.74,5.14,3.54,4.57,4.83,3.86,4.74,4.61,4.97
63,Ersan Ilyasova,PF,PF,SF/PF,$16,B-CARE,39.34,4.56,5.89,4.19,5.35,4.48,4.83,4.96,5.07,3.93,4.47,4.48,4.50,5.26,6.09,4.56,4.51,6.34,5.58,4.88,4.33,4.30,5.01,5.67,4.61,4.53
64,Manu Ginobili,SG/SF,SG,SG,$16,,39.33,4.35,3.82,5.24,5.80,5.35,4.23,4.45,6.09,4.56,3.03,3.85,4.04,5.85,4.99,5.03,4.76,3.83,3.88,3.56,3.52,3.44,5.06,3.79,4.63,5.58
65,Mo Williams,PG/SG,PG,PG/SG,$15,,39.27,4.73,3.54,6.12,6.32,4.93,3.94,3.85,5.83,5.44,5.08,4.59,4.97,6.28,6.01,4.33,4.08,3.66,3.55,4.68,3.98,4.15,4.09,3.94,4.63,6.23
66,Zach Randolph,PF/C,PF,PF,$15,BBB/ ROTO,39.27,5.16,6.47,4.47,4.15,4.59,4.28,5.29,4.85,4.53,5.13,5.51,5.40,4.19,4.17,4.87,4.90,7.01,6.08,4.36,5.89,5.94,4.94,6.83,4.61,4.57
67,Raymond Felton,PG/SG,PG,PG,$15,BBB,39.18,4.32,3.77,6.48,5.50,6.08,4.02,3.73,5.29,6.09,5.19,4.22,4.64,5.71,3.39,4.31,4.18,3.86,3.79,4.24,4.02,4.17,4.20,4.27,4.62,6.32
68,Amare Stoudemire,PF/C,PF,PF/C,$15,BBB/ ROTO,39.17,5.31,5.23,4.13,4.10,4.29,5.43,5.65,5.04,5.32,4.36,5.42,5.20,4.08,4.75,5.54,5.58,5.52,5.05,5.16,5.83,5.80,5.27,5.65,4.61,3.70
69,Gerald Wallace,SF/PF,SF,SF/PF,$14,,39.08,4.33,5.04,4.49,4.90,5.93,4.60,4.77,5.01,3.87,5.39,4.30,4.39,4.97,4.30,4.47,4.43,4.82,5.17,4.51,4.38,4.36,4.95,4.13,4.61,4.97
70,Jeff Teague,PG,PG,PG,$14,B-CARE,39.08,4.23,3.62,5.61,5.02,6.16,4.64,4.78,5.02,5.18,4.72,4.23,4.31,5.08,4.49,4.25,4.18,3.76,3.62,4.39,4.25,4.22,5.02,3.93,4.62,5.71
71,Carlos Boozer,PF/C,PF,PF,$13,,39.04,5.09,5.94,4.50,4.00,5.02,4.37,5.82,4.30,5.09,4.44,5.76,5.48,3.95,5.01,4.16,4.28,5.28,6.27,4.87,6.20,6.17,5.31,5.81,4.61,4.30
72,Kevin Martin,SG,SG,SG,$13,ROTO/ B-CARE,39.00,5.42,3.73,4.53,6.57,4.61,3.88,3.75,6.51,4.40,4.66,4.85,5.26,6.73,4.38,5.79,5.45,3.80,3.77,3.56,4.11,4.17,4.59,3.73,4.65,4.72
73,Jeremy Lin,PG,PG,PG,$13,SUPER,38.98,4.56,3.74,6.01,5.38,6.36,4.09,3.55,5.29,6.65,4.39,4.18,4.66,5.61,3.17,5.18,5.12,3.84,3.75,4.46,4.04,4.25,3.94,4.56,4.63,5.41
74,Kawhi Leonard,SG/SF,SF,SG/SF,$13,R-START/ H2H,38.92,3.77,4.82,4.20,5.47,5.94,4.53,4.97,5.22,3.62,4.05,3.58,3.62,5.46,5.34,3.96,3.83,5.15,4.65,3.05,3.42,3.24,5.52,4.33,4.61,4.72
75,Darren Collison,PG,PG,PG,$13,,38.92,4.22,3.77,6.29,5.48,5.07,4.02,4.41,5.65,5.49,4.97,4.06,4.26,5.47,5.36,4.34,4.13,3.86,3.79,3.55,3.87,3.92,4.61,4.27,4.62,6.41
76,Wesley Matthews,SG/SF,SG,SG/SF,$12,,38.91,4.62,3.88,4.58,6.33,5.75,4.03,4.10,5.61,3.82,5.41,4.46,4.76,6.34,5.52,4.24,4.03,3.99,3.88,4.62,3.85,3.88,4.65,3.72,4.64,5.12
77,Tyreke Evans,SG/SF,SF,SG/SF,$12,,38.87,4.97,4.24,5.15,4.36,5.72,4.69,4.73,5.02,5.40,5.15,5.40,5.48,4.60,2.45,4.38,4.33,4.28,4.26,4.25,5.69,5.77,4.79,4.12,4.61,4.98
78,Tim Duncan,PF/C,PF,PF/C,$12,B-CARE,38.83,4.69,5.92,4.50,4.01,4.03,6.23,5.37,4.10,4.06,3.97,4.94,4.82,3.96,5.01,4.71,4.92,5.27,6.24,3.53,5.41,5.47,4.82,5.55,4.61,4.87
79,M Kidd-Gilchrist,SF,SF,SF,$11,ROTO,38.75,4.17,5.28,4.52,4.54,6.30,4.78,4.33,4.83,5.73,4.97,3.96,4.19,4.69,3.33,4.92,4.97,5.74,5.00,6.01,4.23,4.33,4.40,4.53,4.61,3.99
80,Rodney Stuckey,PG/SG,SG,PG/SG,$11,,38.74,5.25,3.95,5.31,5.24,5.16,3.96,3.77,6.10,5.28,5.31,4.77,5.17,5.44,3.26,6.16,5.95,4.27,3.82,4.92,4.67,4.90,3.99,3.93,4.65,5.26
81,OJ Mayo,SG,SG,SG,$11,R-START/ ROTO,38.68,4.92,4.02,4.85,6.47,5.29,4.35,3.55,5.24,5.45,5.14,4.79,5.26,6.52,5.26,4.41,4.31,3.99,4.10,4.43,4.09,4.31,3.94,3.79,4.65,4.56
82,Kris Humphries,PF,PF,PF,$10,,38.61,4.02,6.47,4.04,4.00,4.26,5.62,5.69,4.51,4.08,4.69,4.12,3.92,3.95,5.01,4.38,4.46,6.92,6.13,5.39,4.63,4.52,5.43,5.26,4.61,4.23
83,Andrei Kirilenko,SF/PF,SF,SF/PF,$9,ROTO,38.50,3.89,4.45,4.67,4.77,5.58,5.39,4.89,4.87,3.76,4.03,3.66,3.73,4.79,4.70,4.53,4.53,4.76,4.31,3.56,3.84,3.78,5.04,3.85,4.61,5.27
84,Isaiah Thomas,PG,PG,PG,$9,,38.47,4.43,3.70,5.93,5.90,4.74,3.86,4.21,5.70,5.05,4.53,4.08,4.35,5.85,5.86,4.72,4.52,4.05,3.57,4.24,3.69,3.76,4.47,4.13,4.62,6.21
85,Chris Kaman,PF/C,C,C,$9,B-CARE,38.47,4.51,5.62,4.30,4.01,3.70,6.29,5.15,4.90,5.33,4.36,5.01,4.96,3.96,5.01,3.99,3.94,5.45,5.68,4.85,5.48,5.62,4.51,5.42,4.61,3.91
86,Gordon Hayward,SG/SF,SF,SG/SF,$8,ROTO,38.32,4.39,4.10,4.96,5.20,4.50,4.78,4.72,5.67,4.53,4.97,4.08,4.19,5.23,4.87,4.97,4.80,4.38,3.99,3.40,4.03,3.99,4.99,3.92,4.61,5.22
87,Arron Afflalo,SG,SG,SG,$8,CYC/ ROTO,38.31,5.03,4.02,4.92,5.99,4.28,4.42,4.15,5.50,4.83,5.26,4.67,4.95,6.00,5.44,5.27,5.16,4.08,4.03,4.56,4.21,4.31,4.46,3.80,4.66,4.99
88,Andrea Bargnani,PF/C,PF,PF/C,$8,ROTO,38.31,5.49,4.64,4.34,5.44,3.81,4.99,4.06,5.55,5.02,5.15,5.48,5.78,5.51,4.61,5.26,5.14,4.35,4.82,4.52,5.25,5.50,4.01,3.99,4.61,4.12
89,Thaddeus Young,SF/PF,SF,SF/PF,$8,R-START/ ROTO,38.28,4.45,4.82,4.20,4.13,5.05,4.85,5.82,4.95,3.32,4.49,4.87,4.61,4.11,4.72,4.05,3.99,6.01,4.15,4.25,5.29,5.15,5.63,4.26,4.61,4.89
90,Byron Mullens,PF/C,PF,PF/C,$7,R-START,38.22,4.64,5.22,4.11,6.62,3.37,5.38,3.76,5.10,4.51,4.44,4.56,4.96,6.71,4.98,3.94,3.84,5.19,5.23,5.04,3.80,3.86,4.52,4.38,4.61,4.10
91,Derrick Favors,PF/C,PF,PF/C,$7,R-START/ H2H,38.19,4.08,5.76,4.04,4.00,4.38,6.35,5.78,3.79,4.54,4.07,4.16,3.93,3.95,5.02,4.48,4.75,6.36,5.37,5.41,4.68,4.54,5.55,5.11,4.61,3.98
92,Greivis Vasquez,PG/SG,PG,PG,$7,CYC,38.18,4.12,3.77,6.48,5.08,5.30,3.86,4.01,5.56,6.38,4.97,4.05,4.38,5.18,4.15,4.27,4.07,3.86,3.79,4.76,4.05,4.23,4.10,4.54,4.62,6.15
93,JR Smith,SG/SF,SG,SG/SF,$7,H2H,38.17,4.44,4.10,4.58,6.64,6.06,4.19,3.39,4.78,3.97,4.04,4.38,4.91,6.80,4.36,3.68,3.64,4.18,4.10,4.95,3.63,3.75,4.23,3.79,4.65,5.03
94,David West,PF,PF,PF,$6,ROTO,38.14,4.41,5.31,4.51,4.04,4.48,4.99,5.03,5.38,3.93,4.91,4.71,4.70,4.00,4.87,4.32,4.18,5.48,5.19,4.88,5.18,5.32,4.45,4.71,4.61,4.96
95,Lou Williams,PG/SG,SG,PG/SG,$6,CYC/ H2H,38.08,5.20,3.88,5.09,5.97,4.84,4.19,3.21,5.69,4.41,4.48,4.76,5.35,6.08,4.50,5.61,5.48,3.99,3.88,3.57,4.31,4.68,3.35,3.79,4.65,5.46
96,JaVale McGee,C,C,C,$6,R-START/ H2H,38.02,4.15,5.32,3.80,4.00,3.81,7.08,6.60,3.26,3.64,3.40,4.52,4.02,3.95,5.02,3.94,4.30,5.59,5.15,5.76,5.02,4.63,6.63,4.98,4.61,4.15
97,Nene Hilario,PF/C,C,PF/C,$5,B-CARE,37.98,4.27,5.07,4.20,4.00,4.96,5.13,6.42,3.93,4.21,3.69,4.44,4.01,3.95,5.02,4.46,4.69,4.90,5.16,4.49,4.95,4.62,6.39,4.84,4.61,4.38
98,Anderson Varejao,PF/C,C,PF/C,$5,H2H,37.91,3.55,6.11,4.26,4.01,4.87,5.22,5.59,4.30,4.19,4.57,3.69,3.54,3.96,5.01,3.85,3.94,6.28,5.94,5.35,4.23,4.11,5.36,4.87,4.61,4.48
99,George Hill,PG/SG,PG,PG/SG,$5,B-CARE,37.90,4.27,3.90,5.37,5.69,5.05,4.33,4.15,5.15,4.44,4.90,3.96,4.25,5.73,5.00,4.58,4.51,4.13,3.83,4.20,3.68,3.73,4.52,4.14,4.63,5.82
100,Elton Brand,PF/C,PF,PF,$4,,37.88,3.82,5.22,4.27,4.00,4.58,5.85,5.28,4.85,3.92,4.00,4.06,3.99,3.95,5.01,3.89,3.84,5.66,4.96,5.38,4.58,4.59,4.86,4.99,4.61,4.64
101,Brandon Knight,PG/SG,PG,PG/SG,$4,R-START/ H2H,37.83,4.65,3.84,5.77,6.18,4.85,4.02,3.45,5.06,6.09,5.63,4.60,5.10,6.19,5.50,4.15,4.07,3.95,3.84,4.76,4.05,4.35,3.56,4.13,4.62,5.41
102,Chandler Parsons,SF/PF,SF,SF,$3,ROTO,37.76,3.99,4.47,4.60,5.72,5.29,4.54,4.60,4.55,3.93,4.75,4.07,4.22,5.77,4.99,3.44,3.44,4.87,4.27,4.79,3.77,3.68,5.18,3.92,4.61,5.09
103,Bradley Beal,SG,SG,SG,$3,,37.71,4.52,4.32,4.54,6.18,4.96,4.44,3.73,5.02,5.18,4.07,4.16,4.58,6.25,4.98,4.68,4.66,4.47,4.27,3.93,3.63,3.76,4.23,3.79,4.64,4.31
104,DeAndre Jordan,C,C,C,$3,H2H,37.70,3.79,5.96,3.80,4.00,3.70,7.29,7.00,2.15,3.93,4.04,4.02,3.42,3.95,5.01,3.87,4.51,6.82,5.41,5.74,4.55,4.00,7.29,5.94,4.61,3.99
105,Jameer Nelson,PG,PG,PG,$3,,37.65,4.48,3.90,6.06,5.74,4.62,3.86,3.65,5.34,5.74,4.90,4.45,4.90,5.83,4.58,4.17,4.02,3.85,3.99,5.04,4.13,4.36,3.85,4.28,4.63,5.97
106,Dorell Wright,SG/SF,SG,SF,$2,,37.60,4.05,4.23,4.46,6.26,5.05,4.50,3.85,5.19,3.96,4.01,3.87,4.26,6.30,5.24,3.78,3.64,4.37,4.20,4.24,3.32,3.38,4.45,3.86,4.65,4.87
107,Luis Scola,PF/C,PF,PF,$2,ROTO,37.55,4.91,5.31,4.59,4.03,4.03,4.52,5.29,4.88,5.12,5.13,5.38,5.28,4.00,4.79,4.41,4.40,5.29,5.30,5.57,5.83,5.94,4.70,4.71,4.61,4.40
108,Ray Allen,SG,SG,SG,$2,,37.55,4.08,3.53,4.60,6.67,4.38,3.89,4.79,5.62,3.67,3.92,3.82,3.91,6.28,9.06,3.78,3.53,3.63,3.55,3.05,3.08,3.02,4.89,3.74,4.67,5.23
109,Taj Gibson,PF,PF,PF,$1,CYC,37.48,3.75,5.53,4.04,4.00,4.15,6.65,5.27,4.09,3.93,4.04,3.92,3.86,3.95,5.01,3.97,4.12,6.25,5.08,5.74,4.45,4.46,4.86,4.37,4.61,4.32
110,Michael Beasley,SF/PF,SF,SF/PF,$1,BBB,37.47,4.95,4.74,4.35,5.52,4.38,4.61,4.10,4.82,5.37,4.68,5.04,5.33,5.55,4.99,4.47,4.48,4.66,4.80,5.08,4.79,5.00,4.10,4.26,4.61,3.96
111,Jason Terry,PG/SG,SG,SG,$0,,37.28,4.37,3.36,4.70,6.18,5.08,4.03,4.12,5.44,4.27,4.30,4.41,4.70,6.25,4.98,3.68,3.47,3.60,3.32,3.93,3.87,3.88,4.75,3.72,4.64,5.02
112,Jonas Valanciunas,C,C,C,$0,,37.26,3.39,5.49,4.04,4.00,3.59,5.62,5.96,5.17,4.53,3.38,3.40,3.13,3.95,5.01,3.96,3.84,5.86,5.25,6.25,3.95,3.69,5.94,4.98,4.61,3.99
113,JJ Hickson,PF/C,PF,PF/C,$0,B-CARE,37.25,4.17,5.58,4.15,4.00,4.25,5.15,5.92,4.02,4.07,4.00,4.38,4.10,3.95,5.01,4.30,4.50,6.04,5.29,4.02,4.88,4.71,5.69,4.85,4.61,4.40
114,Ricky Rubio,PG,PG,PG,$0,H2H/ B-CARE,37.23,3.33,3.70,6.04,4.93,6.24,3.96,3.73,5.29,5.22,3.18,2.93,3.36,4.96,4.79,4.31,4.18,3.66,3.79,3.77,3.05,3.29,3.63,4.69,4.63,6.26
115,Omer Asik,C,C,C,$0,CYC/ H2H,37.20,3.40,6.43,4.24,4.00,4.15,6.51,5.70,2.76,5.14,4.29,3.41,3.23,3.95,5.02,3.98,4.47,6.85,6.10,6.63,3.96,3.79,5.57,5.11,4.61,3.92
116,Andrew Bogut,C,C,C,$0,BBB/ H2H,37.19,3.65,5.59,4.34,4.00,3.67,6.47,5.50,3.96,4.21,3.69,3.91,3.77,3.95,5.02,3.68,3.84,5.41,5.66,5.11,4.44,4.37,5.19,4.97,4.61,4.57
117,Glen Davis,PF/C,PF,PF/C,$0,CYC/ B-CARE,37.18,4.78,5.74,4.04,4.07,5.37,4.59,4.42,4.17,4.38,4.47,4.98,5.17,4.05,4.72,4.86,5.07,6.25,5.41,5.05,5.43,5.78,3.61,4.98,4.61,4.07
118,Mario Chalmers,PG,PG,PG,$0,H2H,37.17,3.55,3.67,4.98,5.88,5.64,4.01,4.21,5.23,4.85,3.98,3.30,3.58,5.88,5.43,3.66,3.51,3.66,3.75,4.78,2.96,2.93,4.76,3.74,4.63,5.07
119,Samuel Dalembert,C,C,C,$0,,37.09,3.20,5.60,3.88,4.00,3.81,6.42,5.38,4.80,3.63,3.38,3.30,3.22,3.95,5.01,3.57,3.51,5.86,5.41,5.39,3.86,3.78,5.15,4.64,4.61,4.27
120,Kevin Seraphin,PF/C,PF,PF/C,$0,R-START,37.03,3.88,5.06,3.96,4.01,3.59,6.06,5.87,4.60,4.19,3.94,4.24,3.98,3.96,5.01,3.67,3.67,5.82,4.62,5.68,4.75,4.58,5.66,4.32,4.61,4.07
121,Ramon Sessions,PG/SG,PG,PG,$0,B-CARE,36.95,4.30,3.92,6.17,4.96,4.41,3.86,4.05,5.28,5.49,3.65,3.91,4.23,4.98,4.77,5.19,5.13,3.95,3.96,3.90,3.98,4.20,3.92,4.41,4.62,6.26
122,Shawn Marion,SF/PF,SF,SF/PF,$0,B-CARE,36.78,3.71,5.17,4.28,4.39,5.03,4.69,4.43,5.08,3.76,4.46,3.93,4.13,4.50,3.63,3.61,3.49,5.51,4.96,3.05,4.27,4.39,4.36,4.53,4.61,4.74
123,Kemba Walker,PG,PG,PG/SG,$0,R-START/ H2H,36.71,4.41,3.89,5.62,5.59,4.97,4.18,2.72,5.33,5.51,4.12,4.17,4.92,5.77,3.75,4.63,4.52,3.67,4.08,2.87,3.92,4.42,2.71,4.27,4.62,5.54
124,Tony Allen,SG/SF,SG,SG,$0,H2H,36.69,3.48,4.09,4.22,4.19,6.66,4.58,4.68,4.80,4.10,3.77,3.40,3.54,4.21,4.35,4.14,4.13,4.83,3.71,4.89,3.86,3.95,4.45,3.80,4.66,4.47
125,Jamal Crawford,PG/SG,SG,PG/SG,$0,BBB,36.66,4.54,3.45,4.46,6.35,4.50,3.96,3.79,5.63,3.96,3.80,4.34,4.74,6.49,4.42,4.24,4.02,3.70,3.38,2.89,3.73,3.77,4.58,3.73,4.65,4.87
126,Jared Dudley,SG/SF,SF,SG/SF,$0,B-CARE,36.57,4.12,4.18,4.44,5.86,4.39,4.14,4.76,4.68,3.63,4.53,4.00,4.10,5.86,5.42,3.95,3.95,4.58,3.99,3.23,3.64,3.49,5.40,3.71,4.61,5.04
127,Brandon Rush,SG,SF,SG/SF,$0,,36.54,3.64,4.03,4.12,5.96,3.94,5.01,4.76,5.08,3.32,3.62,3.49,3.59,5.80,6.84,3.51,3.38,3.90,4.15,3.05,3.10,2.99,5.13,3.78,4.61,4.78
128,James Johnson,SF/PF,SF,SF/PF,$0,,36.48,3.30,4.31,4.43,4.54,4.81,5.70,4.69,4.69,4.34,3.59,3.31,3.44,4.60,4.26,3.58,3.54,4.57,4.20,5.59,3.61,3.60,4.78,3.85,4.61,4.62
129,DJ Augustin,PG,PG,PG/SG,$0,,36.47,3.91,3.41,5.89,5.60,4.30,3.78,3.86,5.72,4.90,3.65,3.64,4.03,5.61,5.19,4.20,3.96,3.76,3.29,3.21,3.42,3.58,4.04,4.13,4.62,6.25
130,Spencer Hawes,C,C,C,$0,,36.46,3.46,5.06,4.64,4.76,3.49,5.68,4.57,4.81,4.05,3.10,3.57,3.73,4.79,4.57,3.42,3.35,5.17,4.99,5.02,3.75,3.79,4.63,4.46,4.61,5.07
131,Tristan Thompson,PF/C,PF,PF/C,$0,B-ROLE/ B-CARE,36.43,4.06,5.69,3.96,4.00,4.15,5.95,5.17,3.45,4.24,4.51,4.17,4.14,3.95,5.02,4.40,4.75,6.95,4.93,4.37,4.69,4.76,4.68,4.98,4.61,4.04
132,Danny Green,SG/SF,SG,SG,$0,ROTO,36.41,3.57,3.95,4.15,5.92,4.72,4.74,4.20,5.17,3.38,3.15,3.34,3.63,5.83,6.27,3.62,3.47,4.08,3.93,3.40,2.98,3.01,4.49,3.73,4.65,4.78
133,Markieff Morris,PF,PF,PF,$0,B-ROLE,36.41,3.83,4.86,4.19,5.15,4.47,5.15,4.16,4.59,4.22,3.57,3.70,3.99,5.19,4.69,4.08,4.11,4.90,4.85,6.56,3.69,3.80,4.28,4.17,4.61,4.37
134,Marvin Williams,SF,SF,SF,$0,AVOID,36.38,3.84,4.35,4.24,5.57,4.83,4.22,4.31,5.02,3.77,4.27,3.64,3.88,5.56,5.36,4.02,3.94,4.48,4.32,3.91,3.43,3.45,4.62,3.78,4.61,4.69
135,Kirk Hinrich,PG/SG,PG,PG/SG,$0,B-CARE,36.37,3.53,3.48,5.46,5.44,4.96,4.18,4.13,5.19,4.60,4.09,3.44,3.74,5.47,5.01,3.56,3.40,3.67,3.46,4.24,3.30,3.36,4.41,3.72,4.62,5.85
136,Wilson Chandler,SG/SF,SF,SG/SF,$0,BBB,36.36,3.95,4.22,4.27,5.63,3.94,5.29,3.83,5.22,4.31,3.97,3.93,4.32,5.72,4.58,3.69,3.54,4.00,4.39,4.20,3.68,3.82,4.15,3.92,4.61,4.42
137,Jarrett Jack,PG/SG,PG,PG,$0,B-CARE,36.34,4.02,3.70,5.62,4.85,4.30,3.94,4.33,5.58,5.06,3.67,3.98,4.21,4.89,4.57,4.22,4.01,3.76,3.74,3.39,4.10,4.23,4.28,3.99,4.62,5.80
138,Nick Young,SG/SF,SG,SG,$0,B-CARE,36.34,4.74,3.59,4.15,6.08,4.39,4.19,3.65,5.54,3.96,4.01,4.65,5.09,6.11,5.27,4.37,4.19,3.89,3.49,4.24,4.15,4.38,3.85,3.73,4.65,4.44
139,CJ Miles,SG/SF,SF,SG/SF,$0,BBB/ H2H,36.33,4.33,3.81,4.35,5.59,5.02,4.53,3.51,5.19,3.75,4.00,4.13,4.62,5.82,3.30,4.44,4.35,4.10,3.71,5.56,3.89,4.07,4.02,3.72,4.61,4.85
140,Gustavo Ayon,PF/C,PF,PF,$0,,36.23,3.29,5.11,4.18,4.01,4.53,5.36,5.52,4.22,3.75,3.06,3.45,3.33,3.96,5.01,3.53,3.61,5.61,4.81,5.80,4.00,3.88,5.32,4.20,4.61,4.62
141,Devin Harris,PG,PG,PG,$0,AVOID,36.17,3.89,3.47,5.35,5.33,4.60,4.01,4.19,5.32,4.57,3.57,3.57,3.85,5.43,4.35,4.46,4.34,3.75,3.39,3.82,3.47,3.50,4.60,3.74,4.63,5.72
142,Metta World Peace,SF/PF,SF,SF,$0,,36.15,3.55,4.17,4.35,5.61,5.80,4.45,4.04,4.17,3.76,4.46,3.40,3.73,5.69,4.59,3.61,3.71,4.66,3.93,4.58,3.18,3.20,4.56,3.78,4.61,4.85
143,Dion Waiters,SG,SG,SG,$0,,36.11,4.04,3.59,4.69,5.77,5.38,3.96,3.69,5.00,5.28,3.58,3.76,4.20,5.92,4.09,4.24,4.19,3.99,3.44,4.41,3.45,3.56,4.24,3.80,4.65,4.44
144,Courtney Lee,SG/SF,SG,SG,$0,,36.03,3.61,3.66,4.18,5.54,5.17,4.27,4.34,5.25,3.37,3.82,3.51,3.75,5.45,6.05,3.58,3.42,3.80,3.66,3.92,3.33,3.38,4.46,3.72,4.65,4.83
145,Jason Thompson,PF/C,PF,PF,$0,,36.03,3.57,5.38,4.08,4.00,4.26,4.99,5.66,4.09,3.49,4.04,3.69,3.51,3.95,5.01,3.92,4.07,6.05,4.97,4.88,4.23,4.09,5.46,4.57,4.61,4.62
146,DeMar DeRozan,SG/SF,SG,SG/SF,$0,AVOID,36.02,4.77,3.88,4.38,4.54,4.51,4.27,4.30,5.38,4.56,4.48,4.68,4.91,4.68,3.44,5.22,5.14,4.08,3.82,4.26,4.92,5.11,4.18,3.72,4.65,4.43
147,Gerald Henderson,SG/SF,SF,SG/SF,$0,,36.01,4.44,3.95,4.51,4.43,4.59,4.53,4.54,5.02,4.05,4.46,4.60,4.76,4.60,3.07,4.42,4.37,4.19,3.87,4.07,4.90,5.00,4.56,3.71,4.61,4.89
148,Jeff Green,SF/PF,SF,SF/PF,$0,BBB,35.98,3.97,4.24,4.04,5.06,4.27,4.61,4.62,5.17,3.61,3.59,3.87,4.01,5.12,4.45,4.20,4.09,4.19,4.31,4.58,3.90,3.87,4.91,3.85,4.61,4.51
149,Steve Novak,SF/PF,SF,SF/PF,$0,D-SLEEP/ H2H,35.94,3.62,3.59,3.85,7.36,3.49,4.14,4.70,5.19,2.73,2.74,3.26,3.39,6.81,10.51,3.17,2.99,3.81,3.54,3.22,2.21,2.13,4.85,3.71,4.61,4.74
150,Thomas Robinson,PF,PF,PF,$0,B-CARE,35.93,3.73,5.84,4.16,4.07,4.60,5.07,4.52,3.94,5.14,3.62,3.70,3.87,4.05,4.78,4.36,4.58,5.68,5.88,6.80,4.20,4.41,3.97,4.57,4.61,3.82
151,Ed Davis,PF/C,PF,PF/C,$0,,35.87,3.07,5.20,4.04,4.00,4.15,5.55,5.45,4.41,3.49,3.38,3.12,3.02,3.95,5.01,3.58,3.62,5.58,4.97,4.02,3.68,3.56,5.28,4.44,4.61,4.57
152,Boris Diaw,PF/C,PF,PF/C,$0,,35.86,3.01,4.72,4.57,4.55,4.24,4.45,5.48,4.83,3.62,3.54,3.06,2.95,4.57,4.68,3.22,3.13,5.18,4.46,4.36,3.36,3.10,5.86,4.04,4.61,5.22
153,Jared Sullinger,PF,PF,PF,$0,,35.86,3.53,4.95,3.96,4.26,4.03,4.36,4.95,5.83,3.78,3.16,3.37,3.42,4.29,4.34,4.33,4.07,5.77,4.47,4.36,3.80,3.78,4.90,4.03,4.61,4.29
154,Andre Miller,PG/SG,PG,PG,$0,B-CARE,35.84,3.43,3.72,6.25,4.23,4.66,3.86,4.30,5.39,5.58,3.27,3.33,3.59,4.38,3.17,4.11,3.95,4.08,3.59,3.60,3.78,3.90,4.29,4.26,4.61,6.31
155,Matt Barnes,SF,SF,SF,$0,AVOID,35.83,3.50,4.22,4.27,5.21,4.36,4.68,4.69,4.90,3.88,3.55,3.30,3.43,5.25,4.69,3.87,3.80,4.74,3.97,3.87,3.28,3.17,5.17,3.85,4.61,4.66
156,Harrison Barnes,SF,SF,SF,$0,,35.82,4.10,4.17,4.20,5.81,4.49,4.14,4.04,4.88,4.49,3.59,3.92,4.24,5.84,5.20,4.08,4.04,4.66,3.93,4.24,3.58,3.66,4.40,3.85,4.61,4.23
157,Ben Gordon,SG,SG,SG,$0,AVOID,35.81,4.14,3.52,4.45,5.74,4.38,4.04,4.02,5.52,4.24,3.53,4.01,4.34,5.61,6.50,4.05,3.85,3.71,3.50,4.21,3.70,3.91,3.89,3.73,4.66,4.71
158,Jordan Crawford,PG/SG,SG,SG,$0,,35.76,4.57,3.59,4.78,5.72,4.96,3.87,3.16,5.11,5.03,3.63,4.51,5.11,5.95,3.30,4.34,4.26,3.99,3.43,3.23,4.19,4.51,3.51,3.72,4.64,4.70
159,Tyler Zeller,PF/C,C,C,$0,D-SLEEP,35.72,3.49,4.58,3.96,4.00,3.81,5.23,5.60,5.05,3.93,2.94,3.46,3.31,3.95,5.01,4.14,4.07,5.10,4.31,4.88,4.01,3.87,5.42,4.16,4.61,4.21
160,Jose Calderon,PG,PG,PG,$0,B-CARE,35.71,3.26,3.33,5.97,5.14,4.19,3.86,4.59,5.37,4.15,3.18,3.13,3.29,5.12,5.28,3.53,3.33,3.57,3.29,3.19,3.15,3.11,4.83,4.28,4.63,6.80
161,Patrick Patterson,PF/C,PF,PF,$0,,35.70,3.66,4.79,4.11,4.00,3.92,5.23,5.19,4.78,3.92,3.57,4.03,3.99,3.95,5.01,3.46,3.40,5.37,4.47,4.87,4.55,4.59,4.74,4.17,4.61,4.43
162,Alonzo Gee,SG/SF,SF,SG/SF,$0,,35.70,3.67,4.38,4.28,4.96,5.25,4.22,3.84,5.10,3.90,3.59,3.45,3.84,5.08,3.95,4.23,4.15,4.76,4.20,4.24,3.54,3.72,3.95,3.85,4.61,4.66
163,Jerryd Bayless,PG/SG,PG,PG/SG,$0,,35.68,3.89,3.48,5.02,5.22,4.40,4.02,4.17,5.48,4.59,2.99,3.57,3.85,5.27,4.70,4.51,4.35,3.67,3.46,4.39,3.53,3.61,4.38,3.73,4.62,5.27
164,Al-Farouq Aminu,SF,SF,SF,$0,B-ROLE,35.66,3.26,4.75,4.12,4.58,5.27,4.69,4.07,4.91,4.51,4.05,3.12,3.45,4.60,4.70,3.84,3.77,5.05,4.59,4.77,3.41,3.61,3.85,3.78,4.61,4.11
165,Mike Dunleavy,SG/SF,SF,SG/SF,$0,,35.65,3.81,3.94,4.58,5.94,3.83,4.07,4.39,5.08,3.74,3.34,3.60,3.82,5.90,5.76,3.81,3.70,3.91,4.02,3.38,3.22,3.17,4.89,3.79,4.61,5.16
166,Kosta Koufos,PF/C,C,PF/C,$0,,35.63,3.16,5.03,3.84,4.00,3.70,5.55,5.94,4.42,3.34,2.29,3.33,3.08,3.95,5.02,3.38,3.40,5.97,4.48,4.71,3.89,3.63,5.92,4.29,4.61,4.38
167,Richard Hamilton,SG,SG,SG,$0,B-CARE,35.58,4.45,3.62,4.92,4.97,4.17,3.88,4.19,5.37,4.84,4.01,4.62,4.89,4.97,5.00,4.13,3.97,4.08,3.44,3.90,4.65,4.90,3.91,3.73,4.65,5.00
168,Terrence Ross,SG,SG,SG,$0,,35.58,3.62,3.91,4.15,5.82,4.72,4.50,3.86,4.99,3.96,2.71,3.41,3.80,5.92,4.54,3.68,3.58,4.18,3.82,4.75,3.09,3.14,4.47,3.80,4.65,4.44
169,Landry Fields,SG/SF,SF,SG,$0,B-CARE,35.56,3.35,4.32,4.52,4.88,5.05,4.06,4.69,4.71,3.92,4.05,3.32,3.45,4.98,4.02,3.53,3.49,4.19,4.43,3.05,3.45,3.36,5.12,3.78,4.61,4.98
170,Luke Ridnour,PG/SG,PG,PG/SG,$0,,35.52,3.62,3.33,4.98,5.09,4.62,4.02,4.27,5.58,4.01,3.42,3.54,3.80,5.13,4.74,3.81,3.58,3.57,3.29,3.88,3.56,3.64,4.41,3.86,4.62,5.56
171,Gerald Green,SG/SF,SF,SG/SF,$0,,35.52,3.81,3.81,3.96,5.57,4.16,4.53,4.64,5.03,3.92,2.74,3.72,3.85,5.56,5.36,3.76,3.66,4.00,3.77,4.60,3.50,3.42,5.08,3.71,4.61,4.23
172,Antawn Jamison,PF,PF,PF,$0,,35.45,3.85,4.36,4.11,5.05,4.13,4.38,4.77,4.79,3.19,3.12,3.88,3.97,5.08,4.71,3.82,3.78,4.53,4.30,3.69,3.91,3.85,5.04,3.84,4.61,4.84
173,Jae Crowder,SF/PF,SF,SF,$0,D-SLEEP,35.41,3.21,3.95,4.04,5.18,5.27,4.22,4.61,4.93,3.32,1.86,2.99,3.16,5.22,4.69,3.63,3.55,4.09,3.93,3.57,3.00,2.90,5.10,3.85,4.61,4.67
174,Brandon Roy,SG/SF,SG,SG/SF,$0,BBB/ B-CARE,35.40,4.21,3.66,4.68,5.31,4.38,4.04,3.87,5.25,4.24,3.74,4.13,4.51,5.33,4.99,4.24,4.12,3.90,3.60,3.88,4.02,4.26,3.80,3.73,4.66,5.01
175,Andre Drummond,PF,C,PF,$0,H2H,35.35,3.12,5.09,3.88,4.00,4.37,7.29,5.72,1.88,3.63,2.72,3.32,3.13,3.95,5.01,3.30,3.96,6.15,4.47,6.77,3.88,3.69,5.62,4.16,4.61,4.27
176,Evan Turner,SG/SF,SG,SG/SF,$0,R-START,35.35,3.63,4.84,5.10,4.33,4.63,4.36,3.64,4.83,5.33,3.85,3.83,4.29,4.49,3.21,3.59,3.52,3.89,5.39,4.97,4.21,4.57,3.33,4.13,4.64,4.96
177,Hedo Turkoglu,SF/PF,SF,SF,$0,B-CARE,35.31,3.60,4.02,5.04,5.89,4.26,4.22,3.47,4.81,5.19,4.00,3.43,3.94,6.10,3.55,3.55,3.49,3.72,4.24,4.72,3.08,3.17,4.26,3.78,4.61,4.96
178,Terrence Jones,SF,PF,PF,$0,D-SLEEP,35.26,3.49,4.72,4.11,4.50,4.25,5.46,4.43,4.29,4.07,3.14,3.40,3.62,4.53,4.56,4.01,4.11,5.09,4.52,4.36,3.72,3.83,4.27,3.90,4.61,4.34
179,Robin Lopez,C,C,C,$0,AVOID,35.21,3.48,4.92,3.81,4.01,3.38,5.91,5.16,4.55,3.33,3.52,3.53,3.51,3.96,5.01,3.95,3.99,5.82,4.41,5.68,4.07,4.08,4.80,4.32,4.61,4.34
180,Derrick Rose,PG,PG,PG,$0,AVOID,35.21,3.93,3.30,5.15,4.94,3.80,4.14,4.34,5.62,4.08,1.77,3.70,3.93,5.01,4.37,4.51,4.32,3.70,3.16,1.75,3.79,3.86,4.47,4.10,4.64,5.73
181,Derrick Williams,SF/PF,PF,PF,$0,AVOID,35.21,3.71,4.58,3.96,5.01,4.15,4.67,4.39,4.73,3.78,2.72,3.49,3.71,5.11,4.13,4.22,4.23,4.71,4.53,3.33,3.56,3.56,4.72,4.03,4.61,4.29
182,Meyers Leonard,C,C,C,$0,B-CARE,35.20,3.17,4.99,3.96,4.01,3.27,5.68,5.39,4.73,4.05,3.10,3.09,3.01,3.96,5.01,3.95,3.94,5.17,4.88,6.34,3.65,3.55,5.20,4.12,4.61,4.15
183,Brandon Bass,PF/C,PF,PF/C,$0,ROTO,35.18,3.62,4.79,3.96,4.00,3.70,4.91,5.02,5.16,3.34,3.57,3.74,3.76,3.95,5.01,3.96,3.84,4.71,4.85,4.53,4.27,4.35,4.55,4.03,4.61,4.55
184,Nikola Vucevic,PF/C,C,PF/C,$0,D-SLEEP,35.17,3.29,4.95,3.88,4.44,3.70,5.31,4.80,4.81,3.34,2.73,3.40,3.49,4.44,4.75,3.41,3.34,5.39,4.70,4.89,3.74,3.76,4.70,4.16,4.61,4.43
185,Emeka Okafor,C,C,C,$0,B-CARE,35.17,3.43,5.34,3.89,4.01,3.70,5.68,5.68,3.45,3.48,3.52,3.58,3.40,3.96,5.01,3.70,3.99,5.54,5.20,4.85,4.12,3.96,5.52,3.98,4.61,4.36
186,Carl Landry,SF/PF,PF,PF,$0,,35.16,3.99,4.51,3.96,4.00,3.48,4.27,5.74,5.21,3.79,3.18,4.00,3.79,3.95,5.02,4.56,4.47,5.39,4.03,4.37,4.52,4.38,5.52,3.81,4.61,4.29
187,Nate Robinson,PG/SG,PG,PG/SG,$0,B-CARE,35.16,3.62,3.33,5.22,5.61,4.40,3.86,3.88,5.22,4.01,2.34,3.42,3.80,5.65,5.00,3.78,3.63,3.76,3.18,3.88,3.20,3.31,4.19,3.73,4.62,5.87
188,Amir Johnson,PF/C,PF,PF/C,$0,AVOID,35.15,2.93,4.58,3.96,4.00,3.81,5.31,5.87,4.69,3.63,2.28,3.01,2.79,3.95,5.01,3.39,3.34,5.19,4.25,5.74,3.58,3.32,5.89,4.10,4.61,4.38
189,Jeremy Lamb,SG/SF,SG,SG,$0,,35.12,3.82,3.73,4.15,5.65,4.17,4.19,4.14,5.27,3.82,1.63,3.62,3.91,5.73,4.58,3.95,3.80,3.89,3.71,3.06,3.37,3.38,4.68,3.80,4.65,4.53
190,Jonas Jerebko,SF/PF,PF,SF/PF,$0,B-CARE,35.09,3.58,4.65,3.88,4.65,4.14,4.29,4.87,5.03,3.34,3.57,3.63,3.70,4.72,4.22,3.72,3.62,5.09,4.42,5.04,3.86,3.80,5.06,3.83,4.61,4.44
191,Jason Kidd,PG,PG,PG,$0,AVOID,35.07,2.61,3.62,5.14,5.47,4.95,4.02,4.16,5.10,3.71,2.34,2.34,2.65,5.46,5.35,3.03,2.86,3.57,3.73,2.53,2.24,2.21,4.61,3.80,4.62,5.94
192,Chauncey Billups,PG/SG,SG,PG/SG,$0,AVOID,35.02,3.65,3.31,4.62,6.02,3.90,3.93,3.72,5.88,3.81,2.16,3.05,3.49,6.02,5.45,4.43,4.16,3.57,3.25,2.71,2.66,2.74,4.19,3.73,4.65,5.18
193,Carlos Delfino,SG/SF,SF,SG/SF,$0,AVOID,34.92,3.16,3.81,4.23,5.76,4.90,4.07,3.92,5.06,3.31,2.49,3.00,3.37,5.81,4.98,3.16,3.00,3.73,3.92,3.05,2.73,2.76,4.47,3.72,4.61,4.94
194,Tiago Splitter,C,C,PF/C,$0,,34.92,3.46,4.68,4.07,4.01,3.70,5.07,6.14,3.79,3.90,2.25,3.41,3.09,3.96,5.01,4.17,4.42,5.08,4.46,4.52,3.96,3.64,6.19,3.98,4.61,4.38
195,Tobias Harris,SF/PF,SF,SF,$0,B-ROLE,34.91,3.56,4.24,4.12,4.55,4.16,4.38,4.67,5.23,4.51,2.30,3.46,3.59,4.64,3.87,4.07,3.94,4.76,3.99,4.25,3.75,3.73,4.85,3.78,4.61,4.11
196,JJ Barea,PG,PG,PG/SG,$0,,34.88,3.67,3.41,5.30,5.57,3.96,3.78,4.06,5.13,4.60,2.34,3.39,3.71,5.56,5.38,4.01,3.90,3.76,3.29,3.04,3.19,3.27,4.31,3.79,4.62,5.64
197,Stephen Jackson,SG/SF,SF,SG/SF,$0,AVOID,34.84,3.29,3.87,4.42,5.11,4.78,4.07,3.96,5.34,4.15,2.69,2.95,3.31,5.25,3.81,4.01,3.85,3.73,4.02,3.21,2.99,3.05,4.39,3.72,4.61,4.71
198,Bismack Biyombo,PF/C,C,PF/C,$0,B-ROLE/ H2H,34.82,2.98,5.34,3.83,4.00,3.36,7.02,5.06,3.24,3.64,3.65,2.91,2.94,3.95,5.02,3.73,4.08,5.50,5.22,5.78,3.48,3.48,4.76,4.42,4.61,4.20
199,Jason Richardson,SG/SF,SG,SG/SF,$0,B-CARE,34.81,3.51,3.66,4.23,6.11,4.49,4.11,3.90,4.79,3.38,2.27,3.35,3.73,6.12,5.46,3.29,3.21,3.81,3.66,3.55,2.90,2.93,4.47,3.73,4.66,4.89
200,Trevor Booker,PF,PF,PF,$0,,34.78,3.07,4.57,3.89,4.01,4.34,4.92,5.64,4.35,3.19,2.68,3.14,2.98,3.96,5.01,3.51,3.56,5.36,4.14,4.69,3.70,3.52,5.55,3.84,4.61,4.53
201,Kyle Korver,SG/SF,SF,SG/SF,$0,D-SLEEP,34.76,3.30,3.52,4.28,5.99,3.83,4.14,4.46,5.25,3.02,2.74,3.07,3.27,5.85,6.71,3.34,3.16,3.71,3.49,3.40,2.68,2.62,4.85,3.71,4.61,5.17
202,Kendrick Perkins,C,C,C,$0,,34.67,2.73,5.13,4.11,4.01,3.49,5.68,5.18,4.34,4.19,3.52,2.68,2.67,3.96,5.01,3.46,3.51,5.26,5.04,5.68,3.26,3.19,4.99,3.98,4.61,4.27
203,DeJuan Blair,PF/C,PF,PF/C,$0,AVOID,34.67,3.36,4.69,4.04,4.00,4.37,4.28,5.68,4.26,3.78,1.84,3.55,3.37,3.95,5.01,3.55,3.62,5.48,4.25,4.36,4.09,3.93,5.52,4.30,4.61,4.40
204,Trevor Ariza,SG/SF,SF,SG/SF,$0,,34.63,3.32,4.14,4.19,5.04,5.39,4.23,3.68,4.65,3.86,3.09,3.16,3.61,5.20,3.59,3.70,3.69,4.01,4.27,3.21,3.23,3.39,3.95,3.72,4.61,4.57
205,Chase Budinger,SF,SF,SF,$0,,34.62,3.70,3.88,3.96,6.16,3.38,4.14,4.33,5.08,3.32,2.75,3.57,3.81,6.06,6.41,3.41,3.27,4.00,3.88,2.71,3.08,3.05,4.76,3.71,4.61,4.56
206,Marshon Brooks,SG/SF,SF,SG/SF,$0,,34.60,3.63,3.74,4.35,4.96,4.37,4.14,4.41,5.01,4.04,2.72,3.59,3.80,5.03,4.37,3.80,3.70,4.19,3.55,3.22,3.68,3.71,4.61,3.78,4.61,4.68
207,John Henson,PF,PF,PF,$0,,34.59,3.19,4.64,4.04,4.01,3.49,6.29,5.26,3.69,3.76,1.83,3.27,3.23,3.96,5.01,3.60,3.83,4.90,4.51,4.36,3.83,3.79,4.98,3.98,4.61,4.41
208,Eric Bledsoe,PG/SG,PG,PG,$0,B-ROLE,34.55,2.82,3.59,4.70,4.52,5.31,4.34,4.43,4.82,4.15,1.45,2.63,2.86,4.64,3.62,3.57,3.51,4.15,3.35,3.56,2.97,2.95,4.72,3.79,4.62,5.09
209,Daniel Gibson,PG/SG,SG,PG/SG,$0,AVOID,34.54,3.19,3.52,4.46,5.87,4.28,4.27,3.84,5.12,3.67,2.71,2.88,3.28,5.83,5.84,3.45,3.31,3.70,3.49,3.90,2.56,2.65,4.17,3.73,4.65,5.04
210,Al Harrington,PF/C,PF,PF,$0,AVOID,34.48,3.64,4.31,4.06,5.75,4.19,4.07,3.83,4.63,3.83,2.57,3.49,3.88,5.96,3.58,3.62,3.61,4.22,4.40,4.23,3.20,3.20,4.67,4.15,4.61,4.40
211,Shannon Brown,SG,SG,SG,$0,,34.48,3.78,3.59,4.30,5.28,4.17,4.19,3.98,5.19,3.67,2.73,3.75,4.10,5.36,4.50,3.72,3.58,3.99,3.44,2.54,3.67,3.81,4.16,3.72,4.65,4.82
212,Rodrigue Beaubois,PG/SG,PG,PG/SG,$0,,34.43,3.17,3.33,4.64,4.91,4.40,4.32,4.41,5.25,3.58,1.50,3.07,3.29,4.98,4.31,3.50,3.33,3.76,3.18,3.03,3.21,3.20,4.71,3.73,4.63,5.34
213,Greg Stiemsma,C,C,C,$0,,34.34,2.27,4.01,3.77,4.01,3.81,6.36,5.29,4.82,2.76,1.20,2.14,2.12,3.96,5.01,3.17,3.08,4.44,3.82,5.35,2.75,2.60,5.25,3.78,4.61,4.62
214,JJ Redick,SG,SG,SG,$0,AVOID,34.32,3.64,3.37,4.54,5.70,3.62,3.80,3.93,5.73,3.37,2.73,3.26,3.63,5.74,4.99,4.11,3.86,3.51,3.38,2.89,3.01,3.07,4.36,3.72,4.65,5.32
215,Randy Foye,PG/SG,SG,PG/SG,$0,B-CARE,34.25,3.44,3.37,4.53,5.78,4.17,4.04,3.58,5.33,3.67,2.28,3.26,3.74,5.83,4.99,3.45,3.25,3.70,3.28,3.90,2.97,3.14,3.91,3.73,4.65,5.14
216,E'Twaun Moore,PG/SG,PG,SG,$0,D-SLEEP,34.04,3.07,3.41,4.91,5.20,4.30,3.86,4.25,5.05,4.60,2.34,2.94,3.22,5.18,5.30,3.32,3.18,3.76,3.29,3.21,2.94,2.99,4.42,3.72,4.62,5.11
217,Anthony Morrow,SG/SF,SG,SG/SF,$0,,34.04,3.36,3.37,4.07,5.72,3.73,3.88,4.51,5.40,2.94,1.85,3.15,3.34,5.54,7.01,3.47,3.25,3.80,3.22,2.72,2.89,2.89,4.61,3.73,4.65,4.93
218,Ronnie Brewer,SG/SF,SG,SG,$0,B-CARE,34.04,2.90,3.80,4.38,4.21,5.24,4.19,4.79,4.53,3.10,2.69,2.89,3.00,4.22,4.51,3.43,3.43,4.17,3.66,2.40,3.37,3.38,4.68,3.73,4.66,5.26
219,Delonte West,PG/SG,PG,PG/SG,$0,AVOID,34.04,2.94,3.24,4.46,4.94,4.67,3.99,4.44,5.35,3.59,0.77,2.75,2.97,4.94,5.01,3.44,3.24,3.54,3.17,2.39,2.88,2.88,4.62,3.72,4.62,5.10
220,Tyrus Thomas,PF/C,PF,PF,$0,AVOID,33.96,2.89,4.16,3.89,4.03,4.01,5.44,4.72,4.81,3.33,1.42,2.81,2.95,4.01,4.80,3.66,3.61,4.53,3.99,5.00,3.38,3.45,4.39,3.86,4.61,4.45
221,Thabo Sefolosha,SG/SF,SF,SG/SF,$0,AVOID,33.93,2.56,3.80,4.05,4.84,4.45,4.45,4.52,5.26,3.03,2.48,2.30,2.50,4.79,5.36,3.30,3.11,3.92,3.80,3.53,2.50,2.47,4.66,3.72,4.61,4.85
222,Jodie Meeks,SG,SG,SG,$0,,33.93,3.18,3.29,3.98,6.05,3.95,3.87,4.24,5.36,2.62,1.85,2.89,3.17,5.86,7.18,3.29,3.07,3.60,3.21,2.19,2.49,2.51,4.46,3.72,4.64,5.00
223,Andray Blatche,PF/C,PF,PF/C,$0,AVOID,33.92,3.18,4.33,3.88,4.16,4.11,4.74,4.75,4.76,3.31,1.76,3.26,3.37,4.19,4.32,3.54,3.49,4.87,4.06,3.30,3.74,3.79,4.57,3.83,4.61,4.45
224,Andrew Nicholson,PF,PF,PF,$0,D-SLEEP,33.90,3.23,4.15,3.80,4.26,3.26,4.91,5.25,5.04,3.93,1.40,3.17,3.13,4.34,3.88,3.83,3.73,4.90,3.76,3.68,3.61,3.44,5.50,4.03,4.61,3.99
225,Jon Leuer,PF/C,PF,PF,$0,D-SLEEP,33.88,3.07,4.15,4.04,4.36,3.70,4.60,5.01,4.96,3.04,1.84,3.15,3.19,4.34,4.91,3.30,3.18,4.71,3.87,4.02,3.55,3.50,4.95,3.76,4.61,4.82
226,Lavoy Allen,PF/C,PF,PF/C,$0,B-ROLE,33.86,2.86,4.66,4.16,4.00,3.48,4.75,5.06,4.90,3.04,2.29,2.88,2.90,3.95,5.02,3.43,3.34,5.00,4.48,4.37,3.45,3.44,4.77,3.95,4.61,4.99
227,Jason Smith,PF/C,PF,PF,$0,,33.83,3.11,4.00,3.88,4.08,3.48,5.23,5.25,4.80,3.04,1.84,3.23,3.19,4.05,4.80,3.41,3.34,4.62,3.71,4.53,3.75,3.68,5.09,3.76,4.61,4.61
228,Luc Mbah a Moute,SF/PF,SF,SF/PF,$0,AVOID,33.82,2.92,4.28,3.97,4.14,4.66,4.52,4.73,4.59,2.89,3.09,2.86,2.99,4.12,4.86,3.59,3.58,4.72,4.06,4.17,3.37,3.42,4.47,3.72,4.61,4.82
229,Alexey Shved,PG/SG,SG,SG,$0,D-SLEEP,33.82,2.98,3.38,4.76,5.54,3.95,3.88,4.24,5.08,4.39,0.99,2.66,2.94,5.53,5.35,3.45,3.31,3.62,3.33,3.22,2.51,2.48,4.72,3.73,4.66,5.03
230,Marco Belinelli,SG,SG,SG,$0,,33.82,3.54,3.37,4.22,5.75,4.06,3.88,3.88,5.12,3.08,2.73,3.37,3.75,5.74,5.40,3.55,3.42,3.60,3.33,3.57,3.08,3.20,4.17,3.72,4.65,5.06
231,Cole Aldrich,C,C,C,$0,,33.81,2.69,4.08,3.80,4.00,3.70,5.23,5.40,4.91,3.04,1.41,2.63,2.56,3.95,5.01,3.44,3.34,4.43,3.92,4.87,3.21,3.07,5.31,3.76,4.61,4.50
232,Matt Bonner,PF,PF,PF/C,$0,,33.81,2.93,3.93,3.96,5.98,3.26,4.28,4.49,4.98,2.30,2.28,2.70,2.90,5.79,7.16,2.99,2.84,3.95,3.98,2.48,2.34,2.27,4.82,3.75,4.61,5.16
233,Aaron Brooks,PG,PG,PG,$0,B-CARE,33.78,3.47,3.12,4.75,5.47,3.75,3.86,3.84,5.51,3.86,1.91,3.20,3.60,5.50,5.01,3.85,3.64,3.57,2.97,3.03,3.06,3.19,4.07,3.80,4.63,5.33
234,Wes Johnson,SG/SF,SF,SG/SF,$0,AVOID,33.78,2.96,3.73,4.04,5.16,4.05,4.78,4.10,4.96,3.02,2.75,2.90,3.22,5.28,4.06,3.07,2.93,3.80,3.77,3.58,2.92,2.93,4.57,3.71,4.61,4.84
235,Shane Battier,SG/SF,SF,SF,$0,AVOID,33.77,2.49,3.66,4.12,5.10,4.72,4.61,4.12,4.95,2.58,2.74,2.31,2.63,5.17,4.42,2.91,2.77,4.28,3.38,3.22,2.38,2.38,4.57,3.71,4.61,5.22
236,Brandan Wright,PF,PF,PF,$0,,33.77,2.86,4.05,3.77,4.01,3.27,5.53,5.94,4.34,2.48,1.41,2.92,2.67,3.96,5.01,3.36,3.40,4.62,3.77,2.55,3.49,3.19,6.01,3.78,4.61,4.78
237,Donatas Motiejunas,SF/PF,C,PF,$0,D-SLEEP,33.76,3.11,4.29,3.80,4.92,3.81,4.68,4.43,4.72,3.92,1.84,2.91,3.13,5.00,4.21,3.65,3.62,4.62,4.14,4.87,3.05,3.01,4.80,3.83,4.61,4.00
238,Ivan Johnson,PF,PF,PF,$0,,33.75,2.93,4.29,3.84,4.04,4.26,4.27,5.39,4.73,3.34,1.40,2.86,2.79,4.00,4.92,3.66,3.62,4.62,4.14,4.02,3.42,3.29,5.30,3.81,4.61,4.38
239,Enes Kanter,C,C,C,$0,D-SLEEP/ B-CARE,33.73,2.98,4.58,3.80,4.00,3.48,4.91,5.65,4.32,3.34,1.40,2.88,2.73,3.95,5.01,3.82,3.90,5.29,4.20,3.68,3.46,3.26,5.60,3.75,4.61,4.33
240,Tayshaun Prince,SF/PF,SF,SF,$0,AVOID,33.72,3.73,4.03,4.44,4.69,3.49,4.54,3.81,5.00,3.32,4.08,3.94,4.34,4.69,4.83,3.49,3.38,4.29,3.94,2.18,4.14,4.49,3.36,3.71,4.61,5.22
241,Alec Burks,SG,SG,SG,$0,B-ROLE,33.72,3.64,3.70,4.26,4.39,4.29,3.96,4.37,5.11,3.52,2.29,3.41,3.63,4.39,4.70,4.54,4.47,4.27,3.44,3.92,3.77,3.94,4.07,3.72,4.65,4.85
242,CJ Watson,PG,PG,PG,$0,,33.70,3.18,3.26,4.76,5.11,4.40,4.02,3.86,5.13,3.87,1.92,2.95,3.35,5.07,5.40,3.67,3.54,3.66,3.13,3.19,3.00,3.20,3.75,3.73,4.63,5.33
243,Scott Machado,PG,PG,PG,$0,D-SLEEP,33.64,2.87,3.19,5.37,4.42,4.84,3.86,4.16,4.92,5.62,1.91,2.63,2.94,4.51,3.90,3.76,3.69,3.67,3.02,3.88,3.02,3.13,4.19,3.80,4.62,5.15
244,Josh Selby,PG,SG,PG,$0,B-ROLE,33.63,3.11,3.26,4.30,5.66,4.27,3.89,3.97,5.18,4.50,1.23,2.75,3.12,5.68,5.18,3.58,3.43,3.72,3.09,3.05,2.54,2.57,4.45,3.74,4.67,4.36
245,Udonis Haslem,PF,PF,PF,$0,AVOID,33.63,2.76,5.16,3.85,4.01,3.81,4.39,4.62,5.04,3.19,2.68,2.73,2.90,3.96,5.01,3.42,3.29,5.08,5.20,4.03,3.31,3.43,4.18,3.84,4.61,4.47
246,Jan Vesely,PF,PF,SF,$0,AVOID,33.60,2.68,4.22,4.00,4.09,4.13,4.77,5.43,4.28,3.48,1.83,2.64,2.56,4.05,4.91,3.35,3.40,4.99,3.82,5.02,3.19,3.02,5.44,3.78,4.61,4.52
247,Caron Butler,SF,SF,SF,$0,AVOID,33.60,3.29,3.67,4.08,5.09,4.26,4.15,3.96,5.11,3.31,2.28,3.24,3.60,5.12,4.88,3.41,3.27,3.82,3.65,3.21,3.27,3.44,3.98,3.72,4.61,4.73
248,Ian Mahinmi,C,C,C,$0,AVOID,33.59,2.82,4.43,3.76,4.00,3.92,4.76,5.53,4.36,3.19,1.84,2.61,2.50,3.95,5.01,3.87,3.95,5.09,4.09,5.38,3.20,3.01,5.49,3.83,4.61,4.36
249,Gary Neal,PG/SG,SG,PG/SG,$0,AVOID,33.58,3.32,3.37,4.22,5.70,3.51,3.88,4.43,5.13,3.08,1.42,3.18,3.40,5.54,6.83,3.30,3.14,3.52,3.38,2.38,2.93,2.95,4.53,3.73,4.65,5.06
250,Vince Carter,SG,SF,SG/SF,$0,AVOID,33.56,3.07,3.60,4.23,5.20,4.04,4.15,4.14,5.14,3.30,1.86,2.89,3.20,5.24,4.69,3.42,3.27,3.83,3.55,3.21,2.90,2.93,4.46,3.72,4.61,4.94
251,Royce White,SF,PF,PF,$0,D-SLEEP,33.54,3.10,4.65,4.75,4.08,4.15,4.52,5.23,3.06,5.12,1.84,3.05,3.02,4.05,4.91,3.78,4.18,4.81,4.58,3.68,3.58,3.50,5.07,4.10,4.61,4.61
252,Nick Collison,PF/C,PF,PF/C,$0,AVOID,33.52,2.43,4.29,4.08,4.00,3.81,4.44,5.57,4.89,3.34,2.28,2.38,2.26,3.95,5.01,3.17,3.06,5.10,3.87,4.71,2.98,2.76,5.60,3.75,4.61,4.71
253,Mirza Teletovic,SF/PF,PF,SF/PF,$0,D-SLEEP,33.48,3.23,3.86,3.88,6.04,3.37,4.37,4.01,4.72,3.48,1.41,2.92,3.27,6.10,4.98,3.40,3.34,3.96,3.87,3.18,2.52,2.46,4.81,3.76,4.61,4.36
254,Jimmer Fredette,PG,PG,PG/SG,$0,AVOID,33.46,3.37,3.12,4.45,5.72,3.87,3.79,3.86,5.26,3.72,1.92,3.18,3.57,5.72,5.40,3.45,3.27,3.57,2.97,2.53,2.92,3.02,4.17,3.73,4.63,5.00
255,Jordan Hamilton,SF,SF,SG,$0,B-ROLE,33.42,3.20,3.59,4.04,5.56,3.83,4.06,4.19,4.94,3.02,1.21,3.04,3.33,5.55,5.35,3.33,3.21,3.81,3.55,2.88,2.86,2.87,4.57,3.71,4.61,4.84
256,Austin Rivers,PG/SG,SG,PG/SG,$0,B-CARE,33.40,3.70,3.40,4.56,5.61,4.27,3.86,3.47,4.52,4.73,2.85,3.39,3.90,5.69,4.59,4.09,4.14,3.65,3.35,2.86,3.17,3.39,3.73,3.72,4.64,4.57
257,Brendan Haywood,C,C,C,$0,AVOID,33.38,2.76,4.90,3.74,4.01,3.18,5.73,5.34,3.71,3.05,2.65,2.70,2.65,3.96,5.01,3.51,3.71,5.61,4.50,4.52,3.28,3.16,5.21,4.00,4.61,4.41
258,Corey Brewer,SG/SF,SF,SF,$0,AVOID,33.38,3.08,3.46,4.12,4.76,4.79,4.22,4.22,4.74,3.17,1.86,2.98,3.26,4.88,3.72,3.48,3.43,4.00,3.23,3.21,3.19,3.23,4.51,3.72,4.61,4.87
259,Lamar Odom,SF/PF,PF,PF,$0,B-CARE,33.37,3.00,4.36,4.19,4.63,3.59,4.54,4.58,4.48,3.33,1.83,2.89,3.06,4.70,4.24,3.49,3.51,4.44,4.35,4.03,3.16,3.13,4.79,3.84,4.61,4.86
260,Darrell Arthur,PF/C,PF,PF,$0,AVOID,33.36,2.94,3.89,3.81,4.00,3.76,4.77,5.12,5.08,2.87,0.92,3.00,3.00,3.95,5.02,3.43,3.29,4.46,3.62,4.00,3.57,3.55,4.83,3.81,4.61,4.61
261,Leandro Barbosa,SG,SG,SG,$0,,33.35,3.36,3.31,4.23,5.12,4.28,3.88,3.97,5.21,3.38,1.85,3.23,3.59,5.10,5.26,3.63,3.48,3.81,3.13,3.06,3.25,3.43,3.91,3.73,4.66,4.89
262,Festus Ezeli,C,C,C,$0,D-SLEEP,33.35,2.69,4.15,3.73,4.00,3.26,5.69,5.40,4.42,3.34,1.84,2.63,2.56,3.95,5.01,3.43,3.45,4.71,3.87,4.36,3.21,3.07,5.31,3.76,4.61,4.22
263,Jeff Taylor,SF/PF,SF,SG,$0,D-SLEEP,33.33,3.04,3.74,4.05,5.05,3.93,4.15,4.43,4.94,3.58,1.45,2.79,3.01,5.06,4.99,3.62,3.53,4.37,3.44,3.05,2.87,2.85,4.70,3.72,4.61,4.53
264,Avery Bradley,PG/SG,PG,PG/SG,$0,AVOID,33.32,2.95,3.20,4.22,4.56,4.23,4.05,4.97,5.13,3.24,1.43,2.87,2.93,4.52,5.20,3.43,3.29,3.78,2.97,3.12,3.18,3.10,5.02,3.74,4.63,4.95
265,Marcus Camby,C,C,C,$0,AVOID,33.30,2.16,4.77,3.99,4.00,3.68,5.29,4.77,4.65,2.76,0.78,2.04,2.17,3.95,5.02,3.06,3.00,5.00,4.65,3.29,2.65,2.67,4.52,3.81,4.61,4.93
266,Jimmy Butler,SG/SF,SF,SG,$0,B-ROLE,33.15,2.87,3.81,4.04,4.30,4.16,4.22,4.49,5.26,3.02,1.86,2.43,2.63,4.36,4.16,4.28,4.16,4.57,3.43,2.54,2.88,2.90,4.53,3.71,4.61,4.84
267,Patrick Mills,PG,PG,PG,$0,B-ROLE,33.12,3.07,3.12,4.46,5.30,3.79,3.78,4.45,5.15,3.72,0.58,2.91,3.12,5.19,6.19,3.31,3.14,3.54,2.98,2.09,2.86,2.88,4.52,3.72,4.62,5.02
268,Kim English,PG/SG,SG,SG,$0,D-SLEEP,33.09,3.01,3.52,4.07,5.46,4.06,3.96,4.09,4.92,3.96,1.85,2.70,3.03,5.44,5.34,3.51,3.42,3.80,3.44,3.06,2.59,2.62,4.43,3.73,4.65,4.34
269,Zaza Pachulia,C,C,C,$0,AVOID,33.07,2.56,4.58,3.96,4.00,3.81,4.37,4.97,4.82,3.19,1.84,2.38,2.44,3.95,5.01,3.57,3.51,5.19,4.25,4.02,2.97,2.95,4.75,3.97,4.61,4.63
270,Chris Singleton,SF,SF,SF,$0,AVOID,33.05,2.56,3.74,3.90,4.95,4.45,4.30,4.23,4.93,2.61,1.86,2.37,2.66,4.97,4.76,3.08,2.96,3.92,3.70,4.17,2.52,2.53,4.49,3.72,4.61,4.89
271,Joel Anthony,PF/C,C,C,$0,AVOID,33.04,2.19,4.01,3.73,4.01,3.49,5.68,5.24,4.70,2.62,1.83,2.01,2.00,3.96,5.01,3.19,3.13,4.80,3.61,4.03,2.63,2.48,5.21,3.78,4.61,4.65
272,Roger Mason,SG,SG,SG,$0,,33.03,2.99,3.17,4.45,5.89,3.63,3.88,3.92,5.08,3.67,1.42,2.79,3.17,5.89,5.42,3.01,2.84,3.62,3.02,2.56,2.47,2.49,4.46,3.73,4.66,5.03
273,Marreese Speights,PF/C,PF,PF/C,$0,AVOID,33.01,3.03,4.29,3.84,4.03,3.26,4.60,5.01,4.95,3.04,1.41,3.09,3.13,4.00,4.75,3.50,3.40,4.90,3.98,4.36,3.65,3.65,4.75,3.83,4.61,4.55
274,Drew Gooden,PF/C,PF,PF/C,$0,AVOID,32.98,2.96,4.16,4.04,4.20,3.60,4.40,4.62,5.01,3.33,1.21,2.81,2.97,4.19,4.70,3.81,3.71,4.71,3.88,3.23,3.30,3.37,4.39,3.79,4.61,4.66
275,Anthony Randolph,PF/C,PF,PF,$0,B-CARE,32.94,2.80,3.95,3.89,4.01,3.49,5.07,4.98,4.75,3.19,0.60,2.67,2.73,3.96,5.01,3.70,3.66,4.44,3.73,3.07,3.25,3.25,4.70,3.79,4.61,4.53
276,Darius Miller,SF/PF,SF,SF,$0,D-SLEEP,32.90,2.63,3.46,4.12,5.11,3.83,4.23,4.41,5.11,3.03,1.45,2.37,2.61,5.15,4.72,3.22,3.06,4.01,3.24,3.21,2.44,2.36,4.89,3.72,4.61,4.95
277,Tyler Hansbrough,PF/C,PF,PF,$0,AVOID,32.89,3.20,4.22,3.80,4.00,4.03,4.12,4.36,5.15,3.04,1.84,2.89,3.13,3.95,5.01,4.48,4.40,5.00,3.81,4.02,3.47,3.69,3.78,3.75,4.61,4.50
278,Nolan Smith,PG,PG,SG,$0,,32.87,2.84,3.33,4.68,4.60,4.08,4.02,4.15,5.18,3.87,1.50,2.71,3.02,4.70,3.85,3.43,3.27,3.94,3.08,3.19,3.00,3.08,4.30,3.73,4.63,5.23
279,John Lucas,PG,PG,PG,$0,,32.87,3.11,3.13,4.39,5.53,3.67,3.79,4.05,5.20,3.18,0.70,2.91,3.25,5.52,5.36,3.32,3.14,3.66,2.93,2.22,2.76,2.81,4.36,3.74,4.63,5.24
280,Brian Roberts,PG,PG,PG,$0,,32.77,2.96,3.06,4.62,4.89,3.77,3.79,4.48,5.21,3.74,0.70,2.72,2.93,4.89,5.02,3.61,3.45,3.49,2.93,3.34,2.88,2.87,4.65,3.74,4.63,5.21
281,Jermaine O'Neal,C,C,C,$0,,32.73,2.45,4.09,3.82,4.01,3.29,5.51,4.88,4.69,2.91,1.42,2.34,2.43,3.96,5.01,3.30,3.25,4.36,3.99,4.36,2.94,2.93,4.64,3.86,4.61,4.59
282,AJ Price,PG,PG,PG,$0,,32.73,2.97,3.19,4.83,5.12,4.19,3.79,3.58,5.06,3.72,1.92,2.75,3.24,5.26,3.82,3.46,3.33,3.66,3.02,2.53,2.80,2.96,3.89,3.73,4.63,5.52
283,Austin Daye,SF/PF,SF,SF/PF,$0,D-SLEEP/ B-CARE,32.73,2.69,3.59,3.92,4.86,3.58,4.58,4.41,5.10,3.12,0.93,2.48,2.72,4.85,5.00,3.28,3.13,3.83,3.54,3.15,2.67,2.67,4.59,3.71,4.61,4.61
284,Beno Udrih,PG,PG,PG/SG,$0,,32.60,2.82,3.19,4.91,4.37,3.86,3.78,4.70,4.97,3.71,1.47,2.80,2.94,4.41,4.32,3.26,3.14,3.67,3.02,2.70,3.20,3.19,4.76,3.73,4.62,5.63
285,Will Bynum,PG,PG,PG,$0,,32.58,3.07,3.20,4.47,4.34,4.18,3.86,4.31,5.14,4.01,1.31,2.89,3.14,4.44,3.79,3.88,3.77,3.66,3.03,3.18,3.30,3.39,4.31,3.74,4.63,4.85
286,Rashard Lewis,SF/PF,PF,SF/PF,$0,AVOID,32.58,2.68,3.63,3.78,5.05,3.66,4.21,4.45,5.11,2.87,1.30,2.48,2.70,5.05,5.00,3.16,3.00,4.04,3.48,2.64,2.57,2.52,4.80,3.74,4.61,4.56
287,Timofey Mozgov,C,C,C,$0,D-SLEEP,32.50,2.49,3.89,3.78,4.01,3.29,4.92,5.32,4.80,2.91,0.60,2.42,2.38,3.96,5.01,3.27,3.19,4.36,3.68,3.55,3.01,2.88,5.25,3.86,4.61,4.54
288,Linas Kleiza,SF,SF,SF/PF,$0,,32.44,3.11,3.74,3.92,5.11,3.39,3.95,4.22,4.99,3.28,1.39,2.93,3.22,5.22,4.09,3.50,3.39,4.01,3.66,3.52,2.97,2.96,4.69,3.71,4.61,4.52
289,Epke Udoh,PF/C,PF,PF/C,$0,,32.41,2.29,3.72,3.85,4.01,3.49,5.44,4.86,4.75,2.64,0.60,2.11,2.21,3.96,5.01,3.31,3.25,4.44,3.37,3.55,2.72,2.70,4.65,3.79,4.61,4.80
290,Eric Maynor,PG,PG,PG,$0,,32.41,2.59,3.19,4.83,4.71,3.87,3.86,4.32,5.03,3.58,1.18,2.42,2.68,4.70,5.02,3.20,3.06,3.66,3.02,3.03,2.68,2.73,4.35,3.73,4.63,5.60
291,Grant Hill,SF/PF,SF,SF,$0,AVOID,32.34,2.81,3.49,4.07,4.37,3.60,4.17,4.76,5.08,2.75,1.42,2.74,2.86,4.35,4.92,3.39,3.25,3.75,3.42,2.45,3.15,3.14,4.68,3.71,4.61,5.04
292,Bernard James,PF/C,C,C,$0,,32.31,2.30,3.95,3.67,4.00,3.27,5.53,5.26,4.31,2.22,-0.24,2.15,2.14,3.95,5.02,3.25,3.29,4.80,3.53,3.55,2.76,2.63,5.20,3.74,4.61,4.79
293,Corey Maggette,SF/PF,SF,SF,$0,AVOID,32.30,3.08,3.41,3.96,4.41,3.43,3.89,4.56,5.56,3.13,0.54,2.68,2.86,4.41,4.71,4.32,4.12,3.81,3.28,2.92,3.07,3.11,4.50,3.72,4.61,4.67
294,Maalik Wayns,SG,PG,PG,$0,,32.24,2.85,3.15,4.71,4.68,3.64,3.78,4.13,5.28,4.01,1.04,2.51,2.82,4.79,3.85,3.84,3.69,3.57,3.02,3.04,2.77,2.82,4.39,3.73,4.62,5.19
295,Norris Cole,PG,PG,PG,$0,,32.19,3.03,3.12,4.51,4.44,4.19,3.86,3.94,5.11,4.01,1.90,2.99,3.36,4.50,4.14,3.49,3.35,3.67,2.91,3.55,3.35,3.58,3.73,3.72,4.62,4.92
296,Daequan Cook,SG,SG,SG,$0,,32.16,2.77,3.44,3.79,5.84,3.40,3.96,3.96,5.01,2.33,1.41,2.51,2.88,5.94,4.53,2.96,2.80,3.60,3.44,2.20,2.23,2.15,4.84,3.72,4.65,4.89
297,Chris Copeland,SF,SF,SF,$0,,32.10,2.69,3.34,3.78,4.53,3.48,4.37,4.70,5.21,3.12,0.16,2.52,2.67,4.51,5.00,3.40,3.23,3.75,3.20,2.85,2.86,2.83,4.74,3.71,4.61,4.42
298,Cartier Martin,SG/SF,SF,SG/SF,$0,,32.09,2.68,3.35,3.78,5.21,3.49,4.02,4.62,4.94,2.34,0.59,2.47,2.64,5.13,5.85,3.11,2.99,3.84,3.16,2.28,2.48,2.40,4.90,3.71,4.61,4.88
299,Dante Cunningham,PF,PF,PF,$0,,32.00,2.36,3.89,3.78,4.06,3.60,4.40,5.13,4.79,2.36,0.60,2.28,2.30,4.05,4.59,3.13,3.04,4.27,3.73,2.91,2.85,2.73,5.15,3.79,4.61,4.86
300,Jordan Hill,PF/C,C,PF/C,$0,,32.00,2.38,4.08,3.74,4.00,3.17,4.77,5.13,4.72,2.61,0.14,2.27,2.29,3.95,5.02,3.26,3.19,4.63,3.82,2.94,2.87,2.79,4.98,3.81,4.61,4.66
301,Samardo Samuels,PF,PF,PF,$0,D-SLEEP,31.99,2.77,4.02,3.82,4.01,3.49,4.63,4.85,4.39,3.33,1.01,2.58,2.68,3.96,5.01,3.81,3.87,4.62,3.73,4.68,3.16,3.19,4.55,3.79,4.61,4.35
302,Doron Lamb,PG,SG,SG,$0,D-SLEEP,31.92,2.71,3.05,4.01,5.02,3.33,3.89,4.71,5.19,2.98,0.61,2.43,2.57,4.96,5.67,3.39,3.22,3.54,2.88,3.05,2.54,2.45,4.96,3.74,4.67,4.82
303,Charlie Villanueva,PF,PF,SF/PF,$0,AVOID,31.91,2.61,3.60,3.77,4.97,3.33,4.40,4.18,5.04,2.58,0.39,2.45,2.76,5.03,4.46,3.05,2.89,3.94,3.48,3.10,2.58,2.59,4.51,3.76,4.61,4.73
304,Devin Ebanks,SG/SF,SF,SF,$0,,31.91,2.63,3.67,3.86,4.19,3.94,4.37,4.46,4.79,2.88,1.86,2.43,2.65,4.24,4.16,3.59,3.54,4.65,3.18,2.55,2.94,2.99,4.39,3.72,4.61,4.66
305,Ronny Turiaf,PF/C,C,PF/C,$0,,31.82,2.05,3.77,3.77,4.00,3.51,4.97,5.17,4.57,2.58,0.39,1.81,1.83,3.95,5.01,3.19,3.16,4.25,3.57,3.38,2.43,2.30,5.15,3.76,4.61,4.73
306,Nazr Mohammed,C,C,C,$0,,31.76,2.29,3.89,3.74,4.01,3.39,4.70,5.01,4.73,2.64,0.60,2.24,2.30,3.96,5.01,3.02,2.93,4.53,3.57,3.72,2.84,2.79,4.84,3.79,4.61,4.65
307,Steve Blake,PG,PG,PG,$0,AVOID,31.73,2.47,3.05,4.38,5.07,3.65,3.79,4.21,5.11,3.30,1.50,2.22,2.51,5.07,5.01,3.07,2.90,3.48,2.92,1.87,2.31,2.31,4.51,3.73,4.63,5.15
308,Perry Jones,SF/PF,SF,SF,$0,,31.73,2.47,3.60,3.97,4.26,3.52,4.23,4.87,4.81,3.58,0.63,2.29,2.39,4.25,4.76,3.35,3.27,4.28,3.29,2.88,2.77,2.70,4.89,3.72,4.61,4.43
309,Jeremy Evans,SF/PF,PF,SF,$0,,31.72,2.07,3.38,3.78,4.00,3.17,5.05,5.51,4.77,2.09,-0.63,1.92,1.83,3.95,5.02,3.04,2.95,4.21,2.99,2.04,2.54,2.30,5.60,3.74,4.61,5.02
310,Francisco Garcia,SG/SF,SF,SG/SF,$0,AVOID,31.72,2.32,3.25,3.84,4.83,3.62,4.46,4.30,5.08,2.32,0.41,2.09,2.36,4.95,3.83,3.00,2.83,3.58,3.16,2.29,2.31,2.23,4.86,3.71,4.61,4.98
311,Omri Casspi,SF,SF,SG/SF,$0,AVOID,31.71,2.57,3.59,3.93,4.80,3.61,3.98,4.37,4.86,2.73,1.00,2.39,2.64,4.88,4.13,3.15,3.05,4.00,3.44,2.54,2.61,2.57,4.76,3.71,4.61,4.85
312,Shelvin Mack,PG,PG,PG,$0,,31.70,2.55,3.20,4.54,4.42,3.77,3.86,4.41,4.95,3.18,0.70,2.31,2.55,4.44,4.55,3.45,3.35,3.57,3.08,2.22,2.72,2.76,4.41,3.74,4.63,5.44
313,Toney Douglas,PG/SG,PG,PG/SG,$0,AVOID,31.65,2.51,3.10,4.18,4.83,3.75,3.85,4.26,5.16,2.91,0.14,2.30,2.58,4.90,4.35,3.14,2.96,3.62,2.91,2.31,2.51,2.50,4.59,3.72,4.62,5.10
314,Martell Webster,SG/SF,SF,SG/SF,$0,,31.64,2.62,3.34,3.85,4.94,3.38,4.02,4.45,5.04,2.73,0.93,2.39,2.61,4.94,5.00,3.22,3.08,3.66,3.25,2.70,2.54,2.51,4.73,3.71,4.61,4.74
315,Shaun Livingston,PG/SG,SG,PG/SG,$0,,31.61,2.40,3.19,4.30,4.13,3.54,4.11,4.87,5.07,3.12,0.61,2.26,2.36,4.10,4.85,3.27,3.12,3.72,2.98,2.25,2.80,2.77,4.76,3.74,4.67,5.15
316,Nando De Colo,PG/SG,PG,SG,$0,,31.60,2.50,2.93,4.17,4.70,3.67,3.79,4.58,5.26,3.04,-0.12,2.25,2.44,4.71,4.86,3.28,3.09,3.49,2.72,3.82,2.52,2.47,4.80,3.74,4.63,5.01
317,Luke Babbit,SF,SF,SF,$0,D-SLEEP,31.58,2.59,3.46,3.86,5.21,3.19,3.99,4.22,5.08,2.60,0.60,2.36,2.65,5.16,5.54,3.06,2.89,3.73,3.39,2.22,2.38,2.40,4.43,3.72,4.61,4.83
318,Will Barton,SG,SG,SG,$0,D-SLEEP,31.57,2.57,3.38,3.92,4.57,3.63,4.04,4.50,4.95,3.10,0.58,2.35,2.56,4.59,4.57,3.38,3.26,3.90,3.18,2.23,2.68,2.67,4.64,3.73,4.66,4.63
319,Darko Milicic,C,C,C,$0,AVOID,31.50,2.35,3.72,3.85,4.01,3.18,5.00,4.89,4.50,3.05,0.60,2.29,2.38,3.96,5.01,3.11,3.09,4.36,3.42,4.04,2.89,2.88,4.66,3.79,4.61,4.56
320,Richard Jefferson,SF,SF,SF,$0,AVOID,31.49,2.50,3.32,3.89,5.04,3.30,3.99,4.47,4.98,2.46,0.60,2.23,2.46,5.02,5.23,3.14,3.00,3.64,3.23,2.39,2.34,2.28,4.79,3.72,4.61,4.97
321,Joel Freeland,SF/PF,PF,PF,$0,D-SLEEP,31.49,2.48,3.70,3.78,4.20,3.27,4.14,5.00,4.93,2.61,0.14,2.39,2.44,4.21,4.53,3.21,3.09,4.12,3.53,2.79,2.89,2.79,5.07,3.74,4.61,4.71
322,Willie Green,SG,SG,SG,$0,,31.48,2.65,3.10,3.89,4.62,3.53,3.88,4.70,5.11,2.53,0.58,2.52,2.67,4.64,4.69,3.21,3.05,3.62,2.91,2.23,2.82,2.75,4.90,3.73,4.66,4.91
323,Jared Jeffries,PF/C,PF,SF/PF,$0,AVOID,31.48,2.16,3.72,3.89,4.01,4.01,4.55,4.65,4.49,2.50,1.01,1.96,2.13,4.05,4.10,3.21,3.19,4.44,3.37,3.72,2.58,2.56,4.64,3.79,4.61,4.94
324,Anthony Tolliver,PF/C,PF,PF/C,$0,,31.48,2.29,3.55,3.85,4.54,3.29,4.33,4.67,4.96,2.50,0.60,2.03,2.19,4.55,4.69,3.22,3.09,4.18,3.27,2.43,2.38,2.30,4.90,3.79,4.61,4.89
325,Jason Maxiell,PF,C,PF/C,$0,AVOID,31.44,2.40,3.87,3.81,4.01,3.38,4.54,5.13,4.29,2.91,0.99,2.32,2.34,3.96,5.01,3.20,3.24,4.71,3.45,3.37,2.92,2.84,4.99,3.84,4.61,4.59
326,Aaron Gray,C,C,C,$0,,31.42,2.16,3.94,3.77,4.01,3.27,4.46,5.18,4.62,2.62,0.57,2.05,2.06,3.96,5.01,3.03,2.97,4.44,3.72,4.03,2.66,2.54,5.11,3.78,4.61,4.70
327,Maurice Harkless,SF,SF,SF,$0,AVOID,31.41,2.46,3.60,3.84,4.28,3.71,4.27,4.51,4.74,3.04,0.41,2.30,2.50,4.34,4.10,3.30,3.23,4.12,3.38,2.15,2.77,2.77,4.57,3.71,4.61,4.56
328,Kyle Singler,SF,SF,SF,$0,D-SLEEP,31.40,2.45,3.37,3.91,4.60,3.35,4.02,4.69,5.01,3.04,0.41,2.21,2.36,4.57,5.14,3.28,3.14,3.97,3.12,2.43,2.53,2.48,4.80,3.71,4.61,4.64
329,Ronnie Price,PG/SG,PG,PG,$0,,31.33,2.29,3.09,4.30,4.46,3.91,3.85,4.39,5.03,3.26,0.11,2.05,2.29,4.49,4.41,3.19,3.05,3.69,2.86,3.24,2.44,2.45,4.51,3.73,4.62,5.07
330,Pablo Prigioni,PG/SG,PG,SG,$0,,31.26,2.15,2.91,4.38,4.53,3.65,3.79,4.64,5.20,2.87,-0.19,1.84,2.01,4.52,4.90,3.19,3.00,3.48,2.71,1.87,2.21,2.14,4.83,3.73,4.63,5.40
